domain,"domain_type","domain_wc","match_depth","sort_order"
"*.airflow.cn-north-1.on.amazonwebservices.com.cn",PRIVATE,"*.airflow.cn-north-1.on.amazonwebservices.com.cn",8,5
"*.airflow.cn-north-1.on.amazonwebservices.com.cn",PRIVATE,"airflow.cn-north-1.on.amazonwebservices.com.cn",8,5
"*.airflow.cn-northwest-1.on.amazonwebservices.com.cn",PRIVATE,"*.airflow.cn-northwest-1.on.amazonwebservices.com.cn",8,5
"*.airflow.cn-northwest-1.on.amazonwebservices.com.cn",PRIVATE,"airflow.cn-northwest-1.on.amazonwebservices.com.cn",8,5
"s3.dualstack.cn-north-1.amazonaws.com.cn",PRIVATE,"*.s3.dualstack.cn-north-1.amazonaws.com.cn",7,5
"s3.dualstack.cn-north-1.amazonaws.com.cn",PRIVATE,"s3.dualstack.cn-north-1.amazonaws.com.cn",7,5
"s3-accesspoint.dualstack.cn-north-1.amazonaws.com.cn",PRIVATE,"*.s3-accesspoint.dualstack.cn-north-1.amazonaws.com.cn",7,5
"s3-accesspoint.dualstack.cn-north-1.amazonaws.com.cn",PRIVATE,"s3-accesspoint.dualstack.cn-north-1.amazonaws.com.cn",7,5
"s3-website.dualstack.cn-north-1.amazonaws.com.cn",PRIVATE,"*.s3-website.dualstack.cn-north-1.amazonaws.com.cn",7,5
"s3-website.dualstack.cn-north-1.amazonaws.com.cn",PRIVATE,"s3-website.dualstack.cn-north-1.amazonaws.com.cn",7,5
"s3.dualstack.cn-northwest-1.amazonaws.com.cn",PRIVATE,"*.s3.dualstack.cn-northwest-1.amazonaws.com.cn",7,5
"s3.dualstack.cn-northwest-1.amazonaws.com.cn",PRIVATE,"s3.dualstack.cn-northwest-1.amazonaws.com.cn",7,5
"s3-accesspoint.dualstack.cn-northwest-1.amazonaws.com.cn",PRIVATE,"*.s3-accesspoint.dualstack.cn-northwest-1.amazonaws.com.cn",7,5
"s3-accesspoint.dualstack.cn-northwest-1.amazonaws.com.cn",PRIVATE,"s3-accesspoint.dualstack.cn-northwest-1.amazonaws.com.cn",7,5
"transfer-webapp.cn-north-1.on.amazonwebservices.com.cn",PRIVATE,"*.transfer-webapp.cn-north-1.on.amazonwebservices.com.cn",7,5
"transfer-webapp.cn-north-1.on.amazonwebservices.com.cn",PRIVATE,"transfer-webapp.cn-north-1.on.amazonwebservices.com.cn",7,5
"transfer-webapp.cn-northwest-1.on.amazonwebservices.com.cn",PRIVATE,"*.transfer-webapp.cn-northwest-1.on.amazonwebservices.com.cn",7,5
"transfer-webapp.cn-northwest-1.on.amazonwebservices.com.cn",PRIVATE,"transfer-webapp.cn-northwest-1.on.amazonwebservices.com.cn",7,5
"*.001.test.code-builder-stg.platform.salesforce.com",PRIVATE,"*.001.test.code-builder-stg.platform.salesforce.com",8,5
"*.001.test.code-builder-stg.platform.salesforce.com",PRIVATE,"001.test.code-builder-stg.platform.salesforce.com",8,5
"execute-api.cn-north-1.amazonaws.com.cn",PRIVATE,"*.execute-api.cn-north-1.amazonaws.com.cn",6,4
"execute-api.cn-north-1.amazonaws.com.cn",PRIVATE,"execute-api.cn-north-1.amazonaws.com.cn",6,4
"execute-api.cn-northwest-1.amazonaws.com.cn",PRIVATE,"*.execute-api.cn-northwest-1.amazonaws.com.cn",6,4
"execute-api.cn-northwest-1.amazonaws.com.cn",PRIVATE,"execute-api.cn-northwest-1.amazonaws.com.cn",6,4
"emrappui-prod.cn-north-1.amazonaws.com.cn",PRIVATE,"*.emrappui-prod.cn-north-1.amazonaws.com.cn",6,4
"emrappui-prod.cn-north-1.amazonaws.com.cn",PRIVATE,"emrappui-prod.cn-north-1.amazonaws.com.cn",6,4
"emrnotebooks-prod.cn-north-1.amazonaws.com.cn",PRIVATE,"*.emrnotebooks-prod.cn-north-1.amazonaws.com.cn",6,4
"emrnotebooks-prod.cn-north-1.amazonaws.com.cn",PRIVATE,"emrnotebooks-prod.cn-north-1.amazonaws.com.cn",6,4
"emrstudio-prod.cn-north-1.amazonaws.com.cn",PRIVATE,"*.emrstudio-prod.cn-north-1.amazonaws.com.cn",6,4
"emrstudio-prod.cn-north-1.amazonaws.com.cn",PRIVATE,"emrstudio-prod.cn-north-1.amazonaws.com.cn",6,4
"emrappui-prod.cn-northwest-1.amazonaws.com.cn",PRIVATE,"*.emrappui-prod.cn-northwest-1.amazonaws.com.cn",6,4
"emrappui-prod.cn-northwest-1.amazonaws.com.cn",PRIVATE,"emrappui-prod.cn-northwest-1.amazonaws.com.cn",6,4
"emrnotebooks-prod.cn-northwest-1.amazonaws.com.cn",PRIVATE,"*.emrnotebooks-prod.cn-northwest-1.amazonaws.com.cn",6,4
"emrnotebooks-prod.cn-northwest-1.amazonaws.com.cn",PRIVATE,"emrnotebooks-prod.cn-northwest-1.amazonaws.com.cn",6,4
"emrstudio-prod.cn-northwest-1.amazonaws.com.cn",PRIVATE,"*.emrstudio-prod.cn-northwest-1.amazonaws.com.cn",6,4
"emrstudio-prod.cn-northwest-1.amazonaws.com.cn",PRIVATE,"emrstudio-prod.cn-northwest-1.amazonaws.com.cn",6,4
"*.cn-north-1.airflow.amazonaws.com.cn",PRIVATE,"*.cn-north-1.airflow.amazonaws.com.cn",7,4
"*.cn-north-1.airflow.amazonaws.com.cn",PRIVATE,"cn-north-1.airflow.amazonaws.com.cn",7,4
"*.cn-northwest-1.airflow.amazonaws.com.cn",PRIVATE,"*.cn-northwest-1.airflow.amazonaws.com.cn",7,4
"*.cn-northwest-1.airflow.amazonaws.com.cn",PRIVATE,"cn-northwest-1.airflow.amazonaws.com.cn",7,4
"s3.cn-north-1.amazonaws.com.cn",PRIVATE,"*.s3.cn-north-1.amazonaws.com.cn",6,4
"s3.cn-north-1.amazonaws.com.cn",PRIVATE,"s3.cn-north-1.amazonaws.com.cn",6,4
"s3-accesspoint.cn-north-1.amazonaws.com.cn",PRIVATE,"*.s3-accesspoint.cn-north-1.amazonaws.com.cn",6,4
"s3-accesspoint.cn-north-1.amazonaws.com.cn",PRIVATE,"s3-accesspoint.cn-north-1.amazonaws.com.cn",6,4
"s3-deprecated.cn-north-1.amazonaws.com.cn",PRIVATE,"*.s3-deprecated.cn-north-1.amazonaws.com.cn",6,4
"s3-deprecated.cn-north-1.amazonaws.com.cn",PRIVATE,"s3-deprecated.cn-north-1.amazonaws.com.cn",6,4
"s3-object-lambda.cn-north-1.amazonaws.com.cn",PRIVATE,"*.s3-object-lambda.cn-north-1.amazonaws.com.cn",6,4
"s3-object-lambda.cn-north-1.amazonaws.com.cn",PRIVATE,"s3-object-lambda.cn-north-1.amazonaws.com.cn",6,4
"s3-website.cn-north-1.amazonaws.com.cn",PRIVATE,"*.s3-website.cn-north-1.amazonaws.com.cn",6,4
"s3-website.cn-north-1.amazonaws.com.cn",PRIVATE,"s3-website.cn-north-1.amazonaws.com.cn",6,4
"s3.cn-northwest-1.amazonaws.com.cn",PRIVATE,"*.s3.cn-northwest-1.amazonaws.com.cn",6,4
"s3.cn-northwest-1.amazonaws.com.cn",PRIVATE,"s3.cn-northwest-1.amazonaws.com.cn",6,4
"s3-accesspoint.cn-northwest-1.amazonaws.com.cn",PRIVATE,"*.s3-accesspoint.cn-northwest-1.amazonaws.com.cn",6,4
"s3-accesspoint.cn-northwest-1.amazonaws.com.cn",PRIVATE,"s3-accesspoint.cn-northwest-1.amazonaws.com.cn",6,4
"s3-object-lambda.cn-northwest-1.amazonaws.com.cn",PRIVATE,"*.s3-object-lambda.cn-northwest-1.amazonaws.com.cn",6,4
"s3-object-lambda.cn-northwest-1.amazonaws.com.cn",PRIVATE,"s3-object-lambda.cn-northwest-1.amazonaws.com.cn",6,4
"s3-website.cn-northwest-1.amazonaws.com.cn",PRIVATE,"*.s3-website.cn-northwest-1.amazonaws.com.cn",6,4
"s3-website.cn-northwest-1.amazonaws.com.cn",PRIVATE,"s3-website.cn-northwest-1.amazonaws.com.cn",6,4
"s3.dualstack.af-south-1.amazonaws.com",PRIVATE,"*.s3.dualstack.af-south-1.amazonaws.com",6,4
"s3.dualstack.af-south-1.amazonaws.com",PRIVATE,"s3.dualstack.af-south-1.amazonaws.com",6,4
"s3-accesspoint.dualstack.af-south-1.amazonaws.com",PRIVATE,"*.s3-accesspoint.dualstack.af-south-1.amazonaws.com",6,4
"s3-accesspoint.dualstack.af-south-1.amazonaws.com",PRIVATE,"s3-accesspoint.dualstack.af-south-1.amazonaws.com",6,4
"s3-website.dualstack.af-south-1.amazonaws.com",PRIVATE,"*.s3-website.dualstack.af-south-1.amazonaws.com",6,4
"s3-website.dualstack.af-south-1.amazonaws.com",PRIVATE,"s3-website.dualstack.af-south-1.amazonaws.com",6,4
"s3.dualstack.ap-east-1.amazonaws.com",PRIVATE,"*.s3.dualstack.ap-east-1.amazonaws.com",6,4
"s3.dualstack.ap-east-1.amazonaws.com",PRIVATE,"s3.dualstack.ap-east-1.amazonaws.com",6,4
"s3-accesspoint.dualstack.ap-east-1.amazonaws.com",PRIVATE,"*.s3-accesspoint.dualstack.ap-east-1.amazonaws.com",6,4
"s3-accesspoint.dualstack.ap-east-1.amazonaws.com",PRIVATE,"s3-accesspoint.dualstack.ap-east-1.amazonaws.com",6,4
"s3.dualstack.ap-northeast-1.amazonaws.com",PRIVATE,"*.s3.dualstack.ap-northeast-1.amazonaws.com",6,4
"s3.dualstack.ap-northeast-1.amazonaws.com",PRIVATE,"s3.dualstack.ap-northeast-1.amazonaws.com",6,4
"s3-accesspoint.dualstack.ap-northeast-1.amazonaws.com",PRIVATE,"*.s3-accesspoint.dualstack.ap-northeast-1.amazonaws.com",6,4
"s3-accesspoint.dualstack.ap-northeast-1.amazonaws.com",PRIVATE,"s3-accesspoint.dualstack.ap-northeast-1.amazonaws.com",6,4
"s3-website.dualstack.ap-northeast-1.amazonaws.com",PRIVATE,"*.s3-website.dualstack.ap-northeast-1.amazonaws.com",6,4
"s3-website.dualstack.ap-northeast-1.amazonaws.com",PRIVATE,"s3-website.dualstack.ap-northeast-1.amazonaws.com",6,4
"s3.dualstack.ap-northeast-2.amazonaws.com",PRIVATE,"*.s3.dualstack.ap-northeast-2.amazonaws.com",6,4
"s3.dualstack.ap-northeast-2.amazonaws.com",PRIVATE,"s3.dualstack.ap-northeast-2.amazonaws.com",6,4
"s3-accesspoint.dualstack.ap-northeast-2.amazonaws.com",PRIVATE,"*.s3-accesspoint.dualstack.ap-northeast-2.amazonaws.com",6,4
"s3-accesspoint.dualstack.ap-northeast-2.amazonaws.com",PRIVATE,"s3-accesspoint.dualstack.ap-northeast-2.amazonaws.com",6,4
"s3-website.dualstack.ap-northeast-2.amazonaws.com",PRIVATE,"*.s3-website.dualstack.ap-northeast-2.amazonaws.com",6,4
"s3-website.dualstack.ap-northeast-2.amazonaws.com",PRIVATE,"s3-website.dualstack.ap-northeast-2.amazonaws.com",6,4
"s3.dualstack.ap-northeast-3.amazonaws.com",PRIVATE,"*.s3.dualstack.ap-northeast-3.amazonaws.com",6,4
"s3.dualstack.ap-northeast-3.amazonaws.com",PRIVATE,"s3.dualstack.ap-northeast-3.amazonaws.com",6,4
"s3-accesspoint.dualstack.ap-northeast-3.amazonaws.com",PRIVATE,"*.s3-accesspoint.dualstack.ap-northeast-3.amazonaws.com",6,4
"s3-accesspoint.dualstack.ap-northeast-3.amazonaws.com",PRIVATE,"s3-accesspoint.dualstack.ap-northeast-3.amazonaws.com",6,4
"s3-website.dualstack.ap-northeast-3.amazonaws.com",PRIVATE,"*.s3-website.dualstack.ap-northeast-3.amazonaws.com",6,4
"s3-website.dualstack.ap-northeast-3.amazonaws.com",PRIVATE,"s3-website.dualstack.ap-northeast-3.amazonaws.com",6,4
"s3.dualstack.ap-south-1.amazonaws.com",PRIVATE,"*.s3.dualstack.ap-south-1.amazonaws.com",6,4
"s3.dualstack.ap-south-1.amazonaws.com",PRIVATE,"s3.dualstack.ap-south-1.amazonaws.com",6,4
"s3-accesspoint.dualstack.ap-south-1.amazonaws.com",PRIVATE,"*.s3-accesspoint.dualstack.ap-south-1.amazonaws.com",6,4
"s3-accesspoint.dualstack.ap-south-1.amazonaws.com",PRIVATE,"s3-accesspoint.dualstack.ap-south-1.amazonaws.com",6,4
"s3-website.dualstack.ap-south-1.amazonaws.com",PRIVATE,"*.s3-website.dualstack.ap-south-1.amazonaws.com",6,4
"s3-website.dualstack.ap-south-1.amazonaws.com",PRIVATE,"s3-website.dualstack.ap-south-1.amazonaws.com",6,4
"s3.dualstack.ap-south-2.amazonaws.com",PRIVATE,"*.s3.dualstack.ap-south-2.amazonaws.com",6,4
"s3.dualstack.ap-south-2.amazonaws.com",PRIVATE,"s3.dualstack.ap-south-2.amazonaws.com",6,4
"s3-accesspoint.dualstack.ap-south-2.amazonaws.com",PRIVATE,"*.s3-accesspoint.dualstack.ap-south-2.amazonaws.com",6,4
"s3-accesspoint.dualstack.ap-south-2.amazonaws.com",PRIVATE,"s3-accesspoint.dualstack.ap-south-2.amazonaws.com",6,4
"s3-website.dualstack.ap-south-2.amazonaws.com",PRIVATE,"*.s3-website.dualstack.ap-south-2.amazonaws.com",6,4
"s3-website.dualstack.ap-south-2.amazonaws.com",PRIVATE,"s3-website.dualstack.ap-south-2.amazonaws.com",6,4
"s3.dualstack.ap-southeast-1.amazonaws.com",PRIVATE,"*.s3.dualstack.ap-southeast-1.amazonaws.com",6,4
"s3.dualstack.ap-southeast-1.amazonaws.com",PRIVATE,"s3.dualstack.ap-southeast-1.amazonaws.com",6,4
"s3-accesspoint.dualstack.ap-southeast-1.amazonaws.com",PRIVATE,"*.s3-accesspoint.dualstack.ap-southeast-1.amazonaws.com",6,4
"s3-accesspoint.dualstack.ap-southeast-1.amazonaws.com",PRIVATE,"s3-accesspoint.dualstack.ap-southeast-1.amazonaws.com",6,4
"s3-website.dualstack.ap-southeast-1.amazonaws.com",PRIVATE,"*.s3-website.dualstack.ap-southeast-1.amazonaws.com",6,4
"s3-website.dualstack.ap-southeast-1.amazonaws.com",PRIVATE,"s3-website.dualstack.ap-southeast-1.amazonaws.com",6,4
"s3.dualstack.ap-southeast-2.amazonaws.com",PRIVATE,"*.s3.dualstack.ap-southeast-2.amazonaws.com",6,4
"s3.dualstack.ap-southeast-2.amazonaws.com",PRIVATE,"s3.dualstack.ap-southeast-2.amazonaws.com",6,4
"s3-accesspoint.dualstack.ap-southeast-2.amazonaws.com",PRIVATE,"*.s3-accesspoint.dualstack.ap-southeast-2.amazonaws.com",6,4
"s3-accesspoint.dualstack.ap-southeast-2.amazonaws.com",PRIVATE,"s3-accesspoint.dualstack.ap-southeast-2.amazonaws.com",6,4
"s3-website.dualstack.ap-southeast-2.amazonaws.com",PRIVATE,"*.s3-website.dualstack.ap-southeast-2.amazonaws.com",6,4
"s3-website.dualstack.ap-southeast-2.amazonaws.com",PRIVATE,"s3-website.dualstack.ap-southeast-2.amazonaws.com",6,4
"s3.dualstack.ap-southeast-3.amazonaws.com",PRIVATE,"*.s3.dualstack.ap-southeast-3.amazonaws.com",6,4
"s3.dualstack.ap-southeast-3.amazonaws.com",PRIVATE,"s3.dualstack.ap-southeast-3.amazonaws.com",6,4
"s3-accesspoint.dualstack.ap-southeast-3.amazonaws.com",PRIVATE,"*.s3-accesspoint.dualstack.ap-southeast-3.amazonaws.com",6,4
"s3-accesspoint.dualstack.ap-southeast-3.amazonaws.com",PRIVATE,"s3-accesspoint.dualstack.ap-southeast-3.amazonaws.com",6,4
"s3-website.dualstack.ap-southeast-3.amazonaws.com",PRIVATE,"*.s3-website.dualstack.ap-southeast-3.amazonaws.com",6,4
"s3-website.dualstack.ap-southeast-3.amazonaws.com",PRIVATE,"s3-website.dualstack.ap-southeast-3.amazonaws.com",6,4
"s3.dualstack.ap-southeast-4.amazonaws.com",PRIVATE,"*.s3.dualstack.ap-southeast-4.amazonaws.com",6,4
"s3.dualstack.ap-southeast-4.amazonaws.com",PRIVATE,"s3.dualstack.ap-southeast-4.amazonaws.com",6,4
"s3-accesspoint.dualstack.ap-southeast-4.amazonaws.com",PRIVATE,"*.s3-accesspoint.dualstack.ap-southeast-4.amazonaws.com",6,4
"s3-accesspoint.dualstack.ap-southeast-4.amazonaws.com",PRIVATE,"s3-accesspoint.dualstack.ap-southeast-4.amazonaws.com",6,4
"s3-website.dualstack.ap-southeast-4.amazonaws.com",PRIVATE,"*.s3-website.dualstack.ap-southeast-4.amazonaws.com",6,4
"s3-website.dualstack.ap-southeast-4.amazonaws.com",PRIVATE,"s3-website.dualstack.ap-southeast-4.amazonaws.com",6,4
"s3.dualstack.ap-southeast-5.amazonaws.com",PRIVATE,"*.s3.dualstack.ap-southeast-5.amazonaws.com",6,4
"s3.dualstack.ap-southeast-5.amazonaws.com",PRIVATE,"s3.dualstack.ap-southeast-5.amazonaws.com",6,4
"s3-accesspoint.dualstack.ap-southeast-5.amazonaws.com",PRIVATE,"*.s3-accesspoint.dualstack.ap-southeast-5.amazonaws.com",6,4
"s3-accesspoint.dualstack.ap-southeast-5.amazonaws.com",PRIVATE,"s3-accesspoint.dualstack.ap-southeast-5.amazonaws.com",6,4
"s3-website.dualstack.ap-southeast-5.amazonaws.com",PRIVATE,"*.s3-website.dualstack.ap-southeast-5.amazonaws.com",6,4
"s3-website.dualstack.ap-southeast-5.amazonaws.com",PRIVATE,"s3-website.dualstack.ap-southeast-5.amazonaws.com",6,4
"s3.dualstack.ca-central-1.amazonaws.com",PRIVATE,"*.s3.dualstack.ca-central-1.amazonaws.com",6,4
"s3.dualstack.ca-central-1.amazonaws.com",PRIVATE,"s3.dualstack.ca-central-1.amazonaws.com",6,4
"s3-accesspoint.dualstack.ca-central-1.amazonaws.com",PRIVATE,"*.s3-accesspoint.dualstack.ca-central-1.amazonaws.com",6,4
"s3-accesspoint.dualstack.ca-central-1.amazonaws.com",PRIVATE,"s3-accesspoint.dualstack.ca-central-1.amazonaws.com",6,4
"s3-accesspoint-fips.dualstack.ca-central-1.amazonaws.com",PRIVATE,"*.s3-accesspoint-fips.dualstack.ca-central-1.amazonaws.com",6,4
"s3-accesspoint-fips.dualstack.ca-central-1.amazonaws.com",PRIVATE,"s3-accesspoint-fips.dualstack.ca-central-1.amazonaws.com",6,4
"s3-fips.dualstack.ca-central-1.amazonaws.com",PRIVATE,"*.s3-fips.dualstack.ca-central-1.amazonaws.com",6,4
"s3-fips.dualstack.ca-central-1.amazonaws.com",PRIVATE,"s3-fips.dualstack.ca-central-1.amazonaws.com",6,4
"s3-website.dualstack.ca-central-1.amazonaws.com",PRIVATE,"*.s3-website.dualstack.ca-central-1.amazonaws.com",6,4
"s3-website.dualstack.ca-central-1.amazonaws.com",PRIVATE,"s3-website.dualstack.ca-central-1.amazonaws.com",6,4
"s3.dualstack.ca-west-1.amazonaws.com",PRIVATE,"*.s3.dualstack.ca-west-1.amazonaws.com",6,4
"s3.dualstack.ca-west-1.amazonaws.com",PRIVATE,"s3.dualstack.ca-west-1.amazonaws.com",6,4
"s3-accesspoint.dualstack.ca-west-1.amazonaws.com",PRIVATE,"*.s3-accesspoint.dualstack.ca-west-1.amazonaws.com",6,4
"s3-accesspoint.dualstack.ca-west-1.amazonaws.com",PRIVATE,"s3-accesspoint.dualstack.ca-west-1.amazonaws.com",6,4
"s3-accesspoint-fips.dualstack.ca-west-1.amazonaws.com",PRIVATE,"*.s3-accesspoint-fips.dualstack.ca-west-1.amazonaws.com",6,4
"s3-accesspoint-fips.dualstack.ca-west-1.amazonaws.com",PRIVATE,"s3-accesspoint-fips.dualstack.ca-west-1.amazonaws.com",6,4
"s3-fips.dualstack.ca-west-1.amazonaws.com",PRIVATE,"*.s3-fips.dualstack.ca-west-1.amazonaws.com",6,4
"s3-fips.dualstack.ca-west-1.amazonaws.com",PRIVATE,"s3-fips.dualstack.ca-west-1.amazonaws.com",6,4
"s3-website.dualstack.ca-west-1.amazonaws.com",PRIVATE,"*.s3-website.dualstack.ca-west-1.amazonaws.com",6,4
"s3-website.dualstack.ca-west-1.amazonaws.com",PRIVATE,"s3-website.dualstack.ca-west-1.amazonaws.com",6,4
"s3.dualstack.eu-central-1.amazonaws.com",PRIVATE,"*.s3.dualstack.eu-central-1.amazonaws.com",6,4
"s3.dualstack.eu-central-1.amazonaws.com",PRIVATE,"s3.dualstack.eu-central-1.amazonaws.com",6,4
"s3-accesspoint.dualstack.eu-central-1.amazonaws.com",PRIVATE,"*.s3-accesspoint.dualstack.eu-central-1.amazonaws.com",6,4
"s3-accesspoint.dualstack.eu-central-1.amazonaws.com",PRIVATE,"s3-accesspoint.dualstack.eu-central-1.amazonaws.com",6,4
"s3-website.dualstack.eu-central-1.amazonaws.com",PRIVATE,"*.s3-website.dualstack.eu-central-1.amazonaws.com",6,4
"s3-website.dualstack.eu-central-1.amazonaws.com",PRIVATE,"s3-website.dualstack.eu-central-1.amazonaws.com",6,4
"s3.dualstack.eu-central-2.amazonaws.com",PRIVATE,"*.s3.dualstack.eu-central-2.amazonaws.com",6,4
"s3.dualstack.eu-central-2.amazonaws.com",PRIVATE,"s3.dualstack.eu-central-2.amazonaws.com",6,4
"s3-accesspoint.dualstack.eu-central-2.amazonaws.com",PRIVATE,"*.s3-accesspoint.dualstack.eu-central-2.amazonaws.com",6,4
"s3-accesspoint.dualstack.eu-central-2.amazonaws.com",PRIVATE,"s3-accesspoint.dualstack.eu-central-2.amazonaws.com",6,4
"s3-website.dualstack.eu-central-2.amazonaws.com",PRIVATE,"*.s3-website.dualstack.eu-central-2.amazonaws.com",6,4
"s3-website.dualstack.eu-central-2.amazonaws.com",PRIVATE,"s3-website.dualstack.eu-central-2.amazonaws.com",6,4
"s3.dualstack.eu-north-1.amazonaws.com",PRIVATE,"*.s3.dualstack.eu-north-1.amazonaws.com",6,4
"s3.dualstack.eu-north-1.amazonaws.com",PRIVATE,"s3.dualstack.eu-north-1.amazonaws.com",6,4
"s3-accesspoint.dualstack.eu-north-1.amazonaws.com",PRIVATE,"*.s3-accesspoint.dualstack.eu-north-1.amazonaws.com",6,4
"s3-accesspoint.dualstack.eu-north-1.amazonaws.com",PRIVATE,"s3-accesspoint.dualstack.eu-north-1.amazonaws.com",6,4
"s3.dualstack.eu-south-1.amazonaws.com",PRIVATE,"*.s3.dualstack.eu-south-1.amazonaws.com",6,4
"s3.dualstack.eu-south-1.amazonaws.com",PRIVATE,"s3.dualstack.eu-south-1.amazonaws.com",6,4
"s3-accesspoint.dualstack.eu-south-1.amazonaws.com",PRIVATE,"*.s3-accesspoint.dualstack.eu-south-1.amazonaws.com",6,4
"s3-accesspoint.dualstack.eu-south-1.amazonaws.com",PRIVATE,"s3-accesspoint.dualstack.eu-south-1.amazonaws.com",6,4
"s3-website.dualstack.eu-south-1.amazonaws.com",PRIVATE,"*.s3-website.dualstack.eu-south-1.amazonaws.com",6,4
"s3-website.dualstack.eu-south-1.amazonaws.com",PRIVATE,"s3-website.dualstack.eu-south-1.amazonaws.com",6,4
"s3.dualstack.eu-south-2.amazonaws.com",PRIVATE,"*.s3.dualstack.eu-south-2.amazonaws.com",6,4
"s3.dualstack.eu-south-2.amazonaws.com",PRIVATE,"s3.dualstack.eu-south-2.amazonaws.com",6,4
"s3-accesspoint.dualstack.eu-south-2.amazonaws.com",PRIVATE,"*.s3-accesspoint.dualstack.eu-south-2.amazonaws.com",6,4
"s3-accesspoint.dualstack.eu-south-2.amazonaws.com",PRIVATE,"s3-accesspoint.dualstack.eu-south-2.amazonaws.com",6,4
"s3-website.dualstack.eu-south-2.amazonaws.com",PRIVATE,"*.s3-website.dualstack.eu-south-2.amazonaws.com",6,4
"s3-website.dualstack.eu-south-2.amazonaws.com",PRIVATE,"s3-website.dualstack.eu-south-2.amazonaws.com",6,4
"s3.dualstack.eu-west-1.amazonaws.com",PRIVATE,"*.s3.dualstack.eu-west-1.amazonaws.com",6,4
"s3.dualstack.eu-west-1.amazonaws.com",PRIVATE,"s3.dualstack.eu-west-1.amazonaws.com",6,4
"s3-accesspoint.dualstack.eu-west-1.amazonaws.com",PRIVATE,"*.s3-accesspoint.dualstack.eu-west-1.amazonaws.com",6,4
"s3-accesspoint.dualstack.eu-west-1.amazonaws.com",PRIVATE,"s3-accesspoint.dualstack.eu-west-1.amazonaws.com",6,4
"s3-website.dualstack.eu-west-1.amazonaws.com",PRIVATE,"*.s3-website.dualstack.eu-west-1.amazonaws.com",6,4
"s3-website.dualstack.eu-west-1.amazonaws.com",PRIVATE,"s3-website.dualstack.eu-west-1.amazonaws.com",6,4
"s3.dualstack.eu-west-2.amazonaws.com",PRIVATE,"*.s3.dualstack.eu-west-2.amazonaws.com",6,4
"s3.dualstack.eu-west-2.amazonaws.com",PRIVATE,"s3.dualstack.eu-west-2.amazonaws.com",6,4
"s3-accesspoint.dualstack.eu-west-2.amazonaws.com",PRIVATE,"*.s3-accesspoint.dualstack.eu-west-2.amazonaws.com",6,4
"s3-accesspoint.dualstack.eu-west-2.amazonaws.com",PRIVATE,"s3-accesspoint.dualstack.eu-west-2.amazonaws.com",6,4
"s3.dualstack.eu-west-3.amazonaws.com",PRIVATE,"*.s3.dualstack.eu-west-3.amazonaws.com",6,4
"s3.dualstack.eu-west-3.amazonaws.com",PRIVATE,"s3.dualstack.eu-west-3.amazonaws.com",6,4
"s3-accesspoint.dualstack.eu-west-3.amazonaws.com",PRIVATE,"*.s3-accesspoint.dualstack.eu-west-3.amazonaws.com",6,4
"s3-accesspoint.dualstack.eu-west-3.amazonaws.com",PRIVATE,"s3-accesspoint.dualstack.eu-west-3.amazonaws.com",6,4
"s3-website.dualstack.eu-west-3.amazonaws.com",PRIVATE,"*.s3-website.dualstack.eu-west-3.amazonaws.com",6,4
"s3-website.dualstack.eu-west-3.amazonaws.com",PRIVATE,"s3-website.dualstack.eu-west-3.amazonaws.com",6,4
"s3.dualstack.il-central-1.amazonaws.com",PRIVATE,"*.s3.dualstack.il-central-1.amazonaws.com",6,4
"s3.dualstack.il-central-1.amazonaws.com",PRIVATE,"s3.dualstack.il-central-1.amazonaws.com",6,4
"s3-accesspoint.dualstack.il-central-1.amazonaws.com",PRIVATE,"*.s3-accesspoint.dualstack.il-central-1.amazonaws.com",6,4
"s3-accesspoint.dualstack.il-central-1.amazonaws.com",PRIVATE,"s3-accesspoint.dualstack.il-central-1.amazonaws.com",6,4
"s3-website.dualstack.il-central-1.amazonaws.com",PRIVATE,"*.s3-website.dualstack.il-central-1.amazonaws.com",6,4
"s3-website.dualstack.il-central-1.amazonaws.com",PRIVATE,"s3-website.dualstack.il-central-1.amazonaws.com",6,4
"s3.dualstack.me-central-1.amazonaws.com",PRIVATE,"*.s3.dualstack.me-central-1.amazonaws.com",6,4
"s3.dualstack.me-central-1.amazonaws.com",PRIVATE,"s3.dualstack.me-central-1.amazonaws.com",6,4
"s3-accesspoint.dualstack.me-central-1.amazonaws.com",PRIVATE,"*.s3-accesspoint.dualstack.me-central-1.amazonaws.com",6,4
"s3-accesspoint.dualstack.me-central-1.amazonaws.com",PRIVATE,"s3-accesspoint.dualstack.me-central-1.amazonaws.com",6,4
"s3-website.dualstack.me-central-1.amazonaws.com",PRIVATE,"*.s3-website.dualstack.me-central-1.amazonaws.com",6,4
"s3-website.dualstack.me-central-1.amazonaws.com",PRIVATE,"s3-website.dualstack.me-central-1.amazonaws.com",6,4
"s3.dualstack.me-south-1.amazonaws.com",PRIVATE,"*.s3.dualstack.me-south-1.amazonaws.com",6,4
"s3.dualstack.me-south-1.amazonaws.com",PRIVATE,"s3.dualstack.me-south-1.amazonaws.com",6,4
"s3-accesspoint.dualstack.me-south-1.amazonaws.com",PRIVATE,"*.s3-accesspoint.dualstack.me-south-1.amazonaws.com",6,4
"s3-accesspoint.dualstack.me-south-1.amazonaws.com",PRIVATE,"s3-accesspoint.dualstack.me-south-1.amazonaws.com",6,4
"mrap.accesspoint.s3-global.amazonaws.com",PRIVATE,"*.mrap.accesspoint.s3-global.amazonaws.com",6,4
"mrap.accesspoint.s3-global.amazonaws.com",PRIVATE,"mrap.accesspoint.s3-global.amazonaws.com",6,4
"s3.dualstack.sa-east-1.amazonaws.com",PRIVATE,"*.s3.dualstack.sa-east-1.amazonaws.com",6,4
"s3.dualstack.sa-east-1.amazonaws.com",PRIVATE,"s3.dualstack.sa-east-1.amazonaws.com",6,4
"s3-accesspoint.dualstack.sa-east-1.amazonaws.com",PRIVATE,"*.s3-accesspoint.dualstack.sa-east-1.amazonaws.com",6,4
"s3-accesspoint.dualstack.sa-east-1.amazonaws.com",PRIVATE,"s3-accesspoint.dualstack.sa-east-1.amazonaws.com",6,4
"s3-website.dualstack.sa-east-1.amazonaws.com",PRIVATE,"*.s3-website.dualstack.sa-east-1.amazonaws.com",6,4
"s3-website.dualstack.sa-east-1.amazonaws.com",PRIVATE,"s3-website.dualstack.sa-east-1.amazonaws.com",6,4
"s3.dualstack.us-east-1.amazonaws.com",PRIVATE,"*.s3.dualstack.us-east-1.amazonaws.com",6,4
"s3.dualstack.us-east-1.amazonaws.com",PRIVATE,"s3.dualstack.us-east-1.amazonaws.com",6,4
"s3-accesspoint.dualstack.us-east-1.amazonaws.com",PRIVATE,"*.s3-accesspoint.dualstack.us-east-1.amazonaws.com",6,4
"s3-accesspoint.dualstack.us-east-1.amazonaws.com",PRIVATE,"s3-accesspoint.dualstack.us-east-1.amazonaws.com",6,4
"s3-accesspoint-fips.dualstack.us-east-1.amazonaws.com",PRIVATE,"*.s3-accesspoint-fips.dualstack.us-east-1.amazonaws.com",6,4
"s3-accesspoint-fips.dualstack.us-east-1.amazonaws.com",PRIVATE,"s3-accesspoint-fips.dualstack.us-east-1.amazonaws.com",6,4
"s3-fips.dualstack.us-east-1.amazonaws.com",PRIVATE,"*.s3-fips.dualstack.us-east-1.amazonaws.com",6,4
"s3-fips.dualstack.us-east-1.amazonaws.com",PRIVATE,"s3-fips.dualstack.us-east-1.amazonaws.com",6,4
"s3-website.dualstack.us-east-1.amazonaws.com",PRIVATE,"*.s3-website.dualstack.us-east-1.amazonaws.com",6,4
"s3-website.dualstack.us-east-1.amazonaws.com",PRIVATE,"s3-website.dualstack.us-east-1.amazonaws.com",6,4
"s3.dualstack.us-east-2.amazonaws.com",PRIVATE,"*.s3.dualstack.us-east-2.amazonaws.com",6,4
"s3.dualstack.us-east-2.amazonaws.com",PRIVATE,"s3.dualstack.us-east-2.amazonaws.com",6,4
"s3-accesspoint.dualstack.us-east-2.amazonaws.com",PRIVATE,"*.s3-accesspoint.dualstack.us-east-2.amazonaws.com",6,4
"s3-accesspoint.dualstack.us-east-2.amazonaws.com",PRIVATE,"s3-accesspoint.dualstack.us-east-2.amazonaws.com",6,4
"s3-accesspoint-fips.dualstack.us-east-2.amazonaws.com",PRIVATE,"*.s3-accesspoint-fips.dualstack.us-east-2.amazonaws.com",6,4
"s3-accesspoint-fips.dualstack.us-east-2.amazonaws.com",PRIVATE,"s3-accesspoint-fips.dualstack.us-east-2.amazonaws.com",6,4
"s3-fips.dualstack.us-east-2.amazonaws.com",PRIVATE,"*.s3-fips.dualstack.us-east-2.amazonaws.com",6,4
"s3-fips.dualstack.us-east-2.amazonaws.com",PRIVATE,"s3-fips.dualstack.us-east-2.amazonaws.com",6,4
"s3-website.dualstack.us-east-2.amazonaws.com",PRIVATE,"*.s3-website.dualstack.us-east-2.amazonaws.com",6,4
"s3-website.dualstack.us-east-2.amazonaws.com",PRIVATE,"s3-website.dualstack.us-east-2.amazonaws.com",6,4
"s3.dualstack.us-gov-east-1.amazonaws.com",PRIVATE,"*.s3.dualstack.us-gov-east-1.amazonaws.com",6,4
"s3.dualstack.us-gov-east-1.amazonaws.com",PRIVATE,"s3.dualstack.us-gov-east-1.amazonaws.com",6,4
"s3-accesspoint.dualstack.us-gov-east-1.amazonaws.com",PRIVATE,"*.s3-accesspoint.dualstack.us-gov-east-1.amazonaws.com",6,4
"s3-accesspoint.dualstack.us-gov-east-1.amazonaws.com",PRIVATE,"s3-accesspoint.dualstack.us-gov-east-1.amazonaws.com",6,4
"s3-accesspoint-fips.dualstack.us-gov-east-1.amazonaws.com",PRIVATE,"*.s3-accesspoint-fips.dualstack.us-gov-east-1.amazonaws.com",6,4
"s3-accesspoint-fips.dualstack.us-gov-east-1.amazonaws.com",PRIVATE,"s3-accesspoint-fips.dualstack.us-gov-east-1.amazonaws.com",6,4
"s3-fips.dualstack.us-gov-east-1.amazonaws.com",PRIVATE,"*.s3-fips.dualstack.us-gov-east-1.amazonaws.com",6,4
"s3-fips.dualstack.us-gov-east-1.amazonaws.com",PRIVATE,"s3-fips.dualstack.us-gov-east-1.amazonaws.com",6,4
"s3.dualstack.us-gov-west-1.amazonaws.com",PRIVATE,"*.s3.dualstack.us-gov-west-1.amazonaws.com",6,4
"s3.dualstack.us-gov-west-1.amazonaws.com",PRIVATE,"s3.dualstack.us-gov-west-1.amazonaws.com",6,4
"s3-accesspoint.dualstack.us-gov-west-1.amazonaws.com",PRIVATE,"*.s3-accesspoint.dualstack.us-gov-west-1.amazonaws.com",6,4
"s3-accesspoint.dualstack.us-gov-west-1.amazonaws.com",PRIVATE,"s3-accesspoint.dualstack.us-gov-west-1.amazonaws.com",6,4
"s3-accesspoint-fips.dualstack.us-gov-west-1.amazonaws.com",PRIVATE,"*.s3-accesspoint-fips.dualstack.us-gov-west-1.amazonaws.com",6,4
"s3-accesspoint-fips.dualstack.us-gov-west-1.amazonaws.com",PRIVATE,"s3-accesspoint-fips.dualstack.us-gov-west-1.amazonaws.com",6,4
"s3-fips.dualstack.us-gov-west-1.amazonaws.com",PRIVATE,"*.s3-fips.dualstack.us-gov-west-1.amazonaws.com",6,4
"s3-fips.dualstack.us-gov-west-1.amazonaws.com",PRIVATE,"s3-fips.dualstack.us-gov-west-1.amazonaws.com",6,4
"s3.dualstack.us-west-1.amazonaws.com",PRIVATE,"*.s3.dualstack.us-west-1.amazonaws.com",6,4
"s3.dualstack.us-west-1.amazonaws.com",PRIVATE,"s3.dualstack.us-west-1.amazonaws.com",6,4
"s3-accesspoint.dualstack.us-west-1.amazonaws.com",PRIVATE,"*.s3-accesspoint.dualstack.us-west-1.amazonaws.com",6,4
"s3-accesspoint.dualstack.us-west-1.amazonaws.com",PRIVATE,"s3-accesspoint.dualstack.us-west-1.amazonaws.com",6,4
"s3-accesspoint-fips.dualstack.us-west-1.amazonaws.com",PRIVATE,"*.s3-accesspoint-fips.dualstack.us-west-1.amazonaws.com",6,4
"s3-accesspoint-fips.dualstack.us-west-1.amazonaws.com",PRIVATE,"s3-accesspoint-fips.dualstack.us-west-1.amazonaws.com",6,4
"s3-fips.dualstack.us-west-1.amazonaws.com",PRIVATE,"*.s3-fips.dualstack.us-west-1.amazonaws.com",6,4
"s3-fips.dualstack.us-west-1.amazonaws.com",PRIVATE,"s3-fips.dualstack.us-west-1.amazonaws.com",6,4
"s3-website.dualstack.us-west-1.amazonaws.com",PRIVATE,"*.s3-website.dualstack.us-west-1.amazonaws.com",6,4
"s3-website.dualstack.us-west-1.amazonaws.com",PRIVATE,"s3-website.dualstack.us-west-1.amazonaws.com",6,4
"s3.dualstack.us-west-2.amazonaws.com",PRIVATE,"*.s3.dualstack.us-west-2.amazonaws.com",6,4
"s3.dualstack.us-west-2.amazonaws.com",PRIVATE,"s3.dualstack.us-west-2.amazonaws.com",6,4
"s3-accesspoint.dualstack.us-west-2.amazonaws.com",PRIVATE,"*.s3-accesspoint.dualstack.us-west-2.amazonaws.com",6,4
"s3-accesspoint.dualstack.us-west-2.amazonaws.com",PRIVATE,"s3-accesspoint.dualstack.us-west-2.amazonaws.com",6,4
"s3-accesspoint-fips.dualstack.us-west-2.amazonaws.com",PRIVATE,"*.s3-accesspoint-fips.dualstack.us-west-2.amazonaws.com",6,4
"s3-accesspoint-fips.dualstack.us-west-2.amazonaws.com",PRIVATE,"s3-accesspoint-fips.dualstack.us-west-2.amazonaws.com",6,4
"s3-fips.dualstack.us-west-2.amazonaws.com",PRIVATE,"*.s3-fips.dualstack.us-west-2.amazonaws.com",6,4
"s3-fips.dualstack.us-west-2.amazonaws.com",PRIVATE,"s3-fips.dualstack.us-west-2.amazonaws.com",6,4
"s3-website.dualstack.us-west-2.amazonaws.com",PRIVATE,"*.s3-website.dualstack.us-west-2.amazonaws.com",6,4
"s3-website.dualstack.us-west-2.amazonaws.com",PRIVATE,"s3-website.dualstack.us-west-2.amazonaws.com",6,4
"notebook.cn-north-1.sagemaker.com.cn",PRIVATE,"*.notebook.cn-north-1.sagemaker.com.cn",6,4
"notebook.cn-north-1.sagemaker.com.cn",PRIVATE,"notebook.cn-north-1.sagemaker.com.cn",6,4
"notebook.cn-northwest-1.sagemaker.com.cn",PRIVATE,"*.notebook.cn-northwest-1.sagemaker.com.cn",6,4
"notebook.cn-northwest-1.sagemaker.com.cn",PRIVATE,"notebook.cn-northwest-1.sagemaker.com.cn",6,4
"studio.cn-north-1.sagemaker.com.cn",PRIVATE,"*.studio.cn-north-1.sagemaker.com.cn",6,4
"studio.cn-north-1.sagemaker.com.cn",PRIVATE,"studio.cn-north-1.sagemaker.com.cn",6,4
"studio.cn-northwest-1.sagemaker.com.cn",PRIVATE,"*.studio.cn-northwest-1.sagemaker.com.cn",6,4
"studio.cn-northwest-1.sagemaker.com.cn",PRIVATE,"studio.cn-northwest-1.sagemaker.com.cn",6,4
"webview-assets.aws-cloud9.af-south-1.amazonaws.com",PRIVATE,"*.webview-assets.aws-cloud9.af-south-1.amazonaws.com",6,4
"webview-assets.aws-cloud9.af-south-1.amazonaws.com",PRIVATE,"webview-assets.aws-cloud9.af-south-1.amazonaws.com",6,4
"vfs.cloud9.af-south-1.amazonaws.com",PRIVATE,"*.vfs.cloud9.af-south-1.amazonaws.com",6,4
"vfs.cloud9.af-south-1.amazonaws.com",PRIVATE,"vfs.cloud9.af-south-1.amazonaws.com",6,4
"webview-assets.cloud9.af-south-1.amazonaws.com",PRIVATE,"*.webview-assets.cloud9.af-south-1.amazonaws.com",6,4
"webview-assets.cloud9.af-south-1.amazonaws.com",PRIVATE,"webview-assets.cloud9.af-south-1.amazonaws.com",6,4
"webview-assets.aws-cloud9.ap-east-1.amazonaws.com",PRIVATE,"*.webview-assets.aws-cloud9.ap-east-1.amazonaws.com",6,4
"webview-assets.aws-cloud9.ap-east-1.amazonaws.com",PRIVATE,"webview-assets.aws-cloud9.ap-east-1.amazonaws.com",6,4
"vfs.cloud9.ap-east-1.amazonaws.com",PRIVATE,"*.vfs.cloud9.ap-east-1.amazonaws.com",6,4
"vfs.cloud9.ap-east-1.amazonaws.com",PRIVATE,"vfs.cloud9.ap-east-1.amazonaws.com",6,4
"webview-assets.cloud9.ap-east-1.amazonaws.com",PRIVATE,"*.webview-assets.cloud9.ap-east-1.amazonaws.com",6,4
"webview-assets.cloud9.ap-east-1.amazonaws.com",PRIVATE,"webview-assets.cloud9.ap-east-1.amazonaws.com",6,4
"webview-assets.aws-cloud9.ap-northeast-1.amazonaws.com",PRIVATE,"*.webview-assets.aws-cloud9.ap-northeast-1.amazonaws.com",6,4
"webview-assets.aws-cloud9.ap-northeast-1.amazonaws.com",PRIVATE,"webview-assets.aws-cloud9.ap-northeast-1.amazonaws.com",6,4
"vfs.cloud9.ap-northeast-1.amazonaws.com",PRIVATE,"*.vfs.cloud9.ap-northeast-1.amazonaws.com",6,4
"vfs.cloud9.ap-northeast-1.amazonaws.com",PRIVATE,"vfs.cloud9.ap-northeast-1.amazonaws.com",6,4
"webview-assets.cloud9.ap-northeast-1.amazonaws.com",PRIVATE,"*.webview-assets.cloud9.ap-northeast-1.amazonaws.com",6,4
"webview-assets.cloud9.ap-northeast-1.amazonaws.com",PRIVATE,"webview-assets.cloud9.ap-northeast-1.amazonaws.com",6,4
"webview-assets.aws-cloud9.ap-northeast-2.amazonaws.com",PRIVATE,"*.webview-assets.aws-cloud9.ap-northeast-2.amazonaws.com",6,4
"webview-assets.aws-cloud9.ap-northeast-2.amazonaws.com",PRIVATE,"webview-assets.aws-cloud9.ap-northeast-2.amazonaws.com",6,4
"vfs.cloud9.ap-northeast-2.amazonaws.com",PRIVATE,"*.vfs.cloud9.ap-northeast-2.amazonaws.com",6,4
"vfs.cloud9.ap-northeast-2.amazonaws.com",PRIVATE,"vfs.cloud9.ap-northeast-2.amazonaws.com",6,4
"webview-assets.cloud9.ap-northeast-2.amazonaws.com",PRIVATE,"*.webview-assets.cloud9.ap-northeast-2.amazonaws.com",6,4
"webview-assets.cloud9.ap-northeast-2.amazonaws.com",PRIVATE,"webview-assets.cloud9.ap-northeast-2.amazonaws.com",6,4
"webview-assets.aws-cloud9.ap-northeast-3.amazonaws.com",PRIVATE,"*.webview-assets.aws-cloud9.ap-northeast-3.amazonaws.com",6,4
"webview-assets.aws-cloud9.ap-northeast-3.amazonaws.com",PRIVATE,"webview-assets.aws-cloud9.ap-northeast-3.amazonaws.com",6,4
"vfs.cloud9.ap-northeast-3.amazonaws.com",PRIVATE,"*.vfs.cloud9.ap-northeast-3.amazonaws.com",6,4
"vfs.cloud9.ap-northeast-3.amazonaws.com",PRIVATE,"vfs.cloud9.ap-northeast-3.amazonaws.com",6,4
"webview-assets.cloud9.ap-northeast-3.amazonaws.com",PRIVATE,"*.webview-assets.cloud9.ap-northeast-3.amazonaws.com",6,4
"webview-assets.cloud9.ap-northeast-3.amazonaws.com",PRIVATE,"webview-assets.cloud9.ap-northeast-3.amazonaws.com",6,4
"webview-assets.aws-cloud9.ap-south-1.amazonaws.com",PRIVATE,"*.webview-assets.aws-cloud9.ap-south-1.amazonaws.com",6,4
"webview-assets.aws-cloud9.ap-south-1.amazonaws.com",PRIVATE,"webview-assets.aws-cloud9.ap-south-1.amazonaws.com",6,4
"vfs.cloud9.ap-south-1.amazonaws.com",PRIVATE,"*.vfs.cloud9.ap-south-1.amazonaws.com",6,4
"vfs.cloud9.ap-south-1.amazonaws.com",PRIVATE,"vfs.cloud9.ap-south-1.amazonaws.com",6,4
"webview-assets.cloud9.ap-south-1.amazonaws.com",PRIVATE,"*.webview-assets.cloud9.ap-south-1.amazonaws.com",6,4
"webview-assets.cloud9.ap-south-1.amazonaws.com",PRIVATE,"webview-assets.cloud9.ap-south-1.amazonaws.com",6,4
"webview-assets.aws-cloud9.ap-southeast-1.amazonaws.com",PRIVATE,"*.webview-assets.aws-cloud9.ap-southeast-1.amazonaws.com",6,4
"webview-assets.aws-cloud9.ap-southeast-1.amazonaws.com",PRIVATE,"webview-assets.aws-cloud9.ap-southeast-1.amazonaws.com",6,4
"vfs.cloud9.ap-southeast-1.amazonaws.com",PRIVATE,"*.vfs.cloud9.ap-southeast-1.amazonaws.com",6,4
"vfs.cloud9.ap-southeast-1.amazonaws.com",PRIVATE,"vfs.cloud9.ap-southeast-1.amazonaws.com",6,4
"webview-assets.cloud9.ap-southeast-1.amazonaws.com",PRIVATE,"*.webview-assets.cloud9.ap-southeast-1.amazonaws.com",6,4
"webview-assets.cloud9.ap-southeast-1.amazonaws.com",PRIVATE,"webview-assets.cloud9.ap-southeast-1.amazonaws.com",6,4
"webview-assets.aws-cloud9.ap-southeast-2.amazonaws.com",PRIVATE,"*.webview-assets.aws-cloud9.ap-southeast-2.amazonaws.com",6,4
"webview-assets.aws-cloud9.ap-southeast-2.amazonaws.com",PRIVATE,"webview-assets.aws-cloud9.ap-southeast-2.amazonaws.com",6,4
"vfs.cloud9.ap-southeast-2.amazonaws.com",PRIVATE,"*.vfs.cloud9.ap-southeast-2.amazonaws.com",6,4
"vfs.cloud9.ap-southeast-2.amazonaws.com",PRIVATE,"vfs.cloud9.ap-southeast-2.amazonaws.com",6,4
"webview-assets.cloud9.ap-southeast-2.amazonaws.com",PRIVATE,"*.webview-assets.cloud9.ap-southeast-2.amazonaws.com",6,4
"webview-assets.cloud9.ap-southeast-2.amazonaws.com",PRIVATE,"webview-assets.cloud9.ap-southeast-2.amazonaws.com",6,4
"webview-assets.aws-cloud9.ca-central-1.amazonaws.com",PRIVATE,"*.webview-assets.aws-cloud9.ca-central-1.amazonaws.com",6,4
"webview-assets.aws-cloud9.ca-central-1.amazonaws.com",PRIVATE,"webview-assets.aws-cloud9.ca-central-1.amazonaws.com",6,4
"vfs.cloud9.ca-central-1.amazonaws.com",PRIVATE,"*.vfs.cloud9.ca-central-1.amazonaws.com",6,4
"vfs.cloud9.ca-central-1.amazonaws.com",PRIVATE,"vfs.cloud9.ca-central-1.amazonaws.com",6,4
"webview-assets.cloud9.ca-central-1.amazonaws.com",PRIVATE,"*.webview-assets.cloud9.ca-central-1.amazonaws.com",6,4
"webview-assets.cloud9.ca-central-1.amazonaws.com",PRIVATE,"webview-assets.cloud9.ca-central-1.amazonaws.com",6,4
"webview-assets.aws-cloud9.eu-central-1.amazonaws.com",PRIVATE,"*.webview-assets.aws-cloud9.eu-central-1.amazonaws.com",6,4
"webview-assets.aws-cloud9.eu-central-1.amazonaws.com",PRIVATE,"webview-assets.aws-cloud9.eu-central-1.amazonaws.com",6,4
"vfs.cloud9.eu-central-1.amazonaws.com",PRIVATE,"*.vfs.cloud9.eu-central-1.amazonaws.com",6,4
"vfs.cloud9.eu-central-1.amazonaws.com",PRIVATE,"vfs.cloud9.eu-central-1.amazonaws.com",6,4
"webview-assets.cloud9.eu-central-1.amazonaws.com",PRIVATE,"*.webview-assets.cloud9.eu-central-1.amazonaws.com",6,4
"webview-assets.cloud9.eu-central-1.amazonaws.com",PRIVATE,"webview-assets.cloud9.eu-central-1.amazonaws.com",6,4
"webview-assets.aws-cloud9.eu-north-1.amazonaws.com",PRIVATE,"*.webview-assets.aws-cloud9.eu-north-1.amazonaws.com",6,4
"webview-assets.aws-cloud9.eu-north-1.amazonaws.com",PRIVATE,"webview-assets.aws-cloud9.eu-north-1.amazonaws.com",6,4
"vfs.cloud9.eu-north-1.amazonaws.com",PRIVATE,"*.vfs.cloud9.eu-north-1.amazonaws.com",6,4
"vfs.cloud9.eu-north-1.amazonaws.com",PRIVATE,"vfs.cloud9.eu-north-1.amazonaws.com",6,4
"webview-assets.cloud9.eu-north-1.amazonaws.com",PRIVATE,"*.webview-assets.cloud9.eu-north-1.amazonaws.com",6,4
"webview-assets.cloud9.eu-north-1.amazonaws.com",PRIVATE,"webview-assets.cloud9.eu-north-1.amazonaws.com",6,4
"webview-assets.aws-cloud9.eu-south-1.amazonaws.com",PRIVATE,"*.webview-assets.aws-cloud9.eu-south-1.amazonaws.com",6,4
"webview-assets.aws-cloud9.eu-south-1.amazonaws.com",PRIVATE,"webview-assets.aws-cloud9.eu-south-1.amazonaws.com",6,4
"vfs.cloud9.eu-south-1.amazonaws.com",PRIVATE,"*.vfs.cloud9.eu-south-1.amazonaws.com",6,4
"vfs.cloud9.eu-south-1.amazonaws.com",PRIVATE,"vfs.cloud9.eu-south-1.amazonaws.com",6,4
"webview-assets.cloud9.eu-south-1.amazonaws.com",PRIVATE,"*.webview-assets.cloud9.eu-south-1.amazonaws.com",6,4
"webview-assets.cloud9.eu-south-1.amazonaws.com",PRIVATE,"webview-assets.cloud9.eu-south-1.amazonaws.com",6,4
"webview-assets.aws-cloud9.eu-west-1.amazonaws.com",PRIVATE,"*.webview-assets.aws-cloud9.eu-west-1.amazonaws.com",6,4
"webview-assets.aws-cloud9.eu-west-1.amazonaws.com",PRIVATE,"webview-assets.aws-cloud9.eu-west-1.amazonaws.com",6,4
"vfs.cloud9.eu-west-1.amazonaws.com",PRIVATE,"*.vfs.cloud9.eu-west-1.amazonaws.com",6,4
"vfs.cloud9.eu-west-1.amazonaws.com",PRIVATE,"vfs.cloud9.eu-west-1.amazonaws.com",6,4
"webview-assets.cloud9.eu-west-1.amazonaws.com",PRIVATE,"*.webview-assets.cloud9.eu-west-1.amazonaws.com",6,4
"webview-assets.cloud9.eu-west-1.amazonaws.com",PRIVATE,"webview-assets.cloud9.eu-west-1.amazonaws.com",6,4
"webview-assets.aws-cloud9.eu-west-2.amazonaws.com",PRIVATE,"*.webview-assets.aws-cloud9.eu-west-2.amazonaws.com",6,4
"webview-assets.aws-cloud9.eu-west-2.amazonaws.com",PRIVATE,"webview-assets.aws-cloud9.eu-west-2.amazonaws.com",6,4
"vfs.cloud9.eu-west-2.amazonaws.com",PRIVATE,"*.vfs.cloud9.eu-west-2.amazonaws.com",6,4
"vfs.cloud9.eu-west-2.amazonaws.com",PRIVATE,"vfs.cloud9.eu-west-2.amazonaws.com",6,4
"webview-assets.cloud9.eu-west-2.amazonaws.com",PRIVATE,"*.webview-assets.cloud9.eu-west-2.amazonaws.com",6,4
"webview-assets.cloud9.eu-west-2.amazonaws.com",PRIVATE,"webview-assets.cloud9.eu-west-2.amazonaws.com",6,4
"webview-assets.aws-cloud9.eu-west-3.amazonaws.com",PRIVATE,"*.webview-assets.aws-cloud9.eu-west-3.amazonaws.com",6,4
"webview-assets.aws-cloud9.eu-west-3.amazonaws.com",PRIVATE,"webview-assets.aws-cloud9.eu-west-3.amazonaws.com",6,4
"vfs.cloud9.eu-west-3.amazonaws.com",PRIVATE,"*.vfs.cloud9.eu-west-3.amazonaws.com",6,4
"vfs.cloud9.eu-west-3.amazonaws.com",PRIVATE,"vfs.cloud9.eu-west-3.amazonaws.com",6,4
"webview-assets.cloud9.eu-west-3.amazonaws.com",PRIVATE,"*.webview-assets.cloud9.eu-west-3.amazonaws.com",6,4
"webview-assets.cloud9.eu-west-3.amazonaws.com",PRIVATE,"webview-assets.cloud9.eu-west-3.amazonaws.com",6,4
"webview-assets.aws-cloud9.il-central-1.amazonaws.com",PRIVATE,"*.webview-assets.aws-cloud9.il-central-1.amazonaws.com",6,4
"webview-assets.aws-cloud9.il-central-1.amazonaws.com",PRIVATE,"webview-assets.aws-cloud9.il-central-1.amazonaws.com",6,4
"vfs.cloud9.il-central-1.amazonaws.com",PRIVATE,"*.vfs.cloud9.il-central-1.amazonaws.com",6,4
"vfs.cloud9.il-central-1.amazonaws.com",PRIVATE,"vfs.cloud9.il-central-1.amazonaws.com",6,4
"webview-assets.aws-cloud9.me-south-1.amazonaws.com",PRIVATE,"*.webview-assets.aws-cloud9.me-south-1.amazonaws.com",6,4
"webview-assets.aws-cloud9.me-south-1.amazonaws.com",PRIVATE,"webview-assets.aws-cloud9.me-south-1.amazonaws.com",6,4
"vfs.cloud9.me-south-1.amazonaws.com",PRIVATE,"*.vfs.cloud9.me-south-1.amazonaws.com",6,4
"vfs.cloud9.me-south-1.amazonaws.com",PRIVATE,"vfs.cloud9.me-south-1.amazonaws.com",6,4
"webview-assets.cloud9.me-south-1.amazonaws.com",PRIVATE,"*.webview-assets.cloud9.me-south-1.amazonaws.com",6,4
"webview-assets.cloud9.me-south-1.amazonaws.com",PRIVATE,"webview-assets.cloud9.me-south-1.amazonaws.com",6,4
"webview-assets.aws-cloud9.sa-east-1.amazonaws.com",PRIVATE,"*.webview-assets.aws-cloud9.sa-east-1.amazonaws.com",6,4
"webview-assets.aws-cloud9.sa-east-1.amazonaws.com",PRIVATE,"webview-assets.aws-cloud9.sa-east-1.amazonaws.com",6,4
"vfs.cloud9.sa-east-1.amazonaws.com",PRIVATE,"*.vfs.cloud9.sa-east-1.amazonaws.com",6,4
"vfs.cloud9.sa-east-1.amazonaws.com",PRIVATE,"vfs.cloud9.sa-east-1.amazonaws.com",6,4
"webview-assets.cloud9.sa-east-1.amazonaws.com",PRIVATE,"*.webview-assets.cloud9.sa-east-1.amazonaws.com",6,4
"webview-assets.cloud9.sa-east-1.amazonaws.com",PRIVATE,"webview-assets.cloud9.sa-east-1.amazonaws.com",6,4
"webview-assets.aws-cloud9.us-east-1.amazonaws.com",PRIVATE,"*.webview-assets.aws-cloud9.us-east-1.amazonaws.com",6,4
"webview-assets.aws-cloud9.us-east-1.amazonaws.com",PRIVATE,"webview-assets.aws-cloud9.us-east-1.amazonaws.com",6,4
"vfs.cloud9.us-east-1.amazonaws.com",PRIVATE,"*.vfs.cloud9.us-east-1.amazonaws.com",6,4
"vfs.cloud9.us-east-1.amazonaws.com",PRIVATE,"vfs.cloud9.us-east-1.amazonaws.com",6,4
"webview-assets.cloud9.us-east-1.amazonaws.com",PRIVATE,"*.webview-assets.cloud9.us-east-1.amazonaws.com",6,4
"webview-assets.cloud9.us-east-1.amazonaws.com",PRIVATE,"webview-assets.cloud9.us-east-1.amazonaws.com",6,4
"webview-assets.aws-cloud9.us-east-2.amazonaws.com",PRIVATE,"*.webview-assets.aws-cloud9.us-east-2.amazonaws.com",6,4
"webview-assets.aws-cloud9.us-east-2.amazonaws.com",PRIVATE,"webview-assets.aws-cloud9.us-east-2.amazonaws.com",6,4
"vfs.cloud9.us-east-2.amazonaws.com",PRIVATE,"*.vfs.cloud9.us-east-2.amazonaws.com",6,4
"vfs.cloud9.us-east-2.amazonaws.com",PRIVATE,"vfs.cloud9.us-east-2.amazonaws.com",6,4
"webview-assets.cloud9.us-east-2.amazonaws.com",PRIVATE,"*.webview-assets.cloud9.us-east-2.amazonaws.com",6,4
"webview-assets.cloud9.us-east-2.amazonaws.com",PRIVATE,"webview-assets.cloud9.us-east-2.amazonaws.com",6,4
"webview-assets.aws-cloud9.us-west-1.amazonaws.com",PRIVATE,"*.webview-assets.aws-cloud9.us-west-1.amazonaws.com",6,4
"webview-assets.aws-cloud9.us-west-1.amazonaws.com",PRIVATE,"webview-assets.aws-cloud9.us-west-1.amazonaws.com",6,4
"vfs.cloud9.us-west-1.amazonaws.com",PRIVATE,"*.vfs.cloud9.us-west-1.amazonaws.com",6,4
"vfs.cloud9.us-west-1.amazonaws.com",PRIVATE,"vfs.cloud9.us-west-1.amazonaws.com",6,4
"webview-assets.cloud9.us-west-1.amazonaws.com",PRIVATE,"*.webview-assets.cloud9.us-west-1.amazonaws.com",6,4
"webview-assets.cloud9.us-west-1.amazonaws.com",PRIVATE,"webview-assets.cloud9.us-west-1.amazonaws.com",6,4
"webview-assets.aws-cloud9.us-west-2.amazonaws.com",PRIVATE,"*.webview-assets.aws-cloud9.us-west-2.amazonaws.com",6,4
"webview-assets.aws-cloud9.us-west-2.amazonaws.com",PRIVATE,"webview-assets.aws-cloud9.us-west-2.amazonaws.com",6,4
"vfs.cloud9.us-west-2.amazonaws.com",PRIVATE,"*.vfs.cloud9.us-west-2.amazonaws.com",6,4
"vfs.cloud9.us-west-2.amazonaws.com",PRIVATE,"vfs.cloud9.us-west-2.amazonaws.com",6,4
"webview-assets.cloud9.us-west-2.amazonaws.com",PRIVATE,"*.webview-assets.cloud9.us-west-2.amazonaws.com",6,4
"webview-assets.cloud9.us-west-2.amazonaws.com",PRIVATE,"webview-assets.cloud9.us-west-2.amazonaws.com",6,4
"cn-north-1.eb.amazonaws.com.cn",PRIVATE,"*.cn-north-1.eb.amazonaws.com.cn",6,4
"cn-north-1.eb.amazonaws.com.cn",PRIVATE,"cn-north-1.eb.amazonaws.com.cn",6,4
"cn-northwest-1.eb.amazonaws.com.cn",PRIVATE,"*.cn-northwest-1.eb.amazonaws.com.cn",6,4
"cn-northwest-1.eb.amazonaws.com.cn",PRIVATE,"cn-northwest-1.eb.amazonaws.com.cn",6,4
"app.os.stg.fedoraproject.org",PRIVATE,"*.app.os.stg.fedoraproject.org",6,4
"app.os.stg.fedoraproject.org",PRIVATE,"app.os.stg.fedoraproject.org",6,4
"it1.eur.aruba.jenv-aruba.cloud",PRIVATE,"*.it1.eur.aruba.jenv-aruba.cloud",6,4
"it1.eur.aruba.jenv-aruba.cloud",PRIVATE,"it1.eur.aruba.jenv-aruba.cloud",6,4
"functions.fnc.fr-par.scw.cloud",PRIVATE,"*.functions.fnc.fr-par.scw.cloud",6,4
"functions.fnc.fr-par.scw.cloud",PRIVATE,"functions.fnc.fr-par.scw.cloud",6,4
"nodes.k8s.fr-par.scw.cloud",PRIVATE,"*.nodes.k8s.fr-par.scw.cloud",6,4
"nodes.k8s.fr-par.scw.cloud",PRIVATE,"nodes.k8s.fr-par.scw.cloud",6,4
"nodes.k8s.nl-ams.scw.cloud",PRIVATE,"*.nodes.k8s.nl-ams.scw.cloud",6,4
"nodes.k8s.nl-ams.scw.cloud",PRIVATE,"nodes.k8s.nl-ams.scw.cloud",6,4
"nodes.k8s.pl-waw.scw.cloud",PRIVATE,"*.nodes.k8s.pl-waw.scw.cloud",6,4
"nodes.k8s.pl-waw.scw.cloud",PRIVATE,"nodes.k8s.pl-waw.scw.cloud",6,4
"!city.kawasaki.jp",ICANN,"*.city.kawasaki.jp",3,3
"!city.kawasaki.jp",ICANN,"city.kawasaki.jp",3,3
"!city.kitakyushu.jp",ICANN,"*.city.kitakyushu.jp",3,3
"!city.kitakyushu.jp",ICANN,"city.kitakyushu.jp",3,3
"!city.kobe.jp",ICANN,"*.city.kobe.jp",3,3
"!city.kobe.jp",ICANN,"city.kobe.jp",3,3
"!city.nagoya.jp",ICANN,"*.city.nagoya.jp",3,3
"!city.nagoya.jp",ICANN,"city.nagoya.jp",3,3
"!city.sapporo.jp",ICANN,"*.city.sapporo.jp",3,3
"!city.sapporo.jp",ICANN,"city.sapporo.jp",3,3
"!city.sendai.jp",ICANN,"*.city.sendai.jp",3,3
"!city.sendai.jp",ICANN,"city.sendai.jp",3,3
"!city.yokohama.jp",ICANN,"*.city.yokohama.jp",3,3
"!city.yokohama.jp",ICANN,"city.yokohama.jp",3,3
"chtr.k12.ma.us",ICANN,"*.chtr.k12.ma.us",5,3
"chtr.k12.ma.us",ICANN,"chtr.k12.ma.us",5,3
"paroch.k12.ma.us",ICANN,"*.paroch.k12.ma.us",5,3
"paroch.k12.ma.us",ICANN,"paroch.k12.ma.us",5,3
"pvt.k12.ma.us",ICANN,"*.pvt.k12.ma.us",5,3
"pvt.k12.ma.us",ICANN,"pvt.k12.ma.us",5,3
"execute-api.af-south-1.amazonaws.com",PRIVATE,"*.execute-api.af-south-1.amazonaws.com",5,3
"execute-api.af-south-1.amazonaws.com",PRIVATE,"execute-api.af-south-1.amazonaws.com",5,3
"execute-api.ap-east-1.amazonaws.com",PRIVATE,"*.execute-api.ap-east-1.amazonaws.com",5,3
"execute-api.ap-east-1.amazonaws.com",PRIVATE,"execute-api.ap-east-1.amazonaws.com",5,3
"execute-api.ap-northeast-1.amazonaws.com",PRIVATE,"*.execute-api.ap-northeast-1.amazonaws.com",5,3
"execute-api.ap-northeast-1.amazonaws.com",PRIVATE,"execute-api.ap-northeast-1.amazonaws.com",5,3
"execute-api.ap-northeast-2.amazonaws.com",PRIVATE,"*.execute-api.ap-northeast-2.amazonaws.com",5,3
"execute-api.ap-northeast-2.amazonaws.com",PRIVATE,"execute-api.ap-northeast-2.amazonaws.com",5,3
"execute-api.ap-northeast-3.amazonaws.com",PRIVATE,"*.execute-api.ap-northeast-3.amazonaws.com",5,3
"execute-api.ap-northeast-3.amazonaws.com",PRIVATE,"execute-api.ap-northeast-3.amazonaws.com",5,3
"execute-api.ap-south-1.amazonaws.com",PRIVATE,"*.execute-api.ap-south-1.amazonaws.com",5,3
"execute-api.ap-south-1.amazonaws.com",PRIVATE,"execute-api.ap-south-1.amazonaws.com",5,3
"execute-api.ap-south-2.amazonaws.com",PRIVATE,"*.execute-api.ap-south-2.amazonaws.com",5,3
"execute-api.ap-south-2.amazonaws.com",PRIVATE,"execute-api.ap-south-2.amazonaws.com",5,3
"execute-api.ap-southeast-1.amazonaws.com",PRIVATE,"*.execute-api.ap-southeast-1.amazonaws.com",5,3
"execute-api.ap-southeast-1.amazonaws.com",PRIVATE,"execute-api.ap-southeast-1.amazonaws.com",5,3
"execute-api.ap-southeast-2.amazonaws.com",PRIVATE,"*.execute-api.ap-southeast-2.amazonaws.com",5,3
"execute-api.ap-southeast-2.amazonaws.com",PRIVATE,"execute-api.ap-southeast-2.amazonaws.com",5,3
"execute-api.ap-southeast-3.amazonaws.com",PRIVATE,"*.execute-api.ap-southeast-3.amazonaws.com",5,3
"execute-api.ap-southeast-3.amazonaws.com",PRIVATE,"execute-api.ap-southeast-3.amazonaws.com",5,3
"execute-api.ap-southeast-4.amazonaws.com",PRIVATE,"*.execute-api.ap-southeast-4.amazonaws.com",5,3
"execute-api.ap-southeast-4.amazonaws.com",PRIVATE,"execute-api.ap-southeast-4.amazonaws.com",5,3
"execute-api.ap-southeast-5.amazonaws.com",PRIVATE,"*.execute-api.ap-southeast-5.amazonaws.com",5,3
"execute-api.ap-southeast-5.amazonaws.com",PRIVATE,"execute-api.ap-southeast-5.amazonaws.com",5,3
"execute-api.ca-central-1.amazonaws.com",PRIVATE,"*.execute-api.ca-central-1.amazonaws.com",5,3
"execute-api.ca-central-1.amazonaws.com",PRIVATE,"execute-api.ca-central-1.amazonaws.com",5,3
"execute-api.ca-west-1.amazonaws.com",PRIVATE,"*.execute-api.ca-west-1.amazonaws.com",5,3
"execute-api.ca-west-1.amazonaws.com",PRIVATE,"execute-api.ca-west-1.amazonaws.com",5,3
"execute-api.eu-central-1.amazonaws.com",PRIVATE,"*.execute-api.eu-central-1.amazonaws.com",5,3
"execute-api.eu-central-1.amazonaws.com",PRIVATE,"execute-api.eu-central-1.amazonaws.com",5,3
"execute-api.eu-central-2.amazonaws.com",PRIVATE,"*.execute-api.eu-central-2.amazonaws.com",5,3
"execute-api.eu-central-2.amazonaws.com",PRIVATE,"execute-api.eu-central-2.amazonaws.com",5,3
"execute-api.eu-north-1.amazonaws.com",PRIVATE,"*.execute-api.eu-north-1.amazonaws.com",5,3
"execute-api.eu-north-1.amazonaws.com",PRIVATE,"execute-api.eu-north-1.amazonaws.com",5,3
"execute-api.eu-south-1.amazonaws.com",PRIVATE,"*.execute-api.eu-south-1.amazonaws.com",5,3
"execute-api.eu-south-1.amazonaws.com",PRIVATE,"execute-api.eu-south-1.amazonaws.com",5,3
"execute-api.eu-south-2.amazonaws.com",PRIVATE,"*.execute-api.eu-south-2.amazonaws.com",5,3
"execute-api.eu-south-2.amazonaws.com",PRIVATE,"execute-api.eu-south-2.amazonaws.com",5,3
"execute-api.eu-west-1.amazonaws.com",PRIVATE,"*.execute-api.eu-west-1.amazonaws.com",5,3
"execute-api.eu-west-1.amazonaws.com",PRIVATE,"execute-api.eu-west-1.amazonaws.com",5,3
"execute-api.eu-west-2.amazonaws.com",PRIVATE,"*.execute-api.eu-west-2.amazonaws.com",5,3
"execute-api.eu-west-2.amazonaws.com",PRIVATE,"execute-api.eu-west-2.amazonaws.com",5,3
"execute-api.eu-west-3.amazonaws.com",PRIVATE,"*.execute-api.eu-west-3.amazonaws.com",5,3
"execute-api.eu-west-3.amazonaws.com",PRIVATE,"execute-api.eu-west-3.amazonaws.com",5,3
"execute-api.il-central-1.amazonaws.com",PRIVATE,"*.execute-api.il-central-1.amazonaws.com",5,3
"execute-api.il-central-1.amazonaws.com",PRIVATE,"execute-api.il-central-1.amazonaws.com",5,3
"execute-api.me-central-1.amazonaws.com",PRIVATE,"*.execute-api.me-central-1.amazonaws.com",5,3
"execute-api.me-central-1.amazonaws.com",PRIVATE,"execute-api.me-central-1.amazonaws.com",5,3
"execute-api.me-south-1.amazonaws.com",PRIVATE,"*.execute-api.me-south-1.amazonaws.com",5,3
"execute-api.me-south-1.amazonaws.com",PRIVATE,"execute-api.me-south-1.amazonaws.com",5,3
"execute-api.sa-east-1.amazonaws.com",PRIVATE,"*.execute-api.sa-east-1.amazonaws.com",5,3
"execute-api.sa-east-1.amazonaws.com",PRIVATE,"execute-api.sa-east-1.amazonaws.com",5,3
"execute-api.us-east-1.amazonaws.com",PRIVATE,"*.execute-api.us-east-1.amazonaws.com",5,3
"execute-api.us-east-1.amazonaws.com",PRIVATE,"execute-api.us-east-1.amazonaws.com",5,3
"execute-api.us-east-2.amazonaws.com",PRIVATE,"*.execute-api.us-east-2.amazonaws.com",5,3
"execute-api.us-east-2.amazonaws.com",PRIVATE,"execute-api.us-east-2.amazonaws.com",5,3
"execute-api.us-gov-east-1.amazonaws.com",PRIVATE,"*.execute-api.us-gov-east-1.amazonaws.com",5,3
"execute-api.us-gov-east-1.amazonaws.com",PRIVATE,"execute-api.us-gov-east-1.amazonaws.com",5,3
"execute-api.us-gov-west-1.amazonaws.com",PRIVATE,"*.execute-api.us-gov-west-1.amazonaws.com",5,3
"execute-api.us-gov-west-1.amazonaws.com",PRIVATE,"execute-api.us-gov-west-1.amazonaws.com",5,3
"execute-api.us-west-1.amazonaws.com",PRIVATE,"*.execute-api.us-west-1.amazonaws.com",5,3
"execute-api.us-west-1.amazonaws.com",PRIVATE,"execute-api.us-west-1.amazonaws.com",5,3
"execute-api.us-west-2.amazonaws.com",PRIVATE,"*.execute-api.us-west-2.amazonaws.com",5,3
"execute-api.us-west-2.amazonaws.com",PRIVATE,"execute-api.us-west-2.amazonaws.com",5,3
"auth.af-south-1.amazoncognito.com",PRIVATE,"*.auth.af-south-1.amazoncognito.com",5,3
"auth.af-south-1.amazoncognito.com",PRIVATE,"auth.af-south-1.amazoncognito.com",5,3
"auth.ap-east-1.amazoncognito.com",PRIVATE,"*.auth.ap-east-1.amazoncognito.com",5,3
"auth.ap-east-1.amazoncognito.com",PRIVATE,"auth.ap-east-1.amazoncognito.com",5,3
"auth.ap-northeast-1.amazoncognito.com",PRIVATE,"*.auth.ap-northeast-1.amazoncognito.com",5,3
"auth.ap-northeast-1.amazoncognito.com",PRIVATE,"auth.ap-northeast-1.amazoncognito.com",5,3
"auth.ap-northeast-2.amazoncognito.com",PRIVATE,"*.auth.ap-northeast-2.amazoncognito.com",5,3
"auth.ap-northeast-2.amazoncognito.com",PRIVATE,"auth.ap-northeast-2.amazoncognito.com",5,3
"auth.ap-northeast-3.amazoncognito.com",PRIVATE,"*.auth.ap-northeast-3.amazoncognito.com",5,3
"auth.ap-northeast-3.amazoncognito.com",PRIVATE,"auth.ap-northeast-3.amazoncognito.com",5,3
"auth.ap-south-1.amazoncognito.com",PRIVATE,"*.auth.ap-south-1.amazoncognito.com",5,3
"auth.ap-south-1.amazoncognito.com",PRIVATE,"auth.ap-south-1.amazoncognito.com",5,3
"auth.ap-south-2.amazoncognito.com",PRIVATE,"*.auth.ap-south-2.amazoncognito.com",5,3
"auth.ap-south-2.amazoncognito.com",PRIVATE,"auth.ap-south-2.amazoncognito.com",5,3
"auth.ap-southeast-1.amazoncognito.com",PRIVATE,"*.auth.ap-southeast-1.amazoncognito.com",5,3
"auth.ap-southeast-1.amazoncognito.com",PRIVATE,"auth.ap-southeast-1.amazoncognito.com",5,3
"auth.ap-southeast-2.amazoncognito.com",PRIVATE,"*.auth.ap-southeast-2.amazoncognito.com",5,3
"auth.ap-southeast-2.amazoncognito.com",PRIVATE,"auth.ap-southeast-2.amazoncognito.com",5,3
"auth.ap-southeast-3.amazoncognito.com",PRIVATE,"*.auth.ap-southeast-3.amazoncognito.com",5,3
"auth.ap-southeast-3.amazoncognito.com",PRIVATE,"auth.ap-southeast-3.amazoncognito.com",5,3
"auth.ap-southeast-4.amazoncognito.com",PRIVATE,"*.auth.ap-southeast-4.amazoncognito.com",5,3
"auth.ap-southeast-4.amazoncognito.com",PRIVATE,"auth.ap-southeast-4.amazoncognito.com",5,3
"auth.ap-southeast-5.amazoncognito.com",PRIVATE,"*.auth.ap-southeast-5.amazoncognito.com",5,3
"auth.ap-southeast-5.amazoncognito.com",PRIVATE,"auth.ap-southeast-5.amazoncognito.com",5,3
"auth.ap-southeast-7.amazoncognito.com",PRIVATE,"*.auth.ap-southeast-7.amazoncognito.com",5,3
"auth.ap-southeast-7.amazoncognito.com",PRIVATE,"auth.ap-southeast-7.amazoncognito.com",5,3
"auth.ca-central-1.amazoncognito.com",PRIVATE,"*.auth.ca-central-1.amazoncognito.com",5,3
"auth.ca-central-1.amazoncognito.com",PRIVATE,"auth.ca-central-1.amazoncognito.com",5,3
"auth.ca-west-1.amazoncognito.com",PRIVATE,"*.auth.ca-west-1.amazoncognito.com",5,3
"auth.ca-west-1.amazoncognito.com",PRIVATE,"auth.ca-west-1.amazoncognito.com",5,3
"auth.eu-central-1.amazoncognito.com",PRIVATE,"*.auth.eu-central-1.amazoncognito.com",5,3
"auth.eu-central-1.amazoncognito.com",PRIVATE,"auth.eu-central-1.amazoncognito.com",5,3
"auth.eu-central-2.amazoncognito.com",PRIVATE,"*.auth.eu-central-2.amazoncognito.com",5,3
"auth.eu-central-2.amazoncognito.com",PRIVATE,"auth.eu-central-2.amazoncognito.com",5,3
"auth.eu-north-1.amazoncognito.com",PRIVATE,"*.auth.eu-north-1.amazoncognito.com",5,3
"auth.eu-north-1.amazoncognito.com",PRIVATE,"auth.eu-north-1.amazoncognito.com",5,3
"auth.eu-south-1.amazoncognito.com",PRIVATE,"*.auth.eu-south-1.amazoncognito.com",5,3
"auth.eu-south-1.amazoncognito.com",PRIVATE,"auth.eu-south-1.amazoncognito.com",5,3
"auth.eu-south-2.amazoncognito.com",PRIVATE,"*.auth.eu-south-2.amazoncognito.com",5,3
"auth.eu-south-2.amazoncognito.com",PRIVATE,"auth.eu-south-2.amazoncognito.com",5,3
"auth.eu-west-1.amazoncognito.com",PRIVATE,"*.auth.eu-west-1.amazoncognito.com",5,3
"auth.eu-west-1.amazoncognito.com",PRIVATE,"auth.eu-west-1.amazoncognito.com",5,3
"auth.eu-west-2.amazoncognito.com",PRIVATE,"*.auth.eu-west-2.amazoncognito.com",5,3
"auth.eu-west-2.amazoncognito.com",PRIVATE,"auth.eu-west-2.amazoncognito.com",5,3
"auth.eu-west-3.amazoncognito.com",PRIVATE,"*.auth.eu-west-3.amazoncognito.com",5,3
"auth.eu-west-3.amazoncognito.com",PRIVATE,"auth.eu-west-3.amazoncognito.com",5,3
"auth.il-central-1.amazoncognito.com",PRIVATE,"*.auth.il-central-1.amazoncognito.com",5,3
"auth.il-central-1.amazoncognito.com",PRIVATE,"auth.il-central-1.amazoncognito.com",5,3
"auth.me-central-1.amazoncognito.com",PRIVATE,"*.auth.me-central-1.amazoncognito.com",5,3
"auth.me-central-1.amazoncognito.com",PRIVATE,"auth.me-central-1.amazoncognito.com",5,3
"auth.me-south-1.amazoncognito.com",PRIVATE,"*.auth.me-south-1.amazoncognito.com",5,3
"auth.me-south-1.amazoncognito.com",PRIVATE,"auth.me-south-1.amazoncognito.com",5,3
"auth.mx-central-1.amazoncognito.com",PRIVATE,"*.auth.mx-central-1.amazoncognito.com",5,3
"auth.mx-central-1.amazoncognito.com",PRIVATE,"auth.mx-central-1.amazoncognito.com",5,3
"auth.sa-east-1.amazoncognito.com",PRIVATE,"*.auth.sa-east-1.amazoncognito.com",5,3
"auth.sa-east-1.amazoncognito.com",PRIVATE,"auth.sa-east-1.amazoncognito.com",5,3
"auth.us-east-1.amazoncognito.com",PRIVATE,"*.auth.us-east-1.amazoncognito.com",5,3
"auth.us-east-1.amazoncognito.com",PRIVATE,"auth.us-east-1.amazoncognito.com",5,3
"auth-fips.us-east-1.amazoncognito.com",PRIVATE,"*.auth-fips.us-east-1.amazoncognito.com",5,3
"auth-fips.us-east-1.amazoncognito.com",PRIVATE,"auth-fips.us-east-1.amazoncognito.com",5,3
"auth.us-east-2.amazoncognito.com",PRIVATE,"*.auth.us-east-2.amazoncognito.com",5,3
"auth.us-east-2.amazoncognito.com",PRIVATE,"auth.us-east-2.amazoncognito.com",5,3
"auth-fips.us-east-2.amazoncognito.com",PRIVATE,"*.auth-fips.us-east-2.amazoncognito.com",5,3
"auth-fips.us-east-2.amazoncognito.com",PRIVATE,"auth-fips.us-east-2.amazoncognito.com",5,3
"auth-fips.us-gov-east-1.amazoncognito.com",PRIVATE,"*.auth-fips.us-gov-east-1.amazoncognito.com",5,3
"auth-fips.us-gov-east-1.amazoncognito.com",PRIVATE,"auth-fips.us-gov-east-1.amazoncognito.com",5,3
"auth-fips.us-gov-west-1.amazoncognito.com",PRIVATE,"*.auth-fips.us-gov-west-1.amazoncognito.com",5,3
"auth-fips.us-gov-west-1.amazoncognito.com",PRIVATE,"auth-fips.us-gov-west-1.amazoncognito.com",5,3
"auth.us-west-1.amazoncognito.com",PRIVATE,"*.auth.us-west-1.amazoncognito.com",5,3
"auth.us-west-1.amazoncognito.com",PRIVATE,"auth.us-west-1.amazoncognito.com",5,3
"auth-fips.us-west-1.amazoncognito.com",PRIVATE,"*.auth-fips.us-west-1.amazoncognito.com",5,3
"auth-fips.us-west-1.amazoncognito.com",PRIVATE,"auth-fips.us-west-1.amazoncognito.com",5,3
"auth.us-west-2.amazoncognito.com",PRIVATE,"*.auth.us-west-2.amazoncognito.com",5,3
"auth.us-west-2.amazoncognito.com",PRIVATE,"auth.us-west-2.amazoncognito.com",5,3
"auth-fips.us-west-2.amazoncognito.com",PRIVATE,"*.auth-fips.us-west-2.amazoncognito.com",5,3
"auth-fips.us-west-2.amazoncognito.com",PRIVATE,"auth-fips.us-west-2.amazoncognito.com",5,3
"*.compute.amazonaws.com.cn",PRIVATE,"*.compute.amazonaws.com.cn",6,3
"*.compute.amazonaws.com.cn",PRIVATE,"compute.amazonaws.com.cn",6,3
"emrappui-prod.af-south-1.amazonaws.com",PRIVATE,"*.emrappui-prod.af-south-1.amazonaws.com",5,3
"emrappui-prod.af-south-1.amazonaws.com",PRIVATE,"emrappui-prod.af-south-1.amazonaws.com",5,3
"emrnotebooks-prod.af-south-1.amazonaws.com",PRIVATE,"*.emrnotebooks-prod.af-south-1.amazonaws.com",5,3
"emrnotebooks-prod.af-south-1.amazonaws.com",PRIVATE,"emrnotebooks-prod.af-south-1.amazonaws.com",5,3
"emrstudio-prod.af-south-1.amazonaws.com",PRIVATE,"*.emrstudio-prod.af-south-1.amazonaws.com",5,3
"emrstudio-prod.af-south-1.amazonaws.com",PRIVATE,"emrstudio-prod.af-south-1.amazonaws.com",5,3
"emrappui-prod.ap-east-1.amazonaws.com",PRIVATE,"*.emrappui-prod.ap-east-1.amazonaws.com",5,3
"emrappui-prod.ap-east-1.amazonaws.com",PRIVATE,"emrappui-prod.ap-east-1.amazonaws.com",5,3
"emrnotebooks-prod.ap-east-1.amazonaws.com",PRIVATE,"*.emrnotebooks-prod.ap-east-1.amazonaws.com",5,3
"emrnotebooks-prod.ap-east-1.amazonaws.com",PRIVATE,"emrnotebooks-prod.ap-east-1.amazonaws.com",5,3
"emrstudio-prod.ap-east-1.amazonaws.com",PRIVATE,"*.emrstudio-prod.ap-east-1.amazonaws.com",5,3
"emrstudio-prod.ap-east-1.amazonaws.com",PRIVATE,"emrstudio-prod.ap-east-1.amazonaws.com",5,3
"emrappui-prod.ap-northeast-1.amazonaws.com",PRIVATE,"*.emrappui-prod.ap-northeast-1.amazonaws.com",5,3
"emrappui-prod.ap-northeast-1.amazonaws.com",PRIVATE,"emrappui-prod.ap-northeast-1.amazonaws.com",5,3
"emrnotebooks-prod.ap-northeast-1.amazonaws.com",PRIVATE,"*.emrnotebooks-prod.ap-northeast-1.amazonaws.com",5,3
"emrnotebooks-prod.ap-northeast-1.amazonaws.com",PRIVATE,"emrnotebooks-prod.ap-northeast-1.amazonaws.com",5,3
"emrstudio-prod.ap-northeast-1.amazonaws.com",PRIVATE,"*.emrstudio-prod.ap-northeast-1.amazonaws.com",5,3
"emrstudio-prod.ap-northeast-1.amazonaws.com",PRIVATE,"emrstudio-prod.ap-northeast-1.amazonaws.com",5,3
"emrappui-prod.ap-northeast-2.amazonaws.com",PRIVATE,"*.emrappui-prod.ap-northeast-2.amazonaws.com",5,3
"emrappui-prod.ap-northeast-2.amazonaws.com",PRIVATE,"emrappui-prod.ap-northeast-2.amazonaws.com",5,3
"emrnotebooks-prod.ap-northeast-2.amazonaws.com",PRIVATE,"*.emrnotebooks-prod.ap-northeast-2.amazonaws.com",5,3
"emrnotebooks-prod.ap-northeast-2.amazonaws.com",PRIVATE,"emrnotebooks-prod.ap-northeast-2.amazonaws.com",5,3
"emrstudio-prod.ap-northeast-2.amazonaws.com",PRIVATE,"*.emrstudio-prod.ap-northeast-2.amazonaws.com",5,3
"emrstudio-prod.ap-northeast-2.amazonaws.com",PRIVATE,"emrstudio-prod.ap-northeast-2.amazonaws.com",5,3
"emrappui-prod.ap-northeast-3.amazonaws.com",PRIVATE,"*.emrappui-prod.ap-northeast-3.amazonaws.com",5,3
"emrappui-prod.ap-northeast-3.amazonaws.com",PRIVATE,"emrappui-prod.ap-northeast-3.amazonaws.com",5,3
"emrnotebooks-prod.ap-northeast-3.amazonaws.com",PRIVATE,"*.emrnotebooks-prod.ap-northeast-3.amazonaws.com",5,3
"emrnotebooks-prod.ap-northeast-3.amazonaws.com",PRIVATE,"emrnotebooks-prod.ap-northeast-3.amazonaws.com",5,3
"emrstudio-prod.ap-northeast-3.amazonaws.com",PRIVATE,"*.emrstudio-prod.ap-northeast-3.amazonaws.com",5,3
"emrstudio-prod.ap-northeast-3.amazonaws.com",PRIVATE,"emrstudio-prod.ap-northeast-3.amazonaws.com",5,3
"emrappui-prod.ap-south-1.amazonaws.com",PRIVATE,"*.emrappui-prod.ap-south-1.amazonaws.com",5,3
"emrappui-prod.ap-south-1.amazonaws.com",PRIVATE,"emrappui-prod.ap-south-1.amazonaws.com",5,3
"emrnotebooks-prod.ap-south-1.amazonaws.com",PRIVATE,"*.emrnotebooks-prod.ap-south-1.amazonaws.com",5,3
"emrnotebooks-prod.ap-south-1.amazonaws.com",PRIVATE,"emrnotebooks-prod.ap-south-1.amazonaws.com",5,3
"emrstudio-prod.ap-south-1.amazonaws.com",PRIVATE,"*.emrstudio-prod.ap-south-1.amazonaws.com",5,3
"emrstudio-prod.ap-south-1.amazonaws.com",PRIVATE,"emrstudio-prod.ap-south-1.amazonaws.com",5,3
"emrappui-prod.ap-south-2.amazonaws.com",PRIVATE,"*.emrappui-prod.ap-south-2.amazonaws.com",5,3
"emrappui-prod.ap-south-2.amazonaws.com",PRIVATE,"emrappui-prod.ap-south-2.amazonaws.com",5,3
"emrnotebooks-prod.ap-south-2.amazonaws.com",PRIVATE,"*.emrnotebooks-prod.ap-south-2.amazonaws.com",5,3
"emrnotebooks-prod.ap-south-2.amazonaws.com",PRIVATE,"emrnotebooks-prod.ap-south-2.amazonaws.com",5,3
"emrstudio-prod.ap-south-2.amazonaws.com",PRIVATE,"*.emrstudio-prod.ap-south-2.amazonaws.com",5,3
"emrstudio-prod.ap-south-2.amazonaws.com",PRIVATE,"emrstudio-prod.ap-south-2.amazonaws.com",5,3
"emrappui-prod.ap-southeast-1.amazonaws.com",PRIVATE,"*.emrappui-prod.ap-southeast-1.amazonaws.com",5,3
"emrappui-prod.ap-southeast-1.amazonaws.com",PRIVATE,"emrappui-prod.ap-southeast-1.amazonaws.com",5,3
"emrnotebooks-prod.ap-southeast-1.amazonaws.com",PRIVATE,"*.emrnotebooks-prod.ap-southeast-1.amazonaws.com",5,3
"emrnotebooks-prod.ap-southeast-1.amazonaws.com",PRIVATE,"emrnotebooks-prod.ap-southeast-1.amazonaws.com",5,3
"emrstudio-prod.ap-southeast-1.amazonaws.com",PRIVATE,"*.emrstudio-prod.ap-southeast-1.amazonaws.com",5,3
"emrstudio-prod.ap-southeast-1.amazonaws.com",PRIVATE,"emrstudio-prod.ap-southeast-1.amazonaws.com",5,3
"emrappui-prod.ap-southeast-2.amazonaws.com",PRIVATE,"*.emrappui-prod.ap-southeast-2.amazonaws.com",5,3
"emrappui-prod.ap-southeast-2.amazonaws.com",PRIVATE,"emrappui-prod.ap-southeast-2.amazonaws.com",5,3
"emrnotebooks-prod.ap-southeast-2.amazonaws.com",PRIVATE,"*.emrnotebooks-prod.ap-southeast-2.amazonaws.com",5,3
"emrnotebooks-prod.ap-southeast-2.amazonaws.com",PRIVATE,"emrnotebooks-prod.ap-southeast-2.amazonaws.com",5,3
"emrstudio-prod.ap-southeast-2.amazonaws.com",PRIVATE,"*.emrstudio-prod.ap-southeast-2.amazonaws.com",5,3
"emrstudio-prod.ap-southeast-2.amazonaws.com",PRIVATE,"emrstudio-prod.ap-southeast-2.amazonaws.com",5,3
"emrappui-prod.ap-southeast-3.amazonaws.com",PRIVATE,"*.emrappui-prod.ap-southeast-3.amazonaws.com",5,3
"emrappui-prod.ap-southeast-3.amazonaws.com",PRIVATE,"emrappui-prod.ap-southeast-3.amazonaws.com",5,3
"emrnotebooks-prod.ap-southeast-3.amazonaws.com",PRIVATE,"*.emrnotebooks-prod.ap-southeast-3.amazonaws.com",5,3
"emrnotebooks-prod.ap-southeast-3.amazonaws.com",PRIVATE,"emrnotebooks-prod.ap-southeast-3.amazonaws.com",5,3
"emrstudio-prod.ap-southeast-3.amazonaws.com",PRIVATE,"*.emrstudio-prod.ap-southeast-3.amazonaws.com",5,3
"emrstudio-prod.ap-southeast-3.amazonaws.com",PRIVATE,"emrstudio-prod.ap-southeast-3.amazonaws.com",5,3
"emrappui-prod.ap-southeast-4.amazonaws.com",PRIVATE,"*.emrappui-prod.ap-southeast-4.amazonaws.com",5,3
"emrappui-prod.ap-southeast-4.amazonaws.com",PRIVATE,"emrappui-prod.ap-southeast-4.amazonaws.com",5,3
"emrnotebooks-prod.ap-southeast-4.amazonaws.com",PRIVATE,"*.emrnotebooks-prod.ap-southeast-4.amazonaws.com",5,3
"emrnotebooks-prod.ap-southeast-4.amazonaws.com",PRIVATE,"emrnotebooks-prod.ap-southeast-4.amazonaws.com",5,3
"emrstudio-prod.ap-southeast-4.amazonaws.com",PRIVATE,"*.emrstudio-prod.ap-southeast-4.amazonaws.com",5,3
"emrstudio-prod.ap-southeast-4.amazonaws.com",PRIVATE,"emrstudio-prod.ap-southeast-4.amazonaws.com",5,3
"emrappui-prod.ca-central-1.amazonaws.com",PRIVATE,"*.emrappui-prod.ca-central-1.amazonaws.com",5,3
"emrappui-prod.ca-central-1.amazonaws.com",PRIVATE,"emrappui-prod.ca-central-1.amazonaws.com",5,3
"emrnotebooks-prod.ca-central-1.amazonaws.com",PRIVATE,"*.emrnotebooks-prod.ca-central-1.amazonaws.com",5,3
"emrnotebooks-prod.ca-central-1.amazonaws.com",PRIVATE,"emrnotebooks-prod.ca-central-1.amazonaws.com",5,3
"emrstudio-prod.ca-central-1.amazonaws.com",PRIVATE,"*.emrstudio-prod.ca-central-1.amazonaws.com",5,3
"emrstudio-prod.ca-central-1.amazonaws.com",PRIVATE,"emrstudio-prod.ca-central-1.amazonaws.com",5,3
"emrappui-prod.ca-west-1.amazonaws.com",PRIVATE,"*.emrappui-prod.ca-west-1.amazonaws.com",5,3
"emrappui-prod.ca-west-1.amazonaws.com",PRIVATE,"emrappui-prod.ca-west-1.amazonaws.com",5,3
"emrnotebooks-prod.ca-west-1.amazonaws.com",PRIVATE,"*.emrnotebooks-prod.ca-west-1.amazonaws.com",5,3
"emrnotebooks-prod.ca-west-1.amazonaws.com",PRIVATE,"emrnotebooks-prod.ca-west-1.amazonaws.com",5,3
"emrstudio-prod.ca-west-1.amazonaws.com",PRIVATE,"*.emrstudio-prod.ca-west-1.amazonaws.com",5,3
"emrstudio-prod.ca-west-1.amazonaws.com",PRIVATE,"emrstudio-prod.ca-west-1.amazonaws.com",5,3
"emrappui-prod.eu-central-1.amazonaws.com",PRIVATE,"*.emrappui-prod.eu-central-1.amazonaws.com",5,3
"emrappui-prod.eu-central-1.amazonaws.com",PRIVATE,"emrappui-prod.eu-central-1.amazonaws.com",5,3
"emrnotebooks-prod.eu-central-1.amazonaws.com",PRIVATE,"*.emrnotebooks-prod.eu-central-1.amazonaws.com",5,3
"emrnotebooks-prod.eu-central-1.amazonaws.com",PRIVATE,"emrnotebooks-prod.eu-central-1.amazonaws.com",5,3
"emrstudio-prod.eu-central-1.amazonaws.com",PRIVATE,"*.emrstudio-prod.eu-central-1.amazonaws.com",5,3
"emrstudio-prod.eu-central-1.amazonaws.com",PRIVATE,"emrstudio-prod.eu-central-1.amazonaws.com",5,3
"emrappui-prod.eu-central-2.amazonaws.com",PRIVATE,"*.emrappui-prod.eu-central-2.amazonaws.com",5,3
"emrappui-prod.eu-central-2.amazonaws.com",PRIVATE,"emrappui-prod.eu-central-2.amazonaws.com",5,3
"emrnotebooks-prod.eu-central-2.amazonaws.com",PRIVATE,"*.emrnotebooks-prod.eu-central-2.amazonaws.com",5,3
"emrnotebooks-prod.eu-central-2.amazonaws.com",PRIVATE,"emrnotebooks-prod.eu-central-2.amazonaws.com",5,3
"emrstudio-prod.eu-central-2.amazonaws.com",PRIVATE,"*.emrstudio-prod.eu-central-2.amazonaws.com",5,3
"emrstudio-prod.eu-central-2.amazonaws.com",PRIVATE,"emrstudio-prod.eu-central-2.amazonaws.com",5,3
"emrappui-prod.eu-north-1.amazonaws.com",PRIVATE,"*.emrappui-prod.eu-north-1.amazonaws.com",5,3
"emrappui-prod.eu-north-1.amazonaws.com",PRIVATE,"emrappui-prod.eu-north-1.amazonaws.com",5,3
"emrnotebooks-prod.eu-north-1.amazonaws.com",PRIVATE,"*.emrnotebooks-prod.eu-north-1.amazonaws.com",5,3
"emrnotebooks-prod.eu-north-1.amazonaws.com",PRIVATE,"emrnotebooks-prod.eu-north-1.amazonaws.com",5,3
"emrstudio-prod.eu-north-1.amazonaws.com",PRIVATE,"*.emrstudio-prod.eu-north-1.amazonaws.com",5,3
"emrstudio-prod.eu-north-1.amazonaws.com",PRIVATE,"emrstudio-prod.eu-north-1.amazonaws.com",5,3
"emrappui-prod.eu-south-1.amazonaws.com",PRIVATE,"*.emrappui-prod.eu-south-1.amazonaws.com",5,3
"emrappui-prod.eu-south-1.amazonaws.com",PRIVATE,"emrappui-prod.eu-south-1.amazonaws.com",5,3
"emrnotebooks-prod.eu-south-1.amazonaws.com",PRIVATE,"*.emrnotebooks-prod.eu-south-1.amazonaws.com",5,3
"emrnotebooks-prod.eu-south-1.amazonaws.com",PRIVATE,"emrnotebooks-prod.eu-south-1.amazonaws.com",5,3
"emrstudio-prod.eu-south-1.amazonaws.com",PRIVATE,"*.emrstudio-prod.eu-south-1.amazonaws.com",5,3
"emrstudio-prod.eu-south-1.amazonaws.com",PRIVATE,"emrstudio-prod.eu-south-1.amazonaws.com",5,3
"emrappui-prod.eu-south-2.amazonaws.com",PRIVATE,"*.emrappui-prod.eu-south-2.amazonaws.com",5,3
"emrappui-prod.eu-south-2.amazonaws.com",PRIVATE,"emrappui-prod.eu-south-2.amazonaws.com",5,3
"emrnotebooks-prod.eu-south-2.amazonaws.com",PRIVATE,"*.emrnotebooks-prod.eu-south-2.amazonaws.com",5,3
"emrnotebooks-prod.eu-south-2.amazonaws.com",PRIVATE,"emrnotebooks-prod.eu-south-2.amazonaws.com",5,3
"emrstudio-prod.eu-south-2.amazonaws.com",PRIVATE,"*.emrstudio-prod.eu-south-2.amazonaws.com",5,3
"emrstudio-prod.eu-south-2.amazonaws.com",PRIVATE,"emrstudio-prod.eu-south-2.amazonaws.com",5,3
"emrappui-prod.eu-west-1.amazonaws.com",PRIVATE,"*.emrappui-prod.eu-west-1.amazonaws.com",5,3
"emrappui-prod.eu-west-1.amazonaws.com",PRIVATE,"emrappui-prod.eu-west-1.amazonaws.com",5,3
"emrnotebooks-prod.eu-west-1.amazonaws.com",PRIVATE,"*.emrnotebooks-prod.eu-west-1.amazonaws.com",5,3
"emrnotebooks-prod.eu-west-1.amazonaws.com",PRIVATE,"emrnotebooks-prod.eu-west-1.amazonaws.com",5,3
"emrstudio-prod.eu-west-1.amazonaws.com",PRIVATE,"*.emrstudio-prod.eu-west-1.amazonaws.com",5,3
"emrstudio-prod.eu-west-1.amazonaws.com",PRIVATE,"emrstudio-prod.eu-west-1.amazonaws.com",5,3
"emrappui-prod.eu-west-2.amazonaws.com",PRIVATE,"*.emrappui-prod.eu-west-2.amazonaws.com",5,3
"emrappui-prod.eu-west-2.amazonaws.com",PRIVATE,"emrappui-prod.eu-west-2.amazonaws.com",5,3
"emrnotebooks-prod.eu-west-2.amazonaws.com",PRIVATE,"*.emrnotebooks-prod.eu-west-2.amazonaws.com",5,3
"emrnotebooks-prod.eu-west-2.amazonaws.com",PRIVATE,"emrnotebooks-prod.eu-west-2.amazonaws.com",5,3
"emrstudio-prod.eu-west-2.amazonaws.com",PRIVATE,"*.emrstudio-prod.eu-west-2.amazonaws.com",5,3
"emrstudio-prod.eu-west-2.amazonaws.com",PRIVATE,"emrstudio-prod.eu-west-2.amazonaws.com",5,3
"emrappui-prod.eu-west-3.amazonaws.com",PRIVATE,"*.emrappui-prod.eu-west-3.amazonaws.com",5,3
"emrappui-prod.eu-west-3.amazonaws.com",PRIVATE,"emrappui-prod.eu-west-3.amazonaws.com",5,3
"emrnotebooks-prod.eu-west-3.amazonaws.com",PRIVATE,"*.emrnotebooks-prod.eu-west-3.amazonaws.com",5,3
"emrnotebooks-prod.eu-west-3.amazonaws.com",PRIVATE,"emrnotebooks-prod.eu-west-3.amazonaws.com",5,3
"emrstudio-prod.eu-west-3.amazonaws.com",PRIVATE,"*.emrstudio-prod.eu-west-3.amazonaws.com",5,3
"emrstudio-prod.eu-west-3.amazonaws.com",PRIVATE,"emrstudio-prod.eu-west-3.amazonaws.com",5,3
"emrappui-prod.il-central-1.amazonaws.com",PRIVATE,"*.emrappui-prod.il-central-1.amazonaws.com",5,3
"emrappui-prod.il-central-1.amazonaws.com",PRIVATE,"emrappui-prod.il-central-1.amazonaws.com",5,3
"emrnotebooks-prod.il-central-1.amazonaws.com",PRIVATE,"*.emrnotebooks-prod.il-central-1.amazonaws.com",5,3
"emrnotebooks-prod.il-central-1.amazonaws.com",PRIVATE,"emrnotebooks-prod.il-central-1.amazonaws.com",5,3
"emrstudio-prod.il-central-1.amazonaws.com",PRIVATE,"*.emrstudio-prod.il-central-1.amazonaws.com",5,3
"emrstudio-prod.il-central-1.amazonaws.com",PRIVATE,"emrstudio-prod.il-central-1.amazonaws.com",5,3
"emrappui-prod.me-central-1.amazonaws.com",PRIVATE,"*.emrappui-prod.me-central-1.amazonaws.com",5,3
"emrappui-prod.me-central-1.amazonaws.com",PRIVATE,"emrappui-prod.me-central-1.amazonaws.com",5,3
"emrnotebooks-prod.me-central-1.amazonaws.com",PRIVATE,"*.emrnotebooks-prod.me-central-1.amazonaws.com",5,3
"emrnotebooks-prod.me-central-1.amazonaws.com",PRIVATE,"emrnotebooks-prod.me-central-1.amazonaws.com",5,3
"emrstudio-prod.me-central-1.amazonaws.com",PRIVATE,"*.emrstudio-prod.me-central-1.amazonaws.com",5,3
"emrstudio-prod.me-central-1.amazonaws.com",PRIVATE,"emrstudio-prod.me-central-1.amazonaws.com",5,3
"emrappui-prod.me-south-1.amazonaws.com",PRIVATE,"*.emrappui-prod.me-south-1.amazonaws.com",5,3
"emrappui-prod.me-south-1.amazonaws.com",PRIVATE,"emrappui-prod.me-south-1.amazonaws.com",5,3
"emrnotebooks-prod.me-south-1.amazonaws.com",PRIVATE,"*.emrnotebooks-prod.me-south-1.amazonaws.com",5,3
"emrnotebooks-prod.me-south-1.amazonaws.com",PRIVATE,"emrnotebooks-prod.me-south-1.amazonaws.com",5,3
"emrstudio-prod.me-south-1.amazonaws.com",PRIVATE,"*.emrstudio-prod.me-south-1.amazonaws.com",5,3
"emrstudio-prod.me-south-1.amazonaws.com",PRIVATE,"emrstudio-prod.me-south-1.amazonaws.com",5,3
"emrappui-prod.sa-east-1.amazonaws.com",PRIVATE,"*.emrappui-prod.sa-east-1.amazonaws.com",5,3
"emrappui-prod.sa-east-1.amazonaws.com",PRIVATE,"emrappui-prod.sa-east-1.amazonaws.com",5,3
"emrnotebooks-prod.sa-east-1.amazonaws.com",PRIVATE,"*.emrnotebooks-prod.sa-east-1.amazonaws.com",5,3
"emrnotebooks-prod.sa-east-1.amazonaws.com",PRIVATE,"emrnotebooks-prod.sa-east-1.amazonaws.com",5,3
"emrstudio-prod.sa-east-1.amazonaws.com",PRIVATE,"*.emrstudio-prod.sa-east-1.amazonaws.com",5,3
"emrstudio-prod.sa-east-1.amazonaws.com",PRIVATE,"emrstudio-prod.sa-east-1.amazonaws.com",5,3
"emrappui-prod.us-east-1.amazonaws.com",PRIVATE,"*.emrappui-prod.us-east-1.amazonaws.com",5,3
"emrappui-prod.us-east-1.amazonaws.com",PRIVATE,"emrappui-prod.us-east-1.amazonaws.com",5,3
"emrnotebooks-prod.us-east-1.amazonaws.com",PRIVATE,"*.emrnotebooks-prod.us-east-1.amazonaws.com",5,3
"emrnotebooks-prod.us-east-1.amazonaws.com",PRIVATE,"emrnotebooks-prod.us-east-1.amazonaws.com",5,3
"emrstudio-prod.us-east-1.amazonaws.com",PRIVATE,"*.emrstudio-prod.us-east-1.amazonaws.com",5,3
"emrstudio-prod.us-east-1.amazonaws.com",PRIVATE,"emrstudio-prod.us-east-1.amazonaws.com",5,3
"emrappui-prod.us-east-2.amazonaws.com",PRIVATE,"*.emrappui-prod.us-east-2.amazonaws.com",5,3
"emrappui-prod.us-east-2.amazonaws.com",PRIVATE,"emrappui-prod.us-east-2.amazonaws.com",5,3
"emrnotebooks-prod.us-east-2.amazonaws.com",PRIVATE,"*.emrnotebooks-prod.us-east-2.amazonaws.com",5,3
"emrnotebooks-prod.us-east-2.amazonaws.com",PRIVATE,"emrnotebooks-prod.us-east-2.amazonaws.com",5,3
"emrstudio-prod.us-east-2.amazonaws.com",PRIVATE,"*.emrstudio-prod.us-east-2.amazonaws.com",5,3
"emrstudio-prod.us-east-2.amazonaws.com",PRIVATE,"emrstudio-prod.us-east-2.amazonaws.com",5,3
"emrappui-prod.us-gov-east-1.amazonaws.com",PRIVATE,"*.emrappui-prod.us-gov-east-1.amazonaws.com",5,3
"emrappui-prod.us-gov-east-1.amazonaws.com",PRIVATE,"emrappui-prod.us-gov-east-1.amazonaws.com",5,3
"emrnotebooks-prod.us-gov-east-1.amazonaws.com",PRIVATE,"*.emrnotebooks-prod.us-gov-east-1.amazonaws.com",5,3
"emrnotebooks-prod.us-gov-east-1.amazonaws.com",PRIVATE,"emrnotebooks-prod.us-gov-east-1.amazonaws.com",5,3
"emrstudio-prod.us-gov-east-1.amazonaws.com",PRIVATE,"*.emrstudio-prod.us-gov-east-1.amazonaws.com",5,3
"emrstudio-prod.us-gov-east-1.amazonaws.com",PRIVATE,"emrstudio-prod.us-gov-east-1.amazonaws.com",5,3
"emrappui-prod.us-gov-west-1.amazonaws.com",PRIVATE,"*.emrappui-prod.us-gov-west-1.amazonaws.com",5,3
"emrappui-prod.us-gov-west-1.amazonaws.com",PRIVATE,"emrappui-prod.us-gov-west-1.amazonaws.com",5,3
"emrnotebooks-prod.us-gov-west-1.amazonaws.com",PRIVATE,"*.emrnotebooks-prod.us-gov-west-1.amazonaws.com",5,3
"emrnotebooks-prod.us-gov-west-1.amazonaws.com",PRIVATE,"emrnotebooks-prod.us-gov-west-1.amazonaws.com",5,3
"emrstudio-prod.us-gov-west-1.amazonaws.com",PRIVATE,"*.emrstudio-prod.us-gov-west-1.amazonaws.com",5,3
"emrstudio-prod.us-gov-west-1.amazonaws.com",PRIVATE,"emrstudio-prod.us-gov-west-1.amazonaws.com",5,3
"emrappui-prod.us-west-1.amazonaws.com",PRIVATE,"*.emrappui-prod.us-west-1.amazonaws.com",5,3
"emrappui-prod.us-west-1.amazonaws.com",PRIVATE,"emrappui-prod.us-west-1.amazonaws.com",5,3
"emrnotebooks-prod.us-west-1.amazonaws.com",PRIVATE,"*.emrnotebooks-prod.us-west-1.amazonaws.com",5,3
"emrnotebooks-prod.us-west-1.amazonaws.com",PRIVATE,"emrnotebooks-prod.us-west-1.amazonaws.com",5,3
"emrstudio-prod.us-west-1.amazonaws.com",PRIVATE,"*.emrstudio-prod.us-west-1.amazonaws.com",5,3
"emrstudio-prod.us-west-1.amazonaws.com",PRIVATE,"emrstudio-prod.us-west-1.amazonaws.com",5,3
"emrappui-prod.us-west-2.amazonaws.com",PRIVATE,"*.emrappui-prod.us-west-2.amazonaws.com",5,3
"emrappui-prod.us-west-2.amazonaws.com",PRIVATE,"emrappui-prod.us-west-2.amazonaws.com",5,3
"emrnotebooks-prod.us-west-2.amazonaws.com",PRIVATE,"*.emrnotebooks-prod.us-west-2.amazonaws.com",5,3
"emrnotebooks-prod.us-west-2.amazonaws.com",PRIVATE,"emrnotebooks-prod.us-west-2.amazonaws.com",5,3
"emrstudio-prod.us-west-2.amazonaws.com",PRIVATE,"*.emrstudio-prod.us-west-2.amazonaws.com",5,3
"emrstudio-prod.us-west-2.amazonaws.com",PRIVATE,"emrstudio-prod.us-west-2.amazonaws.com",5,3
"*.airflow.af-south-1.on.aws",PRIVATE,"*.airflow.af-south-1.on.aws",6,3
"*.airflow.af-south-1.on.aws",PRIVATE,"airflow.af-south-1.on.aws",6,3
"*.airflow.ap-east-1.on.aws",PRIVATE,"*.airflow.ap-east-1.on.aws",6,3
"*.airflow.ap-east-1.on.aws",PRIVATE,"airflow.ap-east-1.on.aws",6,3
"*.airflow.ap-northeast-1.on.aws",PRIVATE,"*.airflow.ap-northeast-1.on.aws",6,3
"*.airflow.ap-northeast-1.on.aws",PRIVATE,"airflow.ap-northeast-1.on.aws",6,3
"*.airflow.ap-northeast-2.on.aws",PRIVATE,"*.airflow.ap-northeast-2.on.aws",6,3
"*.airflow.ap-northeast-2.on.aws",PRIVATE,"airflow.ap-northeast-2.on.aws",6,3
"*.airflow.ap-northeast-3.on.aws",PRIVATE,"*.airflow.ap-northeast-3.on.aws",6,3
"*.airflow.ap-northeast-3.on.aws",PRIVATE,"airflow.ap-northeast-3.on.aws",6,3
"*.airflow.ap-south-1.on.aws",PRIVATE,"*.airflow.ap-south-1.on.aws",6,3
"*.airflow.ap-south-1.on.aws",PRIVATE,"airflow.ap-south-1.on.aws",6,3
"*.airflow.ap-south-2.on.aws",PRIVATE,"*.airflow.ap-south-2.on.aws",6,3
"*.airflow.ap-south-2.on.aws",PRIVATE,"airflow.ap-south-2.on.aws",6,3
"*.airflow.ap-southeast-1.on.aws",PRIVATE,"*.airflow.ap-southeast-1.on.aws",6,3
"*.airflow.ap-southeast-1.on.aws",PRIVATE,"airflow.ap-southeast-1.on.aws",6,3
"*.airflow.ap-southeast-2.on.aws",PRIVATE,"*.airflow.ap-southeast-2.on.aws",6,3
"*.airflow.ap-southeast-2.on.aws",PRIVATE,"airflow.ap-southeast-2.on.aws",6,3
"*.airflow.ap-southeast-3.on.aws",PRIVATE,"*.airflow.ap-southeast-3.on.aws",6,3
"*.airflow.ap-southeast-3.on.aws",PRIVATE,"airflow.ap-southeast-3.on.aws",6,3
"*.airflow.ap-southeast-4.on.aws",PRIVATE,"*.airflow.ap-southeast-4.on.aws",6,3
"*.airflow.ap-southeast-4.on.aws",PRIVATE,"airflow.ap-southeast-4.on.aws",6,3
"*.airflow.ap-southeast-5.on.aws",PRIVATE,"*.airflow.ap-southeast-5.on.aws",6,3
"*.airflow.ap-southeast-5.on.aws",PRIVATE,"airflow.ap-southeast-5.on.aws",6,3
"*.airflow.ca-central-1.on.aws",PRIVATE,"*.airflow.ca-central-1.on.aws",6,3
"*.airflow.ca-central-1.on.aws",PRIVATE,"airflow.ca-central-1.on.aws",6,3
"*.airflow.ca-west-1.on.aws",PRIVATE,"*.airflow.ca-west-1.on.aws",6,3
"*.airflow.ca-west-1.on.aws",PRIVATE,"airflow.ca-west-1.on.aws",6,3
"*.airflow.eu-central-1.on.aws",PRIVATE,"*.airflow.eu-central-1.on.aws",6,3
"*.airflow.eu-central-1.on.aws",PRIVATE,"airflow.eu-central-1.on.aws",6,3
"*.airflow.eu-central-2.on.aws",PRIVATE,"*.airflow.eu-central-2.on.aws",6,3
"*.airflow.eu-central-2.on.aws",PRIVATE,"airflow.eu-central-2.on.aws",6,3
"*.airflow.eu-north-1.on.aws",PRIVATE,"*.airflow.eu-north-1.on.aws",6,3
"*.airflow.eu-north-1.on.aws",PRIVATE,"airflow.eu-north-1.on.aws",6,3
"*.airflow.eu-south-1.on.aws",PRIVATE,"*.airflow.eu-south-1.on.aws",6,3
"*.airflow.eu-south-1.on.aws",PRIVATE,"airflow.eu-south-1.on.aws",6,3
"*.airflow.eu-south-2.on.aws",PRIVATE,"*.airflow.eu-south-2.on.aws",6,3
"*.airflow.eu-south-2.on.aws",PRIVATE,"airflow.eu-south-2.on.aws",6,3
"*.airflow.eu-west-1.on.aws",PRIVATE,"*.airflow.eu-west-1.on.aws",6,3
"*.airflow.eu-west-1.on.aws",PRIVATE,"airflow.eu-west-1.on.aws",6,3
"*.airflow.eu-west-2.on.aws",PRIVATE,"*.airflow.eu-west-2.on.aws",6,3
"*.airflow.eu-west-2.on.aws",PRIVATE,"airflow.eu-west-2.on.aws",6,3
"*.airflow.eu-west-3.on.aws",PRIVATE,"*.airflow.eu-west-3.on.aws",6,3
"*.airflow.eu-west-3.on.aws",PRIVATE,"airflow.eu-west-3.on.aws",6,3
"*.airflow.il-central-1.on.aws",PRIVATE,"*.airflow.il-central-1.on.aws",6,3
"*.airflow.il-central-1.on.aws",PRIVATE,"airflow.il-central-1.on.aws",6,3
"*.airflow.me-central-1.on.aws",PRIVATE,"*.airflow.me-central-1.on.aws",6,3
"*.airflow.me-central-1.on.aws",PRIVATE,"airflow.me-central-1.on.aws",6,3
"*.airflow.me-south-1.on.aws",PRIVATE,"*.airflow.me-south-1.on.aws",6,3
"*.airflow.me-south-1.on.aws",PRIVATE,"airflow.me-south-1.on.aws",6,3
"*.airflow.sa-east-1.on.aws",PRIVATE,"*.airflow.sa-east-1.on.aws",6,3
"*.airflow.sa-east-1.on.aws",PRIVATE,"airflow.sa-east-1.on.aws",6,3
"*.airflow.us-east-1.on.aws",PRIVATE,"*.airflow.us-east-1.on.aws",6,3
"*.airflow.us-east-1.on.aws",PRIVATE,"airflow.us-east-1.on.aws",6,3
"*.airflow.us-east-2.on.aws",PRIVATE,"*.airflow.us-east-2.on.aws",6,3
"*.airflow.us-east-2.on.aws",PRIVATE,"airflow.us-east-2.on.aws",6,3
"*.airflow.us-west-1.on.aws",PRIVATE,"*.airflow.us-west-1.on.aws",6,3
"*.airflow.us-west-1.on.aws",PRIVATE,"airflow.us-west-1.on.aws",6,3
"*.airflow.us-west-2.on.aws",PRIVATE,"*.airflow.us-west-2.on.aws",6,3
"*.airflow.us-west-2.on.aws",PRIVATE,"airflow.us-west-2.on.aws",6,3
"*.af-south-1.airflow.amazonaws.com",PRIVATE,"*.af-south-1.airflow.amazonaws.com",6,3
"*.af-south-1.airflow.amazonaws.com",PRIVATE,"af-south-1.airflow.amazonaws.com",6,3
"*.ap-east-1.airflow.amazonaws.com",PRIVATE,"*.ap-east-1.airflow.amazonaws.com",6,3
"*.ap-east-1.airflow.amazonaws.com",PRIVATE,"ap-east-1.airflow.amazonaws.com",6,3
"*.ap-northeast-1.airflow.amazonaws.com",PRIVATE,"*.ap-northeast-1.airflow.amazonaws.com",6,3
"*.ap-northeast-1.airflow.amazonaws.com",PRIVATE,"ap-northeast-1.airflow.amazonaws.com",6,3
"*.ap-northeast-2.airflow.amazonaws.com",PRIVATE,"*.ap-northeast-2.airflow.amazonaws.com",6,3
"*.ap-northeast-2.airflow.amazonaws.com",PRIVATE,"ap-northeast-2.airflow.amazonaws.com",6,3
"*.ap-northeast-3.airflow.amazonaws.com",PRIVATE,"*.ap-northeast-3.airflow.amazonaws.com",6,3
"*.ap-northeast-3.airflow.amazonaws.com",PRIVATE,"ap-northeast-3.airflow.amazonaws.com",6,3
"*.ap-south-1.airflow.amazonaws.com",PRIVATE,"*.ap-south-1.airflow.amazonaws.com",6,3
"*.ap-south-1.airflow.amazonaws.com",PRIVATE,"ap-south-1.airflow.amazonaws.com",6,3
"*.ap-south-2.airflow.amazonaws.com",PRIVATE,"*.ap-south-2.airflow.amazonaws.com",6,3
"*.ap-south-2.airflow.amazonaws.com",PRIVATE,"ap-south-2.airflow.amazonaws.com",6,3
"*.ap-southeast-1.airflow.amazonaws.com",PRIVATE,"*.ap-southeast-1.airflow.amazonaws.com",6,3
"*.ap-southeast-1.airflow.amazonaws.com",PRIVATE,"ap-southeast-1.airflow.amazonaws.com",6,3
"*.ap-southeast-2.airflow.amazonaws.com",PRIVATE,"*.ap-southeast-2.airflow.amazonaws.com",6,3
"*.ap-southeast-2.airflow.amazonaws.com",PRIVATE,"ap-southeast-2.airflow.amazonaws.com",6,3
"*.ap-southeast-3.airflow.amazonaws.com",PRIVATE,"*.ap-southeast-3.airflow.amazonaws.com",6,3
"*.ap-southeast-3.airflow.amazonaws.com",PRIVATE,"ap-southeast-3.airflow.amazonaws.com",6,3
"*.ap-southeast-4.airflow.amazonaws.com",PRIVATE,"*.ap-southeast-4.airflow.amazonaws.com",6,3
"*.ap-southeast-4.airflow.amazonaws.com",PRIVATE,"ap-southeast-4.airflow.amazonaws.com",6,3
"*.ap-southeast-5.airflow.amazonaws.com",PRIVATE,"*.ap-southeast-5.airflow.amazonaws.com",6,3
"*.ap-southeast-5.airflow.amazonaws.com",PRIVATE,"ap-southeast-5.airflow.amazonaws.com",6,3
"*.ca-central-1.airflow.amazonaws.com",PRIVATE,"*.ca-central-1.airflow.amazonaws.com",6,3
"*.ca-central-1.airflow.amazonaws.com",PRIVATE,"ca-central-1.airflow.amazonaws.com",6,3
"*.ca-west-1.airflow.amazonaws.com",PRIVATE,"*.ca-west-1.airflow.amazonaws.com",6,3
"*.ca-west-1.airflow.amazonaws.com",PRIVATE,"ca-west-1.airflow.amazonaws.com",6,3
"*.eu-central-1.airflow.amazonaws.com",PRIVATE,"*.eu-central-1.airflow.amazonaws.com",6,3
"*.eu-central-1.airflow.amazonaws.com",PRIVATE,"eu-central-1.airflow.amazonaws.com",6,3
"*.eu-central-2.airflow.amazonaws.com",PRIVATE,"*.eu-central-2.airflow.amazonaws.com",6,3
"*.eu-central-2.airflow.amazonaws.com",PRIVATE,"eu-central-2.airflow.amazonaws.com",6,3
"*.eu-north-1.airflow.amazonaws.com",PRIVATE,"*.eu-north-1.airflow.amazonaws.com",6,3
"*.eu-north-1.airflow.amazonaws.com",PRIVATE,"eu-north-1.airflow.amazonaws.com",6,3
"*.eu-south-1.airflow.amazonaws.com",PRIVATE,"*.eu-south-1.airflow.amazonaws.com",6,3
"*.eu-south-1.airflow.amazonaws.com",PRIVATE,"eu-south-1.airflow.amazonaws.com",6,3
"*.eu-south-2.airflow.amazonaws.com",PRIVATE,"*.eu-south-2.airflow.amazonaws.com",6,3
"*.eu-south-2.airflow.amazonaws.com",PRIVATE,"eu-south-2.airflow.amazonaws.com",6,3
"*.eu-west-1.airflow.amazonaws.com",PRIVATE,"*.eu-west-1.airflow.amazonaws.com",6,3
"*.eu-west-1.airflow.amazonaws.com",PRIVATE,"eu-west-1.airflow.amazonaws.com",6,3
"*.eu-west-2.airflow.amazonaws.com",PRIVATE,"*.eu-west-2.airflow.amazonaws.com",6,3
"*.eu-west-2.airflow.amazonaws.com",PRIVATE,"eu-west-2.airflow.amazonaws.com",6,3
"*.eu-west-3.airflow.amazonaws.com",PRIVATE,"*.eu-west-3.airflow.amazonaws.com",6,3
"*.eu-west-3.airflow.amazonaws.com",PRIVATE,"eu-west-3.airflow.amazonaws.com",6,3
"*.il-central-1.airflow.amazonaws.com",PRIVATE,"*.il-central-1.airflow.amazonaws.com",6,3
"*.il-central-1.airflow.amazonaws.com",PRIVATE,"il-central-1.airflow.amazonaws.com",6,3
"*.me-central-1.airflow.amazonaws.com",PRIVATE,"*.me-central-1.airflow.amazonaws.com",6,3
"*.me-central-1.airflow.amazonaws.com",PRIVATE,"me-central-1.airflow.amazonaws.com",6,3
"*.me-south-1.airflow.amazonaws.com",PRIVATE,"*.me-south-1.airflow.amazonaws.com",6,3
"*.me-south-1.airflow.amazonaws.com",PRIVATE,"me-south-1.airflow.amazonaws.com",6,3
"*.sa-east-1.airflow.amazonaws.com",PRIVATE,"*.sa-east-1.airflow.amazonaws.com",6,3
"*.sa-east-1.airflow.amazonaws.com",PRIVATE,"sa-east-1.airflow.amazonaws.com",6,3
"*.us-east-1.airflow.amazonaws.com",PRIVATE,"*.us-east-1.airflow.amazonaws.com",6,3
"*.us-east-1.airflow.amazonaws.com",PRIVATE,"us-east-1.airflow.amazonaws.com",6,3
"*.us-east-2.airflow.amazonaws.com",PRIVATE,"*.us-east-2.airflow.amazonaws.com",6,3
"*.us-east-2.airflow.amazonaws.com",PRIVATE,"us-east-2.airflow.amazonaws.com",6,3
"*.us-west-1.airflow.amazonaws.com",PRIVATE,"*.us-west-1.airflow.amazonaws.com",6,3
"*.us-west-1.airflow.amazonaws.com",PRIVATE,"us-west-1.airflow.amazonaws.com",6,3
"*.us-west-2.airflow.amazonaws.com",PRIVATE,"*.us-west-2.airflow.amazonaws.com",6,3
"*.us-west-2.airflow.amazonaws.com",PRIVATE,"us-west-2.airflow.amazonaws.com",6,3
"s3.af-south-1.amazonaws.com",PRIVATE,"*.s3.af-south-1.amazonaws.com",5,3
"s3.af-south-1.amazonaws.com",PRIVATE,"s3.af-south-1.amazonaws.com",5,3
"s3-accesspoint.af-south-1.amazonaws.com",PRIVATE,"*.s3-accesspoint.af-south-1.amazonaws.com",5,3
"s3-accesspoint.af-south-1.amazonaws.com",PRIVATE,"s3-accesspoint.af-south-1.amazonaws.com",5,3
"s3-object-lambda.af-south-1.amazonaws.com",PRIVATE,"*.s3-object-lambda.af-south-1.amazonaws.com",5,3
"s3-object-lambda.af-south-1.amazonaws.com",PRIVATE,"s3-object-lambda.af-south-1.amazonaws.com",5,3
"s3-website.af-south-1.amazonaws.com",PRIVATE,"*.s3-website.af-south-1.amazonaws.com",5,3
"s3-website.af-south-1.amazonaws.com",PRIVATE,"s3-website.af-south-1.amazonaws.com",5,3
"s3.ap-east-1.amazonaws.com",PRIVATE,"*.s3.ap-east-1.amazonaws.com",5,3
"s3.ap-east-1.amazonaws.com",PRIVATE,"s3.ap-east-1.amazonaws.com",5,3
"s3-accesspoint.ap-east-1.amazonaws.com",PRIVATE,"*.s3-accesspoint.ap-east-1.amazonaws.com",5,3
"s3-accesspoint.ap-east-1.amazonaws.com",PRIVATE,"s3-accesspoint.ap-east-1.amazonaws.com",5,3
"s3-object-lambda.ap-east-1.amazonaws.com",PRIVATE,"*.s3-object-lambda.ap-east-1.amazonaws.com",5,3
"s3-object-lambda.ap-east-1.amazonaws.com",PRIVATE,"s3-object-lambda.ap-east-1.amazonaws.com",5,3
"s3-website.ap-east-1.amazonaws.com",PRIVATE,"*.s3-website.ap-east-1.amazonaws.com",5,3
"s3-website.ap-east-1.amazonaws.com",PRIVATE,"s3-website.ap-east-1.amazonaws.com",5,3
"s3.ap-northeast-1.amazonaws.com",PRIVATE,"*.s3.ap-northeast-1.amazonaws.com",5,3
"s3.ap-northeast-1.amazonaws.com",PRIVATE,"s3.ap-northeast-1.amazonaws.com",5,3
"s3-accesspoint.ap-northeast-1.amazonaws.com",PRIVATE,"*.s3-accesspoint.ap-northeast-1.amazonaws.com",5,3
"s3-accesspoint.ap-northeast-1.amazonaws.com",PRIVATE,"s3-accesspoint.ap-northeast-1.amazonaws.com",5,3
"s3-object-lambda.ap-northeast-1.amazonaws.com",PRIVATE,"*.s3-object-lambda.ap-northeast-1.amazonaws.com",5,3
"s3-object-lambda.ap-northeast-1.amazonaws.com",PRIVATE,"s3-object-lambda.ap-northeast-1.amazonaws.com",5,3
"s3-website.ap-northeast-1.amazonaws.com",PRIVATE,"*.s3-website.ap-northeast-1.amazonaws.com",5,3
"s3-website.ap-northeast-1.amazonaws.com",PRIVATE,"s3-website.ap-northeast-1.amazonaws.com",5,3
"s3.ap-northeast-2.amazonaws.com",PRIVATE,"*.s3.ap-northeast-2.amazonaws.com",5,3
"s3.ap-northeast-2.amazonaws.com",PRIVATE,"s3.ap-northeast-2.amazonaws.com",5,3
"s3-accesspoint.ap-northeast-2.amazonaws.com",PRIVATE,"*.s3-accesspoint.ap-northeast-2.amazonaws.com",5,3
"s3-accesspoint.ap-northeast-2.amazonaws.com",PRIVATE,"s3-accesspoint.ap-northeast-2.amazonaws.com",5,3
"s3-object-lambda.ap-northeast-2.amazonaws.com",PRIVATE,"*.s3-object-lambda.ap-northeast-2.amazonaws.com",5,3
"s3-object-lambda.ap-northeast-2.amazonaws.com",PRIVATE,"s3-object-lambda.ap-northeast-2.amazonaws.com",5,3
"s3-website.ap-northeast-2.amazonaws.com",PRIVATE,"*.s3-website.ap-northeast-2.amazonaws.com",5,3
"s3-website.ap-northeast-2.amazonaws.com",PRIVATE,"s3-website.ap-northeast-2.amazonaws.com",5,3
"s3.ap-northeast-3.amazonaws.com",PRIVATE,"*.s3.ap-northeast-3.amazonaws.com",5,3
"s3.ap-northeast-3.amazonaws.com",PRIVATE,"s3.ap-northeast-3.amazonaws.com",5,3
"s3-accesspoint.ap-northeast-3.amazonaws.com",PRIVATE,"*.s3-accesspoint.ap-northeast-3.amazonaws.com",5,3
"s3-accesspoint.ap-northeast-3.amazonaws.com",PRIVATE,"s3-accesspoint.ap-northeast-3.amazonaws.com",5,3
"s3-object-lambda.ap-northeast-3.amazonaws.com",PRIVATE,"*.s3-object-lambda.ap-northeast-3.amazonaws.com",5,3
"s3-object-lambda.ap-northeast-3.amazonaws.com",PRIVATE,"s3-object-lambda.ap-northeast-3.amazonaws.com",5,3
"s3-website.ap-northeast-3.amazonaws.com",PRIVATE,"*.s3-website.ap-northeast-3.amazonaws.com",5,3
"s3-website.ap-northeast-3.amazonaws.com",PRIVATE,"s3-website.ap-northeast-3.amazonaws.com",5,3
"s3.ap-south-1.amazonaws.com",PRIVATE,"*.s3.ap-south-1.amazonaws.com",5,3
"s3.ap-south-1.amazonaws.com",PRIVATE,"s3.ap-south-1.amazonaws.com",5,3
"s3-accesspoint.ap-south-1.amazonaws.com",PRIVATE,"*.s3-accesspoint.ap-south-1.amazonaws.com",5,3
"s3-accesspoint.ap-south-1.amazonaws.com",PRIVATE,"s3-accesspoint.ap-south-1.amazonaws.com",5,3
"s3-object-lambda.ap-south-1.amazonaws.com",PRIVATE,"*.s3-object-lambda.ap-south-1.amazonaws.com",5,3
"s3-object-lambda.ap-south-1.amazonaws.com",PRIVATE,"s3-object-lambda.ap-south-1.amazonaws.com",5,3
"s3-website.ap-south-1.amazonaws.com",PRIVATE,"*.s3-website.ap-south-1.amazonaws.com",5,3
"s3-website.ap-south-1.amazonaws.com",PRIVATE,"s3-website.ap-south-1.amazonaws.com",5,3
"s3.ap-south-2.amazonaws.com",PRIVATE,"*.s3.ap-south-2.amazonaws.com",5,3
"s3.ap-south-2.amazonaws.com",PRIVATE,"s3.ap-south-2.amazonaws.com",5,3
"s3-accesspoint.ap-south-2.amazonaws.com",PRIVATE,"*.s3-accesspoint.ap-south-2.amazonaws.com",5,3
"s3-accesspoint.ap-south-2.amazonaws.com",PRIVATE,"s3-accesspoint.ap-south-2.amazonaws.com",5,3
"s3-object-lambda.ap-south-2.amazonaws.com",PRIVATE,"*.s3-object-lambda.ap-south-2.amazonaws.com",5,3
"s3-object-lambda.ap-south-2.amazonaws.com",PRIVATE,"s3-object-lambda.ap-south-2.amazonaws.com",5,3
"s3-website.ap-south-2.amazonaws.com",PRIVATE,"*.s3-website.ap-south-2.amazonaws.com",5,3
"s3-website.ap-south-2.amazonaws.com",PRIVATE,"s3-website.ap-south-2.amazonaws.com",5,3
"s3.ap-southeast-1.amazonaws.com",PRIVATE,"*.s3.ap-southeast-1.amazonaws.com",5,3
"s3.ap-southeast-1.amazonaws.com",PRIVATE,"s3.ap-southeast-1.amazonaws.com",5,3
"s3-accesspoint.ap-southeast-1.amazonaws.com",PRIVATE,"*.s3-accesspoint.ap-southeast-1.amazonaws.com",5,3
"s3-accesspoint.ap-southeast-1.amazonaws.com",PRIVATE,"s3-accesspoint.ap-southeast-1.amazonaws.com",5,3
"s3-object-lambda.ap-southeast-1.amazonaws.com",PRIVATE,"*.s3-object-lambda.ap-southeast-1.amazonaws.com",5,3
"s3-object-lambda.ap-southeast-1.amazonaws.com",PRIVATE,"s3-object-lambda.ap-southeast-1.amazonaws.com",5,3
"s3-website.ap-southeast-1.amazonaws.com",PRIVATE,"*.s3-website.ap-southeast-1.amazonaws.com",5,3
"s3-website.ap-southeast-1.amazonaws.com",PRIVATE,"s3-website.ap-southeast-1.amazonaws.com",5,3
"s3.ap-southeast-2.amazonaws.com",PRIVATE,"*.s3.ap-southeast-2.amazonaws.com",5,3
"s3.ap-southeast-2.amazonaws.com",PRIVATE,"s3.ap-southeast-2.amazonaws.com",5,3
"s3-accesspoint.ap-southeast-2.amazonaws.com",PRIVATE,"*.s3-accesspoint.ap-southeast-2.amazonaws.com",5,3
"s3-accesspoint.ap-southeast-2.amazonaws.com",PRIVATE,"s3-accesspoint.ap-southeast-2.amazonaws.com",5,3
"s3-object-lambda.ap-southeast-2.amazonaws.com",PRIVATE,"*.s3-object-lambda.ap-southeast-2.amazonaws.com",5,3
"s3-object-lambda.ap-southeast-2.amazonaws.com",PRIVATE,"s3-object-lambda.ap-southeast-2.amazonaws.com",5,3
"s3-website.ap-southeast-2.amazonaws.com",PRIVATE,"*.s3-website.ap-southeast-2.amazonaws.com",5,3
"s3-website.ap-southeast-2.amazonaws.com",PRIVATE,"s3-website.ap-southeast-2.amazonaws.com",5,3
"s3.ap-southeast-3.amazonaws.com",PRIVATE,"*.s3.ap-southeast-3.amazonaws.com",5,3
"s3.ap-southeast-3.amazonaws.com",PRIVATE,"s3.ap-southeast-3.amazonaws.com",5,3
"s3-accesspoint.ap-southeast-3.amazonaws.com",PRIVATE,"*.s3-accesspoint.ap-southeast-3.amazonaws.com",5,3
"s3-accesspoint.ap-southeast-3.amazonaws.com",PRIVATE,"s3-accesspoint.ap-southeast-3.amazonaws.com",5,3
"s3-object-lambda.ap-southeast-3.amazonaws.com",PRIVATE,"*.s3-object-lambda.ap-southeast-3.amazonaws.com",5,3
"s3-object-lambda.ap-southeast-3.amazonaws.com",PRIVATE,"s3-object-lambda.ap-southeast-3.amazonaws.com",5,3
"s3-website.ap-southeast-3.amazonaws.com",PRIVATE,"*.s3-website.ap-southeast-3.amazonaws.com",5,3
"s3-website.ap-southeast-3.amazonaws.com",PRIVATE,"s3-website.ap-southeast-3.amazonaws.com",5,3
"s3.ap-southeast-4.amazonaws.com",PRIVATE,"*.s3.ap-southeast-4.amazonaws.com",5,3
"s3.ap-southeast-4.amazonaws.com",PRIVATE,"s3.ap-southeast-4.amazonaws.com",5,3
"s3-accesspoint.ap-southeast-4.amazonaws.com",PRIVATE,"*.s3-accesspoint.ap-southeast-4.amazonaws.com",5,3
"s3-accesspoint.ap-southeast-4.amazonaws.com",PRIVATE,"s3-accesspoint.ap-southeast-4.amazonaws.com",5,3
"s3-object-lambda.ap-southeast-4.amazonaws.com",PRIVATE,"*.s3-object-lambda.ap-southeast-4.amazonaws.com",5,3
"s3-object-lambda.ap-southeast-4.amazonaws.com",PRIVATE,"s3-object-lambda.ap-southeast-4.amazonaws.com",5,3
"s3-website.ap-southeast-4.amazonaws.com",PRIVATE,"*.s3-website.ap-southeast-4.amazonaws.com",5,3
"s3-website.ap-southeast-4.amazonaws.com",PRIVATE,"s3-website.ap-southeast-4.amazonaws.com",5,3
"s3.ap-southeast-5.amazonaws.com",PRIVATE,"*.s3.ap-southeast-5.amazonaws.com",5,3
"s3.ap-southeast-5.amazonaws.com",PRIVATE,"s3.ap-southeast-5.amazonaws.com",5,3
"s3-accesspoint.ap-southeast-5.amazonaws.com",PRIVATE,"*.s3-accesspoint.ap-southeast-5.amazonaws.com",5,3
"s3-accesspoint.ap-southeast-5.amazonaws.com",PRIVATE,"s3-accesspoint.ap-southeast-5.amazonaws.com",5,3
"s3-deprecated.ap-southeast-5.amazonaws.com",PRIVATE,"*.s3-deprecated.ap-southeast-5.amazonaws.com",5,3
"s3-deprecated.ap-southeast-5.amazonaws.com",PRIVATE,"s3-deprecated.ap-southeast-5.amazonaws.com",5,3
"s3-object-lambda.ap-southeast-5.amazonaws.com",PRIVATE,"*.s3-object-lambda.ap-southeast-5.amazonaws.com",5,3
"s3-object-lambda.ap-southeast-5.amazonaws.com",PRIVATE,"s3-object-lambda.ap-southeast-5.amazonaws.com",5,3
"s3-website.ap-southeast-5.amazonaws.com",PRIVATE,"*.s3-website.ap-southeast-5.amazonaws.com",5,3
"s3-website.ap-southeast-5.amazonaws.com",PRIVATE,"s3-website.ap-southeast-5.amazonaws.com",5,3
"s3.ca-central-1.amazonaws.com",PRIVATE,"*.s3.ca-central-1.amazonaws.com",5,3
"s3.ca-central-1.amazonaws.com",PRIVATE,"s3.ca-central-1.amazonaws.com",5,3
"s3-accesspoint.ca-central-1.amazonaws.com",PRIVATE,"*.s3-accesspoint.ca-central-1.amazonaws.com",5,3
"s3-accesspoint.ca-central-1.amazonaws.com",PRIVATE,"s3-accesspoint.ca-central-1.amazonaws.com",5,3
"s3-accesspoint-fips.ca-central-1.amazonaws.com",PRIVATE,"*.s3-accesspoint-fips.ca-central-1.amazonaws.com",5,3
"s3-accesspoint-fips.ca-central-1.amazonaws.com",PRIVATE,"s3-accesspoint-fips.ca-central-1.amazonaws.com",5,3
"s3-fips.ca-central-1.amazonaws.com",PRIVATE,"*.s3-fips.ca-central-1.amazonaws.com",5,3
"s3-fips.ca-central-1.amazonaws.com",PRIVATE,"s3-fips.ca-central-1.amazonaws.com",5,3
"s3-object-lambda.ca-central-1.amazonaws.com",PRIVATE,"*.s3-object-lambda.ca-central-1.amazonaws.com",5,3
"s3-object-lambda.ca-central-1.amazonaws.com",PRIVATE,"s3-object-lambda.ca-central-1.amazonaws.com",5,3
"s3-website.ca-central-1.amazonaws.com",PRIVATE,"*.s3-website.ca-central-1.amazonaws.com",5,3
"s3-website.ca-central-1.amazonaws.com",PRIVATE,"s3-website.ca-central-1.amazonaws.com",5,3
"s3.ca-west-1.amazonaws.com",PRIVATE,"*.s3.ca-west-1.amazonaws.com",5,3
"s3.ca-west-1.amazonaws.com",PRIVATE,"s3.ca-west-1.amazonaws.com",5,3
"s3-accesspoint.ca-west-1.amazonaws.com",PRIVATE,"*.s3-accesspoint.ca-west-1.amazonaws.com",5,3
"s3-accesspoint.ca-west-1.amazonaws.com",PRIVATE,"s3-accesspoint.ca-west-1.amazonaws.com",5,3
"s3-accesspoint-fips.ca-west-1.amazonaws.com",PRIVATE,"*.s3-accesspoint-fips.ca-west-1.amazonaws.com",5,3
"s3-accesspoint-fips.ca-west-1.amazonaws.com",PRIVATE,"s3-accesspoint-fips.ca-west-1.amazonaws.com",5,3
"s3-fips.ca-west-1.amazonaws.com",PRIVATE,"*.s3-fips.ca-west-1.amazonaws.com",5,3
"s3-fips.ca-west-1.amazonaws.com",PRIVATE,"s3-fips.ca-west-1.amazonaws.com",5,3
"s3-object-lambda.ca-west-1.amazonaws.com",PRIVATE,"*.s3-object-lambda.ca-west-1.amazonaws.com",5,3
"s3-object-lambda.ca-west-1.amazonaws.com",PRIVATE,"s3-object-lambda.ca-west-1.amazonaws.com",5,3
"s3-website.ca-west-1.amazonaws.com",PRIVATE,"*.s3-website.ca-west-1.amazonaws.com",5,3
"s3-website.ca-west-1.amazonaws.com",PRIVATE,"s3-website.ca-west-1.amazonaws.com",5,3
"s3.eu-central-1.amazonaws.com",PRIVATE,"*.s3.eu-central-1.amazonaws.com",5,3
"s3.eu-central-1.amazonaws.com",PRIVATE,"s3.eu-central-1.amazonaws.com",5,3
"s3-accesspoint.eu-central-1.amazonaws.com",PRIVATE,"*.s3-accesspoint.eu-central-1.amazonaws.com",5,3
"s3-accesspoint.eu-central-1.amazonaws.com",PRIVATE,"s3-accesspoint.eu-central-1.amazonaws.com",5,3
"s3-object-lambda.eu-central-1.amazonaws.com",PRIVATE,"*.s3-object-lambda.eu-central-1.amazonaws.com",5,3
"s3-object-lambda.eu-central-1.amazonaws.com",PRIVATE,"s3-object-lambda.eu-central-1.amazonaws.com",5,3
"s3-website.eu-central-1.amazonaws.com",PRIVATE,"*.s3-website.eu-central-1.amazonaws.com",5,3
"s3-website.eu-central-1.amazonaws.com",PRIVATE,"s3-website.eu-central-1.amazonaws.com",5,3
"s3.eu-central-2.amazonaws.com",PRIVATE,"*.s3.eu-central-2.amazonaws.com",5,3
"s3.eu-central-2.amazonaws.com",PRIVATE,"s3.eu-central-2.amazonaws.com",5,3
"s3-accesspoint.eu-central-2.amazonaws.com",PRIVATE,"*.s3-accesspoint.eu-central-2.amazonaws.com",5,3
"s3-accesspoint.eu-central-2.amazonaws.com",PRIVATE,"s3-accesspoint.eu-central-2.amazonaws.com",5,3
"s3-object-lambda.eu-central-2.amazonaws.com",PRIVATE,"*.s3-object-lambda.eu-central-2.amazonaws.com",5,3
"s3-object-lambda.eu-central-2.amazonaws.com",PRIVATE,"s3-object-lambda.eu-central-2.amazonaws.com",5,3
"s3-website.eu-central-2.amazonaws.com",PRIVATE,"*.s3-website.eu-central-2.amazonaws.com",5,3
"s3-website.eu-central-2.amazonaws.com",PRIVATE,"s3-website.eu-central-2.amazonaws.com",5,3
"s3.eu-north-1.amazonaws.com",PRIVATE,"*.s3.eu-north-1.amazonaws.com",5,3
"s3.eu-north-1.amazonaws.com",PRIVATE,"s3.eu-north-1.amazonaws.com",5,3
"s3-accesspoint.eu-north-1.amazonaws.com",PRIVATE,"*.s3-accesspoint.eu-north-1.amazonaws.com",5,3
"s3-accesspoint.eu-north-1.amazonaws.com",PRIVATE,"s3-accesspoint.eu-north-1.amazonaws.com",5,3
"s3-object-lambda.eu-north-1.amazonaws.com",PRIVATE,"*.s3-object-lambda.eu-north-1.amazonaws.com",5,3
"s3-object-lambda.eu-north-1.amazonaws.com",PRIVATE,"s3-object-lambda.eu-north-1.amazonaws.com",5,3
"s3-website.eu-north-1.amazonaws.com",PRIVATE,"*.s3-website.eu-north-1.amazonaws.com",5,3
"s3-website.eu-north-1.amazonaws.com",PRIVATE,"s3-website.eu-north-1.amazonaws.com",5,3
"s3.eu-south-1.amazonaws.com",PRIVATE,"*.s3.eu-south-1.amazonaws.com",5,3
"s3.eu-south-1.amazonaws.com",PRIVATE,"s3.eu-south-1.amazonaws.com",5,3
"s3-accesspoint.eu-south-1.amazonaws.com",PRIVATE,"*.s3-accesspoint.eu-south-1.amazonaws.com",5,3
"s3-accesspoint.eu-south-1.amazonaws.com",PRIVATE,"s3-accesspoint.eu-south-1.amazonaws.com",5,3
"s3-object-lambda.eu-south-1.amazonaws.com",PRIVATE,"*.s3-object-lambda.eu-south-1.amazonaws.com",5,3
"s3-object-lambda.eu-south-1.amazonaws.com",PRIVATE,"s3-object-lambda.eu-south-1.amazonaws.com",5,3
"s3-website.eu-south-1.amazonaws.com",PRIVATE,"*.s3-website.eu-south-1.amazonaws.com",5,3
"s3-website.eu-south-1.amazonaws.com",PRIVATE,"s3-website.eu-south-1.amazonaws.com",5,3
"s3.eu-south-2.amazonaws.com",PRIVATE,"*.s3.eu-south-2.amazonaws.com",5,3
"s3.eu-south-2.amazonaws.com",PRIVATE,"s3.eu-south-2.amazonaws.com",5,3
"s3-accesspoint.eu-south-2.amazonaws.com",PRIVATE,"*.s3-accesspoint.eu-south-2.amazonaws.com",5,3
"s3-accesspoint.eu-south-2.amazonaws.com",PRIVATE,"s3-accesspoint.eu-south-2.amazonaws.com",5,3
"s3-object-lambda.eu-south-2.amazonaws.com",PRIVATE,"*.s3-object-lambda.eu-south-2.amazonaws.com",5,3
"s3-object-lambda.eu-south-2.amazonaws.com",PRIVATE,"s3-object-lambda.eu-south-2.amazonaws.com",5,3
"s3-website.eu-south-2.amazonaws.com",PRIVATE,"*.s3-website.eu-south-2.amazonaws.com",5,3
"s3-website.eu-south-2.amazonaws.com",PRIVATE,"s3-website.eu-south-2.amazonaws.com",5,3
"s3.eu-west-1.amazonaws.com",PRIVATE,"*.s3.eu-west-1.amazonaws.com",5,3
"s3.eu-west-1.amazonaws.com",PRIVATE,"s3.eu-west-1.amazonaws.com",5,3
"s3-accesspoint.eu-west-1.amazonaws.com",PRIVATE,"*.s3-accesspoint.eu-west-1.amazonaws.com",5,3
"s3-accesspoint.eu-west-1.amazonaws.com",PRIVATE,"s3-accesspoint.eu-west-1.amazonaws.com",5,3
"s3-deprecated.eu-west-1.amazonaws.com",PRIVATE,"*.s3-deprecated.eu-west-1.amazonaws.com",5,3
"s3-deprecated.eu-west-1.amazonaws.com",PRIVATE,"s3-deprecated.eu-west-1.amazonaws.com",5,3
"s3-object-lambda.eu-west-1.amazonaws.com",PRIVATE,"*.s3-object-lambda.eu-west-1.amazonaws.com",5,3
"s3-object-lambda.eu-west-1.amazonaws.com",PRIVATE,"s3-object-lambda.eu-west-1.amazonaws.com",5,3
"s3-website.eu-west-1.amazonaws.com",PRIVATE,"*.s3-website.eu-west-1.amazonaws.com",5,3
"s3-website.eu-west-1.amazonaws.com",PRIVATE,"s3-website.eu-west-1.amazonaws.com",5,3
"s3.eu-west-2.amazonaws.com",PRIVATE,"*.s3.eu-west-2.amazonaws.com",5,3
"s3.eu-west-2.amazonaws.com",PRIVATE,"s3.eu-west-2.amazonaws.com",5,3
"s3-accesspoint.eu-west-2.amazonaws.com",PRIVATE,"*.s3-accesspoint.eu-west-2.amazonaws.com",5,3
"s3-accesspoint.eu-west-2.amazonaws.com",PRIVATE,"s3-accesspoint.eu-west-2.amazonaws.com",5,3
"s3-object-lambda.eu-west-2.amazonaws.com",PRIVATE,"*.s3-object-lambda.eu-west-2.amazonaws.com",5,3
"s3-object-lambda.eu-west-2.amazonaws.com",PRIVATE,"s3-object-lambda.eu-west-2.amazonaws.com",5,3
"s3-website.eu-west-2.amazonaws.com",PRIVATE,"*.s3-website.eu-west-2.amazonaws.com",5,3
"s3-website.eu-west-2.amazonaws.com",PRIVATE,"s3-website.eu-west-2.amazonaws.com",5,3
"s3.eu-west-3.amazonaws.com",PRIVATE,"*.s3.eu-west-3.amazonaws.com",5,3
"s3.eu-west-3.amazonaws.com",PRIVATE,"s3.eu-west-3.amazonaws.com",5,3
"s3-accesspoint.eu-west-3.amazonaws.com",PRIVATE,"*.s3-accesspoint.eu-west-3.amazonaws.com",5,3
"s3-accesspoint.eu-west-3.amazonaws.com",PRIVATE,"s3-accesspoint.eu-west-3.amazonaws.com",5,3
"s3-object-lambda.eu-west-3.amazonaws.com",PRIVATE,"*.s3-object-lambda.eu-west-3.amazonaws.com",5,3
"s3-object-lambda.eu-west-3.amazonaws.com",PRIVATE,"s3-object-lambda.eu-west-3.amazonaws.com",5,3
"s3-website.eu-west-3.amazonaws.com",PRIVATE,"*.s3-website.eu-west-3.amazonaws.com",5,3
"s3-website.eu-west-3.amazonaws.com",PRIVATE,"s3-website.eu-west-3.amazonaws.com",5,3
"s3.il-central-1.amazonaws.com",PRIVATE,"*.s3.il-central-1.amazonaws.com",5,3
"s3.il-central-1.amazonaws.com",PRIVATE,"s3.il-central-1.amazonaws.com",5,3
"s3-accesspoint.il-central-1.amazonaws.com",PRIVATE,"*.s3-accesspoint.il-central-1.amazonaws.com",5,3
"s3-accesspoint.il-central-1.amazonaws.com",PRIVATE,"s3-accesspoint.il-central-1.amazonaws.com",5,3
"s3-object-lambda.il-central-1.amazonaws.com",PRIVATE,"*.s3-object-lambda.il-central-1.amazonaws.com",5,3
"s3-object-lambda.il-central-1.amazonaws.com",PRIVATE,"s3-object-lambda.il-central-1.amazonaws.com",5,3
"s3-website.il-central-1.amazonaws.com",PRIVATE,"*.s3-website.il-central-1.amazonaws.com",5,3
"s3-website.il-central-1.amazonaws.com",PRIVATE,"s3-website.il-central-1.amazonaws.com",5,3
"s3.me-central-1.amazonaws.com",PRIVATE,"*.s3.me-central-1.amazonaws.com",5,3
"s3.me-central-1.amazonaws.com",PRIVATE,"s3.me-central-1.amazonaws.com",5,3
"s3-accesspoint.me-central-1.amazonaws.com",PRIVATE,"*.s3-accesspoint.me-central-1.amazonaws.com",5,3
"s3-accesspoint.me-central-1.amazonaws.com",PRIVATE,"s3-accesspoint.me-central-1.amazonaws.com",5,3
"s3-object-lambda.me-central-1.amazonaws.com",PRIVATE,"*.s3-object-lambda.me-central-1.amazonaws.com",5,3
"s3-object-lambda.me-central-1.amazonaws.com",PRIVATE,"s3-object-lambda.me-central-1.amazonaws.com",5,3
"s3-website.me-central-1.amazonaws.com",PRIVATE,"*.s3-website.me-central-1.amazonaws.com",5,3
"s3-website.me-central-1.amazonaws.com",PRIVATE,"s3-website.me-central-1.amazonaws.com",5,3
"s3.me-south-1.amazonaws.com",PRIVATE,"*.s3.me-south-1.amazonaws.com",5,3
"s3.me-south-1.amazonaws.com",PRIVATE,"s3.me-south-1.amazonaws.com",5,3
"s3-accesspoint.me-south-1.amazonaws.com",PRIVATE,"*.s3-accesspoint.me-south-1.amazonaws.com",5,3
"s3-accesspoint.me-south-1.amazonaws.com",PRIVATE,"s3-accesspoint.me-south-1.amazonaws.com",5,3
"s3-object-lambda.me-south-1.amazonaws.com",PRIVATE,"*.s3-object-lambda.me-south-1.amazonaws.com",5,3
"s3-object-lambda.me-south-1.amazonaws.com",PRIVATE,"s3-object-lambda.me-south-1.amazonaws.com",5,3
"s3-website.me-south-1.amazonaws.com",PRIVATE,"*.s3-website.me-south-1.amazonaws.com",5,3
"s3-website.me-south-1.amazonaws.com",PRIVATE,"s3-website.me-south-1.amazonaws.com",5,3
"s3.sa-east-1.amazonaws.com",PRIVATE,"*.s3.sa-east-1.amazonaws.com",5,3
"s3.sa-east-1.amazonaws.com",PRIVATE,"s3.sa-east-1.amazonaws.com",5,3
"s3-accesspoint.sa-east-1.amazonaws.com",PRIVATE,"*.s3-accesspoint.sa-east-1.amazonaws.com",5,3
"s3-accesspoint.sa-east-1.amazonaws.com",PRIVATE,"s3-accesspoint.sa-east-1.amazonaws.com",5,3
"s3-object-lambda.sa-east-1.amazonaws.com",PRIVATE,"*.s3-object-lambda.sa-east-1.amazonaws.com",5,3
"s3-object-lambda.sa-east-1.amazonaws.com",PRIVATE,"s3-object-lambda.sa-east-1.amazonaws.com",5,3
"s3-website.sa-east-1.amazonaws.com",PRIVATE,"*.s3-website.sa-east-1.amazonaws.com",5,3
"s3-website.sa-east-1.amazonaws.com",PRIVATE,"s3-website.sa-east-1.amazonaws.com",5,3
"s3.us-east-1.amazonaws.com",PRIVATE,"*.s3.us-east-1.amazonaws.com",5,3
"s3.us-east-1.amazonaws.com",PRIVATE,"s3.us-east-1.amazonaws.com",5,3
"s3-accesspoint.us-east-1.amazonaws.com",PRIVATE,"*.s3-accesspoint.us-east-1.amazonaws.com",5,3
"s3-accesspoint.us-east-1.amazonaws.com",PRIVATE,"s3-accesspoint.us-east-1.amazonaws.com",5,3
"s3-accesspoint-fips.us-east-1.amazonaws.com",PRIVATE,"*.s3-accesspoint-fips.us-east-1.amazonaws.com",5,3
"s3-accesspoint-fips.us-east-1.amazonaws.com",PRIVATE,"s3-accesspoint-fips.us-east-1.amazonaws.com",5,3
"s3-deprecated.us-east-1.amazonaws.com",PRIVATE,"*.s3-deprecated.us-east-1.amazonaws.com",5,3
"s3-deprecated.us-east-1.amazonaws.com",PRIVATE,"s3-deprecated.us-east-1.amazonaws.com",5,3
"s3-fips.us-east-1.amazonaws.com",PRIVATE,"*.s3-fips.us-east-1.amazonaws.com",5,3
"s3-fips.us-east-1.amazonaws.com",PRIVATE,"s3-fips.us-east-1.amazonaws.com",5,3
"s3-object-lambda.us-east-1.amazonaws.com",PRIVATE,"*.s3-object-lambda.us-east-1.amazonaws.com",5,3
"s3-object-lambda.us-east-1.amazonaws.com",PRIVATE,"s3-object-lambda.us-east-1.amazonaws.com",5,3
"s3-website.us-east-1.amazonaws.com",PRIVATE,"*.s3-website.us-east-1.amazonaws.com",5,3
"s3-website.us-east-1.amazonaws.com",PRIVATE,"s3-website.us-east-1.amazonaws.com",5,3
"s3.us-east-2.amazonaws.com",PRIVATE,"*.s3.us-east-2.amazonaws.com",5,3
"s3.us-east-2.amazonaws.com",PRIVATE,"s3.us-east-2.amazonaws.com",5,3
"s3-accesspoint.us-east-2.amazonaws.com",PRIVATE,"*.s3-accesspoint.us-east-2.amazonaws.com",5,3
"s3-accesspoint.us-east-2.amazonaws.com",PRIVATE,"s3-accesspoint.us-east-2.amazonaws.com",5,3
"s3-accesspoint-fips.us-east-2.amazonaws.com",PRIVATE,"*.s3-accesspoint-fips.us-east-2.amazonaws.com",5,3
"s3-accesspoint-fips.us-east-2.amazonaws.com",PRIVATE,"s3-accesspoint-fips.us-east-2.amazonaws.com",5,3
"s3-deprecated.us-east-2.amazonaws.com",PRIVATE,"*.s3-deprecated.us-east-2.amazonaws.com",5,3
"s3-deprecated.us-east-2.amazonaws.com",PRIVATE,"s3-deprecated.us-east-2.amazonaws.com",5,3
"s3-fips.us-east-2.amazonaws.com",PRIVATE,"*.s3-fips.us-east-2.amazonaws.com",5,3
"s3-fips.us-east-2.amazonaws.com",PRIVATE,"s3-fips.us-east-2.amazonaws.com",5,3
"s3-object-lambda.us-east-2.amazonaws.com",PRIVATE,"*.s3-object-lambda.us-east-2.amazonaws.com",5,3
"s3-object-lambda.us-east-2.amazonaws.com",PRIVATE,"s3-object-lambda.us-east-2.amazonaws.com",5,3
"s3-website.us-east-2.amazonaws.com",PRIVATE,"*.s3-website.us-east-2.amazonaws.com",5,3
"s3-website.us-east-2.amazonaws.com",PRIVATE,"s3-website.us-east-2.amazonaws.com",5,3
"s3.us-gov-east-1.amazonaws.com",PRIVATE,"*.s3.us-gov-east-1.amazonaws.com",5,3
"s3.us-gov-east-1.amazonaws.com",PRIVATE,"s3.us-gov-east-1.amazonaws.com",5,3
"s3-accesspoint.us-gov-east-1.amazonaws.com",PRIVATE,"*.s3-accesspoint.us-gov-east-1.amazonaws.com",5,3
"s3-accesspoint.us-gov-east-1.amazonaws.com",PRIVATE,"s3-accesspoint.us-gov-east-1.amazonaws.com",5,3
"s3-accesspoint-fips.us-gov-east-1.amazonaws.com",PRIVATE,"*.s3-accesspoint-fips.us-gov-east-1.amazonaws.com",5,3
"s3-accesspoint-fips.us-gov-east-1.amazonaws.com",PRIVATE,"s3-accesspoint-fips.us-gov-east-1.amazonaws.com",5,3
"s3-fips.us-gov-east-1.amazonaws.com",PRIVATE,"*.s3-fips.us-gov-east-1.amazonaws.com",5,3
"s3-fips.us-gov-east-1.amazonaws.com",PRIVATE,"s3-fips.us-gov-east-1.amazonaws.com",5,3
"s3-object-lambda.us-gov-east-1.amazonaws.com",PRIVATE,"*.s3-object-lambda.us-gov-east-1.amazonaws.com",5,3
"s3-object-lambda.us-gov-east-1.amazonaws.com",PRIVATE,"s3-object-lambda.us-gov-east-1.amazonaws.com",5,3
"s3-website.us-gov-east-1.amazonaws.com",PRIVATE,"*.s3-website.us-gov-east-1.amazonaws.com",5,3
"s3-website.us-gov-east-1.amazonaws.com",PRIVATE,"s3-website.us-gov-east-1.amazonaws.com",5,3
"s3.us-gov-west-1.amazonaws.com",PRIVATE,"*.s3.us-gov-west-1.amazonaws.com",5,3
"s3.us-gov-west-1.amazonaws.com",PRIVATE,"s3.us-gov-west-1.amazonaws.com",5,3
"s3-accesspoint.us-gov-west-1.amazonaws.com",PRIVATE,"*.s3-accesspoint.us-gov-west-1.amazonaws.com",5,3
"s3-accesspoint.us-gov-west-1.amazonaws.com",PRIVATE,"s3-accesspoint.us-gov-west-1.amazonaws.com",5,3
"s3-accesspoint-fips.us-gov-west-1.amazonaws.com",PRIVATE,"*.s3-accesspoint-fips.us-gov-west-1.amazonaws.com",5,3
"s3-accesspoint-fips.us-gov-west-1.amazonaws.com",PRIVATE,"s3-accesspoint-fips.us-gov-west-1.amazonaws.com",5,3
"s3-fips.us-gov-west-1.amazonaws.com",PRIVATE,"*.s3-fips.us-gov-west-1.amazonaws.com",5,3
"s3-fips.us-gov-west-1.amazonaws.com",PRIVATE,"s3-fips.us-gov-west-1.amazonaws.com",5,3
"s3-object-lambda.us-gov-west-1.amazonaws.com",PRIVATE,"*.s3-object-lambda.us-gov-west-1.amazonaws.com",5,3
"s3-object-lambda.us-gov-west-1.amazonaws.com",PRIVATE,"s3-object-lambda.us-gov-west-1.amazonaws.com",5,3
"s3-website.us-gov-west-1.amazonaws.com",PRIVATE,"*.s3-website.us-gov-west-1.amazonaws.com",5,3
"s3-website.us-gov-west-1.amazonaws.com",PRIVATE,"s3-website.us-gov-west-1.amazonaws.com",5,3
"s3.us-west-1.amazonaws.com",PRIVATE,"*.s3.us-west-1.amazonaws.com",5,3
"s3.us-west-1.amazonaws.com",PRIVATE,"s3.us-west-1.amazonaws.com",5,3
"s3-accesspoint.us-west-1.amazonaws.com",PRIVATE,"*.s3-accesspoint.us-west-1.amazonaws.com",5,3
"s3-accesspoint.us-west-1.amazonaws.com",PRIVATE,"s3-accesspoint.us-west-1.amazonaws.com",5,3
"s3-accesspoint-fips.us-west-1.amazonaws.com",PRIVATE,"*.s3-accesspoint-fips.us-west-1.amazonaws.com",5,3
"s3-accesspoint-fips.us-west-1.amazonaws.com",PRIVATE,"s3-accesspoint-fips.us-west-1.amazonaws.com",5,3
"s3-fips.us-west-1.amazonaws.com",PRIVATE,"*.s3-fips.us-west-1.amazonaws.com",5,3
"s3-fips.us-west-1.amazonaws.com",PRIVATE,"s3-fips.us-west-1.amazonaws.com",5,3
"s3-object-lambda.us-west-1.amazonaws.com",PRIVATE,"*.s3-object-lambda.us-west-1.amazonaws.com",5,3
"s3-object-lambda.us-west-1.amazonaws.com",PRIVATE,"s3-object-lambda.us-west-1.amazonaws.com",5,3
"s3-website.us-west-1.amazonaws.com",PRIVATE,"*.s3-website.us-west-1.amazonaws.com",5,3
"s3-website.us-west-1.amazonaws.com",PRIVATE,"s3-website.us-west-1.amazonaws.com",5,3
"s3.us-west-2.amazonaws.com",PRIVATE,"*.s3.us-west-2.amazonaws.com",5,3
"s3.us-west-2.amazonaws.com",PRIVATE,"s3.us-west-2.amazonaws.com",5,3
"s3-accesspoint.us-west-2.amazonaws.com",PRIVATE,"*.s3-accesspoint.us-west-2.amazonaws.com",5,3
"s3-accesspoint.us-west-2.amazonaws.com",PRIVATE,"s3-accesspoint.us-west-2.amazonaws.com",5,3
"s3-accesspoint-fips.us-west-2.amazonaws.com",PRIVATE,"*.s3-accesspoint-fips.us-west-2.amazonaws.com",5,3
"s3-accesspoint-fips.us-west-2.amazonaws.com",PRIVATE,"s3-accesspoint-fips.us-west-2.amazonaws.com",5,3
"s3-deprecated.us-west-2.amazonaws.com",PRIVATE,"*.s3-deprecated.us-west-2.amazonaws.com",5,3
"s3-deprecated.us-west-2.amazonaws.com",PRIVATE,"s3-deprecated.us-west-2.amazonaws.com",5,3
"s3-fips.us-west-2.amazonaws.com",PRIVATE,"*.s3-fips.us-west-2.amazonaws.com",5,3
"s3-fips.us-west-2.amazonaws.com",PRIVATE,"s3-fips.us-west-2.amazonaws.com",5,3
"s3-object-lambda.us-west-2.amazonaws.com",PRIVATE,"*.s3-object-lambda.us-west-2.amazonaws.com",5,3
"s3-object-lambda.us-west-2.amazonaws.com",PRIVATE,"s3-object-lambda.us-west-2.amazonaws.com",5,3
"s3-website.us-west-2.amazonaws.com",PRIVATE,"*.s3-website.us-west-2.amazonaws.com",5,3
"s3-website.us-west-2.amazonaws.com",PRIVATE,"s3-website.us-west-2.amazonaws.com",5,3
"labeling.ap-northeast-1.sagemaker.aws",PRIVATE,"*.labeling.ap-northeast-1.sagemaker.aws",5,3
"labeling.ap-northeast-1.sagemaker.aws",PRIVATE,"labeling.ap-northeast-1.sagemaker.aws",5,3
"labeling.ap-northeast-2.sagemaker.aws",PRIVATE,"*.labeling.ap-northeast-2.sagemaker.aws",5,3
"labeling.ap-northeast-2.sagemaker.aws",PRIVATE,"labeling.ap-northeast-2.sagemaker.aws",5,3
"labeling.ap-south-1.sagemaker.aws",PRIVATE,"*.labeling.ap-south-1.sagemaker.aws",5,3
"labeling.ap-south-1.sagemaker.aws",PRIVATE,"labeling.ap-south-1.sagemaker.aws",5,3
"labeling.ap-southeast-1.sagemaker.aws",PRIVATE,"*.labeling.ap-southeast-1.sagemaker.aws",5,3
"labeling.ap-southeast-1.sagemaker.aws",PRIVATE,"labeling.ap-southeast-1.sagemaker.aws",5,3
"labeling.ap-southeast-2.sagemaker.aws",PRIVATE,"*.labeling.ap-southeast-2.sagemaker.aws",5,3
"labeling.ap-southeast-2.sagemaker.aws",PRIVATE,"labeling.ap-southeast-2.sagemaker.aws",5,3
"labeling.ca-central-1.sagemaker.aws",PRIVATE,"*.labeling.ca-central-1.sagemaker.aws",5,3
"labeling.ca-central-1.sagemaker.aws",PRIVATE,"labeling.ca-central-1.sagemaker.aws",5,3
"labeling.eu-central-1.sagemaker.aws",PRIVATE,"*.labeling.eu-central-1.sagemaker.aws",5,3
"labeling.eu-central-1.sagemaker.aws",PRIVATE,"labeling.eu-central-1.sagemaker.aws",5,3
"labeling.eu-west-1.sagemaker.aws",PRIVATE,"*.labeling.eu-west-1.sagemaker.aws",5,3
"labeling.eu-west-1.sagemaker.aws",PRIVATE,"labeling.eu-west-1.sagemaker.aws",5,3
"labeling.eu-west-2.sagemaker.aws",PRIVATE,"*.labeling.eu-west-2.sagemaker.aws",5,3
"labeling.eu-west-2.sagemaker.aws",PRIVATE,"labeling.eu-west-2.sagemaker.aws",5,3
"labeling.us-east-1.sagemaker.aws",PRIVATE,"*.labeling.us-east-1.sagemaker.aws",5,3
"labeling.us-east-1.sagemaker.aws",PRIVATE,"labeling.us-east-1.sagemaker.aws",5,3
"labeling.us-east-2.sagemaker.aws",PRIVATE,"*.labeling.us-east-2.sagemaker.aws",5,3
"labeling.us-east-2.sagemaker.aws",PRIVATE,"labeling.us-east-2.sagemaker.aws",5,3
"labeling.us-west-2.sagemaker.aws",PRIVATE,"*.labeling.us-west-2.sagemaker.aws",5,3
"labeling.us-west-2.sagemaker.aws",PRIVATE,"labeling.us-west-2.sagemaker.aws",5,3
"notebook.af-south-1.sagemaker.aws",PRIVATE,"*.notebook.af-south-1.sagemaker.aws",5,3
"notebook.af-south-1.sagemaker.aws",PRIVATE,"notebook.af-south-1.sagemaker.aws",5,3
"notebook.ap-east-1.sagemaker.aws",PRIVATE,"*.notebook.ap-east-1.sagemaker.aws",5,3
"notebook.ap-east-1.sagemaker.aws",PRIVATE,"notebook.ap-east-1.sagemaker.aws",5,3
"notebook.ap-northeast-1.sagemaker.aws",PRIVATE,"*.notebook.ap-northeast-1.sagemaker.aws",5,3
"notebook.ap-northeast-1.sagemaker.aws",PRIVATE,"notebook.ap-northeast-1.sagemaker.aws",5,3
"notebook.ap-northeast-2.sagemaker.aws",PRIVATE,"*.notebook.ap-northeast-2.sagemaker.aws",5,3
"notebook.ap-northeast-2.sagemaker.aws",PRIVATE,"notebook.ap-northeast-2.sagemaker.aws",5,3
"notebook.ap-northeast-3.sagemaker.aws",PRIVATE,"*.notebook.ap-northeast-3.sagemaker.aws",5,3
"notebook.ap-northeast-3.sagemaker.aws",PRIVATE,"notebook.ap-northeast-3.sagemaker.aws",5,3
"notebook.ap-south-1.sagemaker.aws",PRIVATE,"*.notebook.ap-south-1.sagemaker.aws",5,3
"notebook.ap-south-1.sagemaker.aws",PRIVATE,"notebook.ap-south-1.sagemaker.aws",5,3
"notebook.ap-south-2.sagemaker.aws",PRIVATE,"*.notebook.ap-south-2.sagemaker.aws",5,3
"notebook.ap-south-2.sagemaker.aws",PRIVATE,"notebook.ap-south-2.sagemaker.aws",5,3
"notebook.ap-southeast-1.sagemaker.aws",PRIVATE,"*.notebook.ap-southeast-1.sagemaker.aws",5,3
"notebook.ap-southeast-1.sagemaker.aws",PRIVATE,"notebook.ap-southeast-1.sagemaker.aws",5,3
"notebook.ap-southeast-2.sagemaker.aws",PRIVATE,"*.notebook.ap-southeast-2.sagemaker.aws",5,3
"notebook.ap-southeast-2.sagemaker.aws",PRIVATE,"notebook.ap-southeast-2.sagemaker.aws",5,3
"notebook.ap-southeast-3.sagemaker.aws",PRIVATE,"*.notebook.ap-southeast-3.sagemaker.aws",5,3
"notebook.ap-southeast-3.sagemaker.aws",PRIVATE,"notebook.ap-southeast-3.sagemaker.aws",5,3
"notebook.ap-southeast-4.sagemaker.aws",PRIVATE,"*.notebook.ap-southeast-4.sagemaker.aws",5,3
"notebook.ap-southeast-4.sagemaker.aws",PRIVATE,"notebook.ap-southeast-4.sagemaker.aws",5,3
"notebook.ca-central-1.sagemaker.aws",PRIVATE,"*.notebook.ca-central-1.sagemaker.aws",5,3
"notebook.ca-central-1.sagemaker.aws",PRIVATE,"notebook.ca-central-1.sagemaker.aws",5,3
"notebook-fips.ca-central-1.sagemaker.aws",PRIVATE,"*.notebook-fips.ca-central-1.sagemaker.aws",5,3
"notebook-fips.ca-central-1.sagemaker.aws",PRIVATE,"notebook-fips.ca-central-1.sagemaker.aws",5,3
"notebook.ca-west-1.sagemaker.aws",PRIVATE,"*.notebook.ca-west-1.sagemaker.aws",5,3
"notebook.ca-west-1.sagemaker.aws",PRIVATE,"notebook.ca-west-1.sagemaker.aws",5,3
"notebook-fips.ca-west-1.sagemaker.aws",PRIVATE,"*.notebook-fips.ca-west-1.sagemaker.aws",5,3
"notebook-fips.ca-west-1.sagemaker.aws",PRIVATE,"notebook-fips.ca-west-1.sagemaker.aws",5,3
"notebook.eu-central-1.sagemaker.aws",PRIVATE,"*.notebook.eu-central-1.sagemaker.aws",5,3
"notebook.eu-central-1.sagemaker.aws",PRIVATE,"notebook.eu-central-1.sagemaker.aws",5,3
"notebook.eu-central-2.sagemaker.aws",PRIVATE,"*.notebook.eu-central-2.sagemaker.aws",5,3
"notebook.eu-central-2.sagemaker.aws",PRIVATE,"notebook.eu-central-2.sagemaker.aws",5,3
"notebook.eu-north-1.sagemaker.aws",PRIVATE,"*.notebook.eu-north-1.sagemaker.aws",5,3
"notebook.eu-north-1.sagemaker.aws",PRIVATE,"notebook.eu-north-1.sagemaker.aws",5,3
"notebook.eu-south-1.sagemaker.aws",PRIVATE,"*.notebook.eu-south-1.sagemaker.aws",5,3
"notebook.eu-south-1.sagemaker.aws",PRIVATE,"notebook.eu-south-1.sagemaker.aws",5,3
"notebook.eu-south-2.sagemaker.aws",PRIVATE,"*.notebook.eu-south-2.sagemaker.aws",5,3
"notebook.eu-south-2.sagemaker.aws",PRIVATE,"notebook.eu-south-2.sagemaker.aws",5,3
"notebook.eu-west-1.sagemaker.aws",PRIVATE,"*.notebook.eu-west-1.sagemaker.aws",5,3
"notebook.eu-west-1.sagemaker.aws",PRIVATE,"notebook.eu-west-1.sagemaker.aws",5,3
"notebook.eu-west-2.sagemaker.aws",PRIVATE,"*.notebook.eu-west-2.sagemaker.aws",5,3
"notebook.eu-west-2.sagemaker.aws",PRIVATE,"notebook.eu-west-2.sagemaker.aws",5,3
"notebook.eu-west-3.sagemaker.aws",PRIVATE,"*.notebook.eu-west-3.sagemaker.aws",5,3
"notebook.eu-west-3.sagemaker.aws",PRIVATE,"notebook.eu-west-3.sagemaker.aws",5,3
"notebook.il-central-1.sagemaker.aws",PRIVATE,"*.notebook.il-central-1.sagemaker.aws",5,3
"notebook.il-central-1.sagemaker.aws",PRIVATE,"notebook.il-central-1.sagemaker.aws",5,3
"notebook.me-central-1.sagemaker.aws",PRIVATE,"*.notebook.me-central-1.sagemaker.aws",5,3
"notebook.me-central-1.sagemaker.aws",PRIVATE,"notebook.me-central-1.sagemaker.aws",5,3
"notebook.me-south-1.sagemaker.aws",PRIVATE,"*.notebook.me-south-1.sagemaker.aws",5,3
"notebook.me-south-1.sagemaker.aws",PRIVATE,"notebook.me-south-1.sagemaker.aws",5,3
"notebook.sa-east-1.sagemaker.aws",PRIVATE,"*.notebook.sa-east-1.sagemaker.aws",5,3
"notebook.sa-east-1.sagemaker.aws",PRIVATE,"notebook.sa-east-1.sagemaker.aws",5,3
"notebook.us-east-1.sagemaker.aws",PRIVATE,"*.notebook.us-east-1.sagemaker.aws",5,3
"notebook.us-east-1.sagemaker.aws",PRIVATE,"notebook.us-east-1.sagemaker.aws",5,3
"notebook-fips.us-east-1.sagemaker.aws",PRIVATE,"*.notebook-fips.us-east-1.sagemaker.aws",5,3
"notebook-fips.us-east-1.sagemaker.aws",PRIVATE,"notebook-fips.us-east-1.sagemaker.aws",5,3
"notebook.us-east-2.sagemaker.aws",PRIVATE,"*.notebook.us-east-2.sagemaker.aws",5,3
"notebook.us-east-2.sagemaker.aws",PRIVATE,"notebook.us-east-2.sagemaker.aws",5,3
"notebook-fips.us-east-2.sagemaker.aws",PRIVATE,"*.notebook-fips.us-east-2.sagemaker.aws",5,3
"notebook-fips.us-east-2.sagemaker.aws",PRIVATE,"notebook-fips.us-east-2.sagemaker.aws",5,3
"notebook.us-gov-east-1.sagemaker.aws",PRIVATE,"*.notebook.us-gov-east-1.sagemaker.aws",5,3
"notebook.us-gov-east-1.sagemaker.aws",PRIVATE,"notebook.us-gov-east-1.sagemaker.aws",5,3
"notebook-fips.us-gov-east-1.sagemaker.aws",PRIVATE,"*.notebook-fips.us-gov-east-1.sagemaker.aws",5,3
"notebook-fips.us-gov-east-1.sagemaker.aws",PRIVATE,"notebook-fips.us-gov-east-1.sagemaker.aws",5,3
"notebook.us-gov-west-1.sagemaker.aws",PRIVATE,"*.notebook.us-gov-west-1.sagemaker.aws",5,3
"notebook.us-gov-west-1.sagemaker.aws",PRIVATE,"notebook.us-gov-west-1.sagemaker.aws",5,3
"notebook-fips.us-gov-west-1.sagemaker.aws",PRIVATE,"*.notebook-fips.us-gov-west-1.sagemaker.aws",5,3
"notebook-fips.us-gov-west-1.sagemaker.aws",PRIVATE,"notebook-fips.us-gov-west-1.sagemaker.aws",5,3
"notebook.us-west-1.sagemaker.aws",PRIVATE,"*.notebook.us-west-1.sagemaker.aws",5,3
"notebook.us-west-1.sagemaker.aws",PRIVATE,"notebook.us-west-1.sagemaker.aws",5,3
"notebook-fips.us-west-1.sagemaker.aws",PRIVATE,"*.notebook-fips.us-west-1.sagemaker.aws",5,3
"notebook-fips.us-west-1.sagemaker.aws",PRIVATE,"notebook-fips.us-west-1.sagemaker.aws",5,3
"notebook.us-west-2.sagemaker.aws",PRIVATE,"*.notebook.us-west-2.sagemaker.aws",5,3
"notebook.us-west-2.sagemaker.aws",PRIVATE,"notebook.us-west-2.sagemaker.aws",5,3
"notebook-fips.us-west-2.sagemaker.aws",PRIVATE,"*.notebook-fips.us-west-2.sagemaker.aws",5,3
"notebook-fips.us-west-2.sagemaker.aws",PRIVATE,"notebook-fips.us-west-2.sagemaker.aws",5,3
"studio.af-south-1.sagemaker.aws",PRIVATE,"*.studio.af-south-1.sagemaker.aws",5,3
"studio.af-south-1.sagemaker.aws",PRIVATE,"studio.af-south-1.sagemaker.aws",5,3
"studio.ap-east-1.sagemaker.aws",PRIVATE,"*.studio.ap-east-1.sagemaker.aws",5,3
"studio.ap-east-1.sagemaker.aws",PRIVATE,"studio.ap-east-1.sagemaker.aws",5,3
"studio.ap-northeast-1.sagemaker.aws",PRIVATE,"*.studio.ap-northeast-1.sagemaker.aws",5,3
"studio.ap-northeast-1.sagemaker.aws",PRIVATE,"studio.ap-northeast-1.sagemaker.aws",5,3
"studio.ap-northeast-2.sagemaker.aws",PRIVATE,"*.studio.ap-northeast-2.sagemaker.aws",5,3
"studio.ap-northeast-2.sagemaker.aws",PRIVATE,"studio.ap-northeast-2.sagemaker.aws",5,3
"studio.ap-northeast-3.sagemaker.aws",PRIVATE,"*.studio.ap-northeast-3.sagemaker.aws",5,3
"studio.ap-northeast-3.sagemaker.aws",PRIVATE,"studio.ap-northeast-3.sagemaker.aws",5,3
"studio.ap-south-1.sagemaker.aws",PRIVATE,"*.studio.ap-south-1.sagemaker.aws",5,3
"studio.ap-south-1.sagemaker.aws",PRIVATE,"studio.ap-south-1.sagemaker.aws",5,3
"studio.ap-southeast-1.sagemaker.aws",PRIVATE,"*.studio.ap-southeast-1.sagemaker.aws",5,3
"studio.ap-southeast-1.sagemaker.aws",PRIVATE,"studio.ap-southeast-1.sagemaker.aws",5,3
"studio.ap-southeast-2.sagemaker.aws",PRIVATE,"*.studio.ap-southeast-2.sagemaker.aws",5,3
"studio.ap-southeast-2.sagemaker.aws",PRIVATE,"studio.ap-southeast-2.sagemaker.aws",5,3
"studio.ap-southeast-3.sagemaker.aws",PRIVATE,"*.studio.ap-southeast-3.sagemaker.aws",5,3
"studio.ap-southeast-3.sagemaker.aws",PRIVATE,"studio.ap-southeast-3.sagemaker.aws",5,3
"studio.ca-central-1.sagemaker.aws",PRIVATE,"*.studio.ca-central-1.sagemaker.aws",5,3
"studio.ca-central-1.sagemaker.aws",PRIVATE,"studio.ca-central-1.sagemaker.aws",5,3
"studio.eu-central-1.sagemaker.aws",PRIVATE,"*.studio.eu-central-1.sagemaker.aws",5,3
"studio.eu-central-1.sagemaker.aws",PRIVATE,"studio.eu-central-1.sagemaker.aws",5,3
"studio.eu-central-2.sagemaker.aws",PRIVATE,"*.studio.eu-central-2.sagemaker.aws",5,3
"studio.eu-central-2.sagemaker.aws",PRIVATE,"studio.eu-central-2.sagemaker.aws",5,3
"studio.eu-north-1.sagemaker.aws",PRIVATE,"*.studio.eu-north-1.sagemaker.aws",5,3
"studio.eu-north-1.sagemaker.aws",PRIVATE,"studio.eu-north-1.sagemaker.aws",5,3
"studio.eu-south-1.sagemaker.aws",PRIVATE,"*.studio.eu-south-1.sagemaker.aws",5,3
"studio.eu-south-1.sagemaker.aws",PRIVATE,"studio.eu-south-1.sagemaker.aws",5,3
"studio.eu-south-2.sagemaker.aws",PRIVATE,"*.studio.eu-south-2.sagemaker.aws",5,3
"studio.eu-south-2.sagemaker.aws",PRIVATE,"studio.eu-south-2.sagemaker.aws",5,3
"studio.eu-west-1.sagemaker.aws",PRIVATE,"*.studio.eu-west-1.sagemaker.aws",5,3
"studio.eu-west-1.sagemaker.aws",PRIVATE,"studio.eu-west-1.sagemaker.aws",5,3
"studio.eu-west-2.sagemaker.aws",PRIVATE,"*.studio.eu-west-2.sagemaker.aws",5,3
"studio.eu-west-2.sagemaker.aws",PRIVATE,"studio.eu-west-2.sagemaker.aws",5,3
"studio.eu-west-3.sagemaker.aws",PRIVATE,"*.studio.eu-west-3.sagemaker.aws",5,3
"studio.eu-west-3.sagemaker.aws",PRIVATE,"studio.eu-west-3.sagemaker.aws",5,3
"studio.il-central-1.sagemaker.aws",PRIVATE,"*.studio.il-central-1.sagemaker.aws",5,3
"studio.il-central-1.sagemaker.aws",PRIVATE,"studio.il-central-1.sagemaker.aws",5,3
"studio.me-central-1.sagemaker.aws",PRIVATE,"*.studio.me-central-1.sagemaker.aws",5,3
"studio.me-central-1.sagemaker.aws",PRIVATE,"studio.me-central-1.sagemaker.aws",5,3
"studio.me-south-1.sagemaker.aws",PRIVATE,"*.studio.me-south-1.sagemaker.aws",5,3
"studio.me-south-1.sagemaker.aws",PRIVATE,"studio.me-south-1.sagemaker.aws",5,3
"studio.sa-east-1.sagemaker.aws",PRIVATE,"*.studio.sa-east-1.sagemaker.aws",5,3
"studio.sa-east-1.sagemaker.aws",PRIVATE,"studio.sa-east-1.sagemaker.aws",5,3
"studio.us-east-1.sagemaker.aws",PRIVATE,"*.studio.us-east-1.sagemaker.aws",5,3
"studio.us-east-1.sagemaker.aws",PRIVATE,"studio.us-east-1.sagemaker.aws",5,3
"studio.us-east-2.sagemaker.aws",PRIVATE,"*.studio.us-east-2.sagemaker.aws",5,3
"studio.us-east-2.sagemaker.aws",PRIVATE,"studio.us-east-2.sagemaker.aws",5,3
"studio.us-gov-east-1.sagemaker.aws",PRIVATE,"*.studio.us-gov-east-1.sagemaker.aws",5,3
"studio.us-gov-east-1.sagemaker.aws",PRIVATE,"studio.us-gov-east-1.sagemaker.aws",5,3
"studio-fips.us-gov-east-1.sagemaker.aws",PRIVATE,"*.studio-fips.us-gov-east-1.sagemaker.aws",5,3
"studio-fips.us-gov-east-1.sagemaker.aws",PRIVATE,"studio-fips.us-gov-east-1.sagemaker.aws",5,3
"studio.us-gov-west-1.sagemaker.aws",PRIVATE,"*.studio.us-gov-west-1.sagemaker.aws",5,3
"studio.us-gov-west-1.sagemaker.aws",PRIVATE,"studio.us-gov-west-1.sagemaker.aws",5,3
"studio-fips.us-gov-west-1.sagemaker.aws",PRIVATE,"*.studio-fips.us-gov-west-1.sagemaker.aws",5,3
"studio-fips.us-gov-west-1.sagemaker.aws",PRIVATE,"studio-fips.us-gov-west-1.sagemaker.aws",5,3
"studio.us-west-1.sagemaker.aws",PRIVATE,"*.studio.us-west-1.sagemaker.aws",5,3
"studio.us-west-1.sagemaker.aws",PRIVATE,"studio.us-west-1.sagemaker.aws",5,3
"studio.us-west-2.sagemaker.aws",PRIVATE,"*.studio.us-west-2.sagemaker.aws",5,3
"studio.us-west-2.sagemaker.aws",PRIVATE,"studio.us-west-2.sagemaker.aws",5,3
"analytics-gateway.ap-northeast-1.amazonaws.com",PRIVATE,"*.analytics-gateway.ap-northeast-1.amazonaws.com",5,3
"analytics-gateway.ap-northeast-1.amazonaws.com",PRIVATE,"analytics-gateway.ap-northeast-1.amazonaws.com",5,3
"analytics-gateway.ap-northeast-2.amazonaws.com",PRIVATE,"*.analytics-gateway.ap-northeast-2.amazonaws.com",5,3
"analytics-gateway.ap-northeast-2.amazonaws.com",PRIVATE,"analytics-gateway.ap-northeast-2.amazonaws.com",5,3
"analytics-gateway.ap-south-1.amazonaws.com",PRIVATE,"*.analytics-gateway.ap-south-1.amazonaws.com",5,3
"analytics-gateway.ap-south-1.amazonaws.com",PRIVATE,"analytics-gateway.ap-south-1.amazonaws.com",5,3
"analytics-gateway.ap-southeast-1.amazonaws.com",PRIVATE,"*.analytics-gateway.ap-southeast-1.amazonaws.com",5,3
"analytics-gateway.ap-southeast-1.amazonaws.com",PRIVATE,"analytics-gateway.ap-southeast-1.amazonaws.com",5,3
"analytics-gateway.ap-southeast-2.amazonaws.com",PRIVATE,"*.analytics-gateway.ap-southeast-2.amazonaws.com",5,3
"analytics-gateway.ap-southeast-2.amazonaws.com",PRIVATE,"analytics-gateway.ap-southeast-2.amazonaws.com",5,3
"analytics-gateway.eu-central-1.amazonaws.com",PRIVATE,"*.analytics-gateway.eu-central-1.amazonaws.com",5,3
"analytics-gateway.eu-central-1.amazonaws.com",PRIVATE,"analytics-gateway.eu-central-1.amazonaws.com",5,3
"analytics-gateway.eu-west-1.amazonaws.com",PRIVATE,"*.analytics-gateway.eu-west-1.amazonaws.com",5,3
"analytics-gateway.eu-west-1.amazonaws.com",PRIVATE,"analytics-gateway.eu-west-1.amazonaws.com",5,3
"analytics-gateway.us-east-1.amazonaws.com",PRIVATE,"*.analytics-gateway.us-east-1.amazonaws.com",5,3
"analytics-gateway.us-east-1.amazonaws.com",PRIVATE,"analytics-gateway.us-east-1.amazonaws.com",5,3
"analytics-gateway.us-east-2.amazonaws.com",PRIVATE,"*.analytics-gateway.us-east-2.amazonaws.com",5,3
"analytics-gateway.us-east-2.amazonaws.com",PRIVATE,"analytics-gateway.us-east-2.amazonaws.com",5,3
"analytics-gateway.us-west-2.amazonaws.com",PRIVATE,"*.analytics-gateway.us-west-2.amazonaws.com",5,3
"analytics-gateway.us-west-2.amazonaws.com",PRIVATE,"analytics-gateway.us-west-2.amazonaws.com",5,3
"*.elb.amazonaws.com.cn",PRIVATE,"*.elb.amazonaws.com.cn",6,3
"*.elb.amazonaws.com.cn",PRIVATE,"elb.amazonaws.com.cn",6,3
"transfer-webapp.af-south-1.on.aws",PRIVATE,"*.transfer-webapp.af-south-1.on.aws",5,3
"transfer-webapp.af-south-1.on.aws",PRIVATE,"transfer-webapp.af-south-1.on.aws",5,3
"transfer-webapp.ap-east-1.on.aws",PRIVATE,"*.transfer-webapp.ap-east-1.on.aws",5,3
"transfer-webapp.ap-east-1.on.aws",PRIVATE,"transfer-webapp.ap-east-1.on.aws",5,3
"transfer-webapp.ap-northeast-1.on.aws",PRIVATE,"*.transfer-webapp.ap-northeast-1.on.aws",5,3
"transfer-webapp.ap-northeast-1.on.aws",PRIVATE,"transfer-webapp.ap-northeast-1.on.aws",5,3
"transfer-webapp.ap-northeast-2.on.aws",PRIVATE,"*.transfer-webapp.ap-northeast-2.on.aws",5,3
"transfer-webapp.ap-northeast-2.on.aws",PRIVATE,"transfer-webapp.ap-northeast-2.on.aws",5,3
"transfer-webapp.ap-northeast-3.on.aws",PRIVATE,"*.transfer-webapp.ap-northeast-3.on.aws",5,3
"transfer-webapp.ap-northeast-3.on.aws",PRIVATE,"transfer-webapp.ap-northeast-3.on.aws",5,3
"transfer-webapp.ap-south-1.on.aws",PRIVATE,"*.transfer-webapp.ap-south-1.on.aws",5,3
"transfer-webapp.ap-south-1.on.aws",PRIVATE,"transfer-webapp.ap-south-1.on.aws",5,3
"transfer-webapp.ap-south-2.on.aws",PRIVATE,"*.transfer-webapp.ap-south-2.on.aws",5,3
"transfer-webapp.ap-south-2.on.aws",PRIVATE,"transfer-webapp.ap-south-2.on.aws",5,3
"transfer-webapp.ap-southeast-1.on.aws",PRIVATE,"*.transfer-webapp.ap-southeast-1.on.aws",5,3
"transfer-webapp.ap-southeast-1.on.aws",PRIVATE,"transfer-webapp.ap-southeast-1.on.aws",5,3
"transfer-webapp.ap-southeast-2.on.aws",PRIVATE,"*.transfer-webapp.ap-southeast-2.on.aws",5,3
"transfer-webapp.ap-southeast-2.on.aws",PRIVATE,"transfer-webapp.ap-southeast-2.on.aws",5,3
"transfer-webapp.ap-southeast-3.on.aws",PRIVATE,"*.transfer-webapp.ap-southeast-3.on.aws",5,3
"transfer-webapp.ap-southeast-3.on.aws",PRIVATE,"transfer-webapp.ap-southeast-3.on.aws",5,3
"transfer-webapp.ap-southeast-4.on.aws",PRIVATE,"*.transfer-webapp.ap-southeast-4.on.aws",5,3
"transfer-webapp.ap-southeast-4.on.aws",PRIVATE,"transfer-webapp.ap-southeast-4.on.aws",5,3
"transfer-webapp.ap-southeast-5.on.aws",PRIVATE,"*.transfer-webapp.ap-southeast-5.on.aws",5,3
"transfer-webapp.ap-southeast-5.on.aws",PRIVATE,"transfer-webapp.ap-southeast-5.on.aws",5,3
"transfer-webapp.ca-central-1.on.aws",PRIVATE,"*.transfer-webapp.ca-central-1.on.aws",5,3
"transfer-webapp.ca-central-1.on.aws",PRIVATE,"transfer-webapp.ca-central-1.on.aws",5,3
"transfer-webapp.ca-west-1.on.aws",PRIVATE,"*.transfer-webapp.ca-west-1.on.aws",5,3
"transfer-webapp.ca-west-1.on.aws",PRIVATE,"transfer-webapp.ca-west-1.on.aws",5,3
"transfer-webapp.eu-central-1.on.aws",PRIVATE,"*.transfer-webapp.eu-central-1.on.aws",5,3
"transfer-webapp.eu-central-1.on.aws",PRIVATE,"transfer-webapp.eu-central-1.on.aws",5,3
"transfer-webapp.eu-central-2.on.aws",PRIVATE,"*.transfer-webapp.eu-central-2.on.aws",5,3
"transfer-webapp.eu-central-2.on.aws",PRIVATE,"transfer-webapp.eu-central-2.on.aws",5,3
"transfer-webapp.eu-north-1.on.aws",PRIVATE,"*.transfer-webapp.eu-north-1.on.aws",5,3
"transfer-webapp.eu-north-1.on.aws",PRIVATE,"transfer-webapp.eu-north-1.on.aws",5,3
"transfer-webapp.eu-south-1.on.aws",PRIVATE,"*.transfer-webapp.eu-south-1.on.aws",5,3
"transfer-webapp.eu-south-1.on.aws",PRIVATE,"transfer-webapp.eu-south-1.on.aws",5,3
"transfer-webapp.eu-south-2.on.aws",PRIVATE,"*.transfer-webapp.eu-south-2.on.aws",5,3
"transfer-webapp.eu-south-2.on.aws",PRIVATE,"transfer-webapp.eu-south-2.on.aws",5,3
"transfer-webapp.eu-west-1.on.aws",PRIVATE,"*.transfer-webapp.eu-west-1.on.aws",5,3
"transfer-webapp.eu-west-1.on.aws",PRIVATE,"transfer-webapp.eu-west-1.on.aws",5,3
"transfer-webapp.eu-west-2.on.aws",PRIVATE,"*.transfer-webapp.eu-west-2.on.aws",5,3
"transfer-webapp.eu-west-2.on.aws",PRIVATE,"transfer-webapp.eu-west-2.on.aws",5,3
"transfer-webapp.eu-west-3.on.aws",PRIVATE,"*.transfer-webapp.eu-west-3.on.aws",5,3
"transfer-webapp.eu-west-3.on.aws",PRIVATE,"transfer-webapp.eu-west-3.on.aws",5,3
"transfer-webapp.il-central-1.on.aws",PRIVATE,"*.transfer-webapp.il-central-1.on.aws",5,3
"transfer-webapp.il-central-1.on.aws",PRIVATE,"transfer-webapp.il-central-1.on.aws",5,3
"transfer-webapp.me-central-1.on.aws",PRIVATE,"*.transfer-webapp.me-central-1.on.aws",5,3
"transfer-webapp.me-central-1.on.aws",PRIVATE,"transfer-webapp.me-central-1.on.aws",5,3
"transfer-webapp.me-south-1.on.aws",PRIVATE,"*.transfer-webapp.me-south-1.on.aws",5,3
"transfer-webapp.me-south-1.on.aws",PRIVATE,"transfer-webapp.me-south-1.on.aws",5,3
"transfer-webapp.sa-east-1.on.aws",PRIVATE,"*.transfer-webapp.sa-east-1.on.aws",5,3
"transfer-webapp.sa-east-1.on.aws",PRIVATE,"transfer-webapp.sa-east-1.on.aws",5,3
"transfer-webapp.us-east-1.on.aws",PRIVATE,"*.transfer-webapp.us-east-1.on.aws",5,3
"transfer-webapp.us-east-1.on.aws",PRIVATE,"transfer-webapp.us-east-1.on.aws",5,3
"transfer-webapp.us-east-2.on.aws",PRIVATE,"*.transfer-webapp.us-east-2.on.aws",5,3
"transfer-webapp.us-east-2.on.aws",PRIVATE,"transfer-webapp.us-east-2.on.aws",5,3
"transfer-webapp.us-gov-east-1.on.aws",PRIVATE,"*.transfer-webapp.us-gov-east-1.on.aws",5,3
"transfer-webapp.us-gov-east-1.on.aws",PRIVATE,"transfer-webapp.us-gov-east-1.on.aws",5,3
"transfer-webapp-fips.us-gov-east-1.on.aws",PRIVATE,"*.transfer-webapp-fips.us-gov-east-1.on.aws",5,3
"transfer-webapp-fips.us-gov-east-1.on.aws",PRIVATE,"transfer-webapp-fips.us-gov-east-1.on.aws",5,3
"transfer-webapp.us-gov-west-1.on.aws",PRIVATE,"*.transfer-webapp.us-gov-west-1.on.aws",5,3
"transfer-webapp.us-gov-west-1.on.aws",PRIVATE,"transfer-webapp.us-gov-west-1.on.aws",5,3
"transfer-webapp-fips.us-gov-west-1.on.aws",PRIVATE,"*.transfer-webapp-fips.us-gov-west-1.on.aws",5,3
"transfer-webapp-fips.us-gov-west-1.on.aws",PRIVATE,"transfer-webapp-fips.us-gov-west-1.on.aws",5,3
"transfer-webapp.us-west-1.on.aws",PRIVATE,"*.transfer-webapp.us-west-1.on.aws",5,3
"transfer-webapp.us-west-1.on.aws",PRIVATE,"transfer-webapp.us-west-1.on.aws",5,3
"transfer-webapp.us-west-2.on.aws",PRIVATE,"*.transfer-webapp.us-west-2.on.aws",5,3
"transfer-webapp.us-west-2.on.aws",PRIVATE,"transfer-webapp.us-west-2.on.aws",5,3
"user.aseinet.ne.jp",PRIVATE,"*.user.aseinet.ne.jp",5,3
"user.aseinet.ne.jp",PRIVATE,"user.aseinet.ne.jp",5,3
"cdn.prod.atlassian-dev.net",PRIVATE,"*.cdn.prod.atlassian-dev.net",5,3
"cdn.prod.atlassian-dev.net",PRIVATE,"cdn.prod.atlassian-dev.net",5,3
"dh.bytemark.co.uk",PRIVATE,"*.dh.bytemark.co.uk",5,3
"dh.bytemark.co.uk",PRIVATE,"dh.bytemark.co.uk",5,3
"vm.bytemark.co.uk",PRIVATE,"*.vm.bytemark.co.uk",5,3
"vm.bytemark.co.uk",PRIVATE,"vm.bytemark.co.uk",5,3
"ssl.origin.cdn77-secure.org",PRIVATE,"*.ssl.origin.cdn77-secure.org",5,3
"ssl.origin.cdn77-secure.org",PRIVATE,"ssl.origin.cdn77-secure.org",5,3
"objects.lpg.cloudscale.ch",PRIVATE,"*.objects.lpg.cloudscale.ch",5,3
"objects.lpg.cloudscale.ch",PRIVATE,"objects.lpg.cloudscale.ch",5,3
"objects.rma.cloudscale.ch",PRIVATE,"*.objects.rma.cloudscale.ch",5,3
"objects.rma.cloudscale.ch",PRIVATE,"objects.rma.cloudscale.ch",5,3
"a.prod.fastly.net",PRIVATE,"*.a.prod.fastly.net",5,3
"a.prod.fastly.net",PRIVATE,"a.prod.fastly.net",5,3
"global.prod.fastly.net",PRIVATE,"*.global.prod.fastly.net",5,3
"global.prod.fastly.net",PRIVATE,"global.prod.fastly.net",5,3
"a.ssl.fastly.net",PRIVATE,"*.a.ssl.fastly.net",5,3
"a.ssl.fastly.net",PRIVATE,"a.ssl.fastly.net",5,3
"b.ssl.fastly.net",PRIVATE,"*.b.ssl.fastly.net",5,3
"b.ssl.fastly.net",PRIVATE,"b.ssl.fastly.net",5,3
"global.ssl.fastly.net",PRIVATE,"*.global.ssl.fastly.net",5,3
"global.ssl.fastly.net",PRIVATE,"global.ssl.fastly.net",5,3
"app.os.fedoraproject.org",PRIVATE,"*.app.os.fedoraproject.org",5,3
"app.os.fedoraproject.org",PRIVATE,"app.os.fedoraproject.org",5,3
"pages.it.hs-heilbronn.de",PRIVATE,"*.pages.it.hs-heilbronn.de",5,3
"pages.it.hs-heilbronn.de",PRIVATE,"pages.it.hs-heilbronn.de",5,3
"pages-research.it.hs-heilbronn.de",PRIVATE,"*.pages-research.it.hs-heilbronn.de",5,3
"pages-research.it.hs-heilbronn.de",PRIVATE,"pages-research.it.hs-heilbronn.de",5,3
"mel.cloudlets.com.au",PRIVATE,"*.mel.cloudlets.com.au",5,3
"mel.cloudlets.com.au",PRIVATE,"mel.cloudlets.com.au",5,3
"alp1.ae.flow.ch",PRIVATE,"*.alp1.ae.flow.ch",5,3
"alp1.ae.flow.ch",PRIVATE,"alp1.ae.flow.ch",5,3
"j.scaleforce.com.cy",PRIVATE,"*.j.scaleforce.com.cy",5,3
"j.scaleforce.com.cy",PRIVATE,"j.scaleforce.com.cy",5,3
"fr-1.paas.massivegrid.net",PRIVATE,"*.fr-1.paas.massivegrid.net",5,3
"fr-1.paas.massivegrid.net",PRIVATE,"fr-1.paas.massivegrid.net",5,3
"lon-1.paas.massivegrid.net",PRIVATE,"*.lon-1.paas.massivegrid.net",5,3
"lon-1.paas.massivegrid.net",PRIVATE,"lon-1.paas.massivegrid.net",5,3
"lon-2.paas.massivegrid.net",PRIVATE,"*.lon-2.paas.massivegrid.net",5,3
"lon-2.paas.massivegrid.net",PRIVATE,"lon-2.paas.massivegrid.net",5,3
"ny-1.paas.massivegrid.net",PRIVATE,"*.ny-1.paas.massivegrid.net",5,3
"ny-1.paas.massivegrid.net",PRIVATE,"ny-1.paas.massivegrid.net",5,3
"ny-2.paas.massivegrid.net",PRIVATE,"*.ny-2.paas.massivegrid.net",5,3
"ny-2.paas.massivegrid.net",PRIVATE,"ny-2.paas.massivegrid.net",5,3
"sg-1.paas.massivegrid.net",PRIVATE,"*.sg-1.paas.massivegrid.net",5,3
"sg-1.paas.massivegrid.net",PRIVATE,"sg-1.paas.massivegrid.net",5,3
"j.layershift.co.uk",PRIVATE,"*.j.layershift.co.uk",5,3
"j.layershift.co.uk",PRIVATE,"j.layershift.co.uk",5,3
"flt.cloud.muni.cz",PRIVATE,"*.flt.cloud.muni.cz",5,3
"flt.cloud.muni.cz",PRIVATE,"flt.cloud.muni.cz",5,3
"usr.cloud.muni.cz",PRIVATE,"*.usr.cloud.muni.cz",5,3
"usr.cloud.muni.cz",PRIVATE,"usr.cloud.muni.cz",5,3
"blob.core.windows.net",PRIVATE,"*.blob.core.windows.net",5,3
"blob.core.windows.net",PRIVATE,"blob.core.windows.net",5,3
"cust.retrosnub.co.uk",PRIVATE,"*.cust.retrosnub.co.uk",5,3
"cust.retrosnub.co.uk",PRIVATE,"cust.retrosnub.co.uk",5,3
"o365.cloud.nospamproxy.com",PRIVATE,"*.o365.cloud.nospamproxy.com",5,3
"o365.cloud.nospamproxy.com",PRIVATE,"o365.cloud.nospamproxy.com",5,3
"io.noc.ruhr-uni-bochum.de",PRIVATE,"*.io.noc.ruhr-uni-bochum.de",5,3
"io.noc.ruhr-uni-bochum.de",PRIVATE,"io.noc.ruhr-uni-bochum.de",5,3
"s3.isk01.sakurastorage.jp",PRIVATE,"*.s3.isk01.sakurastorage.jp",5,3
"s3.isk01.sakurastorage.jp",PRIVATE,"s3.isk01.sakurastorage.jp",5,3
"s3.isk02.sakurastorage.jp",PRIVATE,"*.s3.isk02.sakurastorage.jp",5,3
"s3.isk02.sakurastorage.jp",PRIVATE,"s3.isk02.sakurastorage.jp",5,3
"fr-par-1.baremetal.scw.cloud",PRIVATE,"*.fr-par-1.baremetal.scw.cloud",5,3
"fr-par-1.baremetal.scw.cloud",PRIVATE,"fr-par-1.baremetal.scw.cloud",5,3
"fr-par-2.baremetal.scw.cloud",PRIVATE,"*.fr-par-2.baremetal.scw.cloud",5,3
"fr-par-2.baremetal.scw.cloud",PRIVATE,"fr-par-2.baremetal.scw.cloud",5,3
"nl-ams-1.baremetal.scw.cloud",PRIVATE,"*.nl-ams-1.baremetal.scw.cloud",5,3
"nl-ams-1.baremetal.scw.cloud",PRIVATE,"nl-ams-1.baremetal.scw.cloud",5,3
"cockpit.fr-par.scw.cloud",PRIVATE,"*.cockpit.fr-par.scw.cloud",5,3
"cockpit.fr-par.scw.cloud",PRIVATE,"cockpit.fr-par.scw.cloud",5,3
"ddl.fr-par.scw.cloud",PRIVATE,"*.ddl.fr-par.scw.cloud",5,3
"ddl.fr-par.scw.cloud",PRIVATE,"ddl.fr-par.scw.cloud",5,3
"dtwh.fr-par.scw.cloud",PRIVATE,"*.dtwh.fr-par.scw.cloud",5,3
"dtwh.fr-par.scw.cloud",PRIVATE,"dtwh.fr-par.scw.cloud",5,3
"fnc.fr-par.scw.cloud",PRIVATE,"*.fnc.fr-par.scw.cloud",5,3
"fnc.fr-par.scw.cloud",PRIVATE,"fnc.fr-par.scw.cloud",5,3
"ifr.fr-par.scw.cloud",PRIVATE,"*.ifr.fr-par.scw.cloud",5,3
"ifr.fr-par.scw.cloud",PRIVATE,"ifr.fr-par.scw.cloud",5,3
"k8s.fr-par.scw.cloud",PRIVATE,"*.k8s.fr-par.scw.cloud",5,3
"k8s.fr-par.scw.cloud",PRIVATE,"k8s.fr-par.scw.cloud",5,3
"kafk.fr-par.scw.cloud",PRIVATE,"*.kafk.fr-par.scw.cloud",5,3
"kafk.fr-par.scw.cloud",PRIVATE,"kafk.fr-par.scw.cloud",5,3
"mgdb.fr-par.scw.cloud",PRIVATE,"*.mgdb.fr-par.scw.cloud",5,3
"mgdb.fr-par.scw.cloud",PRIVATE,"mgdb.fr-par.scw.cloud",5,3
"rdb.fr-par.scw.cloud",PRIVATE,"*.rdb.fr-par.scw.cloud",5,3
"rdb.fr-par.scw.cloud",PRIVATE,"rdb.fr-par.scw.cloud",5,3
"s3.fr-par.scw.cloud",PRIVATE,"*.s3.fr-par.scw.cloud",5,3
"s3.fr-par.scw.cloud",PRIVATE,"s3.fr-par.scw.cloud",5,3
"s3-website.fr-par.scw.cloud",PRIVATE,"*.s3-website.fr-par.scw.cloud",5,3
"s3-website.fr-par.scw.cloud",PRIVATE,"s3-website.fr-par.scw.cloud",5,3
"scbl.fr-par.scw.cloud",PRIVATE,"*.scbl.fr-par.scw.cloud",5,3
"scbl.fr-par.scw.cloud",PRIVATE,"scbl.fr-par.scw.cloud",5,3
"whm.fr-par.scw.cloud",PRIVATE,"*.whm.fr-par.scw.cloud",5,3
"whm.fr-par.scw.cloud",PRIVATE,"whm.fr-par.scw.cloud",5,3
"priv.instances.scw.cloud",PRIVATE,"*.priv.instances.scw.cloud",5,3
"priv.instances.scw.cloud",PRIVATE,"priv.instances.scw.cloud",5,3
"pub.instances.scw.cloud",PRIVATE,"*.pub.instances.scw.cloud",5,3
"pub.instances.scw.cloud",PRIVATE,"pub.instances.scw.cloud",5,3
"cockpit.nl-ams.scw.cloud",PRIVATE,"*.cockpit.nl-ams.scw.cloud",5,3
"cockpit.nl-ams.scw.cloud",PRIVATE,"cockpit.nl-ams.scw.cloud",5,3
"ddl.nl-ams.scw.cloud",PRIVATE,"*.ddl.nl-ams.scw.cloud",5,3
"ddl.nl-ams.scw.cloud",PRIVATE,"ddl.nl-ams.scw.cloud",5,3
"dtwh.nl-ams.scw.cloud",PRIVATE,"*.dtwh.nl-ams.scw.cloud",5,3
"dtwh.nl-ams.scw.cloud",PRIVATE,"dtwh.nl-ams.scw.cloud",5,3
"ifr.nl-ams.scw.cloud",PRIVATE,"*.ifr.nl-ams.scw.cloud",5,3
"ifr.nl-ams.scw.cloud",PRIVATE,"ifr.nl-ams.scw.cloud",5,3
"k8s.nl-ams.scw.cloud",PRIVATE,"*.k8s.nl-ams.scw.cloud",5,3
"k8s.nl-ams.scw.cloud",PRIVATE,"k8s.nl-ams.scw.cloud",5,3
"kafk.nl-ams.scw.cloud",PRIVATE,"*.kafk.nl-ams.scw.cloud",5,3
"kafk.nl-ams.scw.cloud",PRIVATE,"kafk.nl-ams.scw.cloud",5,3
"mgdb.nl-ams.scw.cloud",PRIVATE,"*.mgdb.nl-ams.scw.cloud",5,3
"mgdb.nl-ams.scw.cloud",PRIVATE,"mgdb.nl-ams.scw.cloud",5,3
"rdb.nl-ams.scw.cloud",PRIVATE,"*.rdb.nl-ams.scw.cloud",5,3
"rdb.nl-ams.scw.cloud",PRIVATE,"rdb.nl-ams.scw.cloud",5,3
"s3.nl-ams.scw.cloud",PRIVATE,"*.s3.nl-ams.scw.cloud",5,3
"s3.nl-ams.scw.cloud",PRIVATE,"s3.nl-ams.scw.cloud",5,3
"s3-website.nl-ams.scw.cloud",PRIVATE,"*.s3-website.nl-ams.scw.cloud",5,3
"s3-website.nl-ams.scw.cloud",PRIVATE,"s3-website.nl-ams.scw.cloud",5,3
"scbl.nl-ams.scw.cloud",PRIVATE,"*.scbl.nl-ams.scw.cloud",5,3
"scbl.nl-ams.scw.cloud",PRIVATE,"scbl.nl-ams.scw.cloud",5,3
"whm.nl-ams.scw.cloud",PRIVATE,"*.whm.nl-ams.scw.cloud",5,3
"whm.nl-ams.scw.cloud",PRIVATE,"whm.nl-ams.scw.cloud",5,3
"cockpit.pl-waw.scw.cloud",PRIVATE,"*.cockpit.pl-waw.scw.cloud",5,3
"cockpit.pl-waw.scw.cloud",PRIVATE,"cockpit.pl-waw.scw.cloud",5,3
"ddl.pl-waw.scw.cloud",PRIVATE,"*.ddl.pl-waw.scw.cloud",5,3
"ddl.pl-waw.scw.cloud",PRIVATE,"ddl.pl-waw.scw.cloud",5,3
"dtwh.pl-waw.scw.cloud",PRIVATE,"*.dtwh.pl-waw.scw.cloud",5,3
"dtwh.pl-waw.scw.cloud",PRIVATE,"dtwh.pl-waw.scw.cloud",5,3
"ifr.pl-waw.scw.cloud",PRIVATE,"*.ifr.pl-waw.scw.cloud",5,3
"ifr.pl-waw.scw.cloud",PRIVATE,"ifr.pl-waw.scw.cloud",5,3
"k8s.pl-waw.scw.cloud",PRIVATE,"*.k8s.pl-waw.scw.cloud",5,3
"k8s.pl-waw.scw.cloud",PRIVATE,"k8s.pl-waw.scw.cloud",5,3
"kafk.pl-waw.scw.cloud",PRIVATE,"*.kafk.pl-waw.scw.cloud",5,3
"kafk.pl-waw.scw.cloud",PRIVATE,"kafk.pl-waw.scw.cloud",5,3
"mgdb.pl-waw.scw.cloud",PRIVATE,"*.mgdb.pl-waw.scw.cloud",5,3
"mgdb.pl-waw.scw.cloud",PRIVATE,"mgdb.pl-waw.scw.cloud",5,3
"rdb.pl-waw.scw.cloud",PRIVATE,"*.rdb.pl-waw.scw.cloud",5,3
"rdb.pl-waw.scw.cloud",PRIVATE,"rdb.pl-waw.scw.cloud",5,3
"s3.pl-waw.scw.cloud",PRIVATE,"*.s3.pl-waw.scw.cloud",5,3
"s3.pl-waw.scw.cloud",PRIVATE,"s3.pl-waw.scw.cloud",5,3
"s3-website.pl-waw.scw.cloud",PRIVATE,"*.s3-website.pl-waw.scw.cloud",5,3
"s3-website.pl-waw.scw.cloud",PRIVATE,"s3-website.pl-waw.scw.cloud",5,3
"scbl.pl-waw.scw.cloud",PRIVATE,"*.scbl.pl-waw.scw.cloud",5,3
"scbl.pl-waw.scw.cloud",PRIVATE,"scbl.pl-waw.scw.cloud",5,3
"atl.jelastic.vps-host.net",PRIVATE,"*.atl.jelastic.vps-host.net",5,3
"atl.jelastic.vps-host.net",PRIVATE,"atl.jelastic.vps-host.net",5,3
"njs.jelastic.vps-host.net",PRIVATE,"*.njs.jelastic.vps-host.net",5,3
"njs.jelastic.vps-host.net",PRIVATE,"njs.jelastic.vps-host.net",5,3
"ric.jelastic.vps-host.net",PRIVATE,"*.ric.jelastic.vps-host.net",5,3
"ric.jelastic.vps-host.net",PRIVATE,"ric.jelastic.vps-host.net",5,3
"cust.dev.thingdust.io",PRIVATE,"*.cust.dev.thingdust.io",5,3
"cust.dev.thingdust.io",PRIVATE,"cust.dev.thingdust.io",5,3
"reservd.dev.thingdust.io",PRIVATE,"*.reservd.dev.thingdust.io",5,3
"reservd.dev.thingdust.io",PRIVATE,"reservd.dev.thingdust.io",5,3
"cust.disrec.thingdust.io",PRIVATE,"*.cust.disrec.thingdust.io",5,3
"cust.disrec.thingdust.io",PRIVATE,"cust.disrec.thingdust.io",5,3
"reservd.disrec.thingdust.io",PRIVATE,"*.reservd.disrec.thingdust.io",5,3
"reservd.disrec.thingdust.io",PRIVATE,"reservd.disrec.thingdust.io",5,3
"cust.prod.thingdust.io",PRIVATE,"*.cust.prod.thingdust.io",5,3
"cust.prod.thingdust.io",PRIVATE,"cust.prod.thingdust.io",5,3
"cust.testing.thingdust.io",PRIVATE,"*.cust.testing.thingdust.io",5,3
"cust.testing.thingdust.io",PRIVATE,"cust.testing.thingdust.io",5,3
"reservd.testing.thingdust.io",PRIVATE,"*.reservd.testing.thingdust.io",5,3
"reservd.testing.thingdust.io",PRIVATE,"reservd.testing.thingdust.io",5,3
"sth.ac.at",ICANN,"*.sth.ac.at",4,2
"sth.ac.at",ICANN,"sth.ac.at",4,2
"act.edu.au",ICANN,"*.act.edu.au",4,2
"act.edu.au",ICANN,"act.edu.au",4,2
"catholic.edu.au",ICANN,"*.catholic.edu.au",4,2
"catholic.edu.au",ICANN,"catholic.edu.au",4,2
"nsw.edu.au",ICANN,"*.nsw.edu.au",4,2
"nsw.edu.au",ICANN,"nsw.edu.au",4,2
"nt.edu.au",ICANN,"*.nt.edu.au",4,2
"nt.edu.au",ICANN,"nt.edu.au",4,2
"qld.edu.au",ICANN,"*.qld.edu.au",4,2
"qld.edu.au",ICANN,"qld.edu.au",4,2
"sa.edu.au",ICANN,"*.sa.edu.au",4,2
"sa.edu.au",ICANN,"sa.edu.au",4,2
"tas.edu.au",ICANN,"*.tas.edu.au",4,2
"tas.edu.au",ICANN,"tas.edu.au",4,2
"vic.edu.au",ICANN,"*.vic.edu.au",4,2
"vic.edu.au",ICANN,"vic.edu.au",4,2
"wa.edu.au",ICANN,"*.wa.edu.au",4,2
"wa.edu.au",ICANN,"wa.edu.au",4,2
"qld.gov.au",ICANN,"*.qld.gov.au",4,2
"qld.gov.au",ICANN,"qld.gov.au",4,2
"sa.gov.au",ICANN,"*.sa.gov.au",4,2
"sa.gov.au",ICANN,"sa.gov.au",4,2
"tas.gov.au",ICANN,"*.tas.gov.au",4,2
"tas.gov.au",ICANN,"tas.gov.au",4,2
"vic.gov.au",ICANN,"*.vic.gov.au",4,2
"vic.gov.au",ICANN,"vic.gov.au",4,2
"wa.gov.au",ICANN,"*.wa.gov.au",4,2
"wa.gov.au",ICANN,"wa.gov.au",4,2
"ac.gov.br",ICANN,"*.ac.gov.br",4,2
"ac.gov.br",ICANN,"ac.gov.br",4,2
"al.gov.br",ICANN,"*.al.gov.br",4,2
"al.gov.br",ICANN,"al.gov.br",4,2
"am.gov.br",ICANN,"*.am.gov.br",4,2
"am.gov.br",ICANN,"am.gov.br",4,2
"ap.gov.br",ICANN,"*.ap.gov.br",4,2
"ap.gov.br",ICANN,"ap.gov.br",4,2
"ba.gov.br",ICANN,"*.ba.gov.br",4,2
"ba.gov.br",ICANN,"ba.gov.br",4,2
"ce.gov.br",ICANN,"*.ce.gov.br",4,2
"ce.gov.br",ICANN,"ce.gov.br",4,2
"df.gov.br",ICANN,"*.df.gov.br",4,2
"df.gov.br",ICANN,"df.gov.br",4,2
"es.gov.br",ICANN,"*.es.gov.br",4,2
"es.gov.br",ICANN,"es.gov.br",4,2
"go.gov.br",ICANN,"*.go.gov.br",4,2
"go.gov.br",ICANN,"go.gov.br",4,2
"ma.gov.br",ICANN,"*.ma.gov.br",4,2
"ma.gov.br",ICANN,"ma.gov.br",4,2
"mg.gov.br",ICANN,"*.mg.gov.br",4,2
"mg.gov.br",ICANN,"mg.gov.br",4,2
"ms.gov.br",ICANN,"*.ms.gov.br",4,2
"ms.gov.br",ICANN,"ms.gov.br",4,2
"mt.gov.br",ICANN,"*.mt.gov.br",4,2
"mt.gov.br",ICANN,"mt.gov.br",4,2
"pa.gov.br",ICANN,"*.pa.gov.br",4,2
"pa.gov.br",ICANN,"pa.gov.br",4,2
"pb.gov.br",ICANN,"*.pb.gov.br",4,2
"pb.gov.br",ICANN,"pb.gov.br",4,2
"pe.gov.br",ICANN,"*.pe.gov.br",4,2
"pe.gov.br",ICANN,"pe.gov.br",4,2
"pi.gov.br",ICANN,"*.pi.gov.br",4,2
"pi.gov.br",ICANN,"pi.gov.br",4,2
"pr.gov.br",ICANN,"*.pr.gov.br",4,2
"pr.gov.br",ICANN,"pr.gov.br",4,2
"rj.gov.br",ICANN,"*.rj.gov.br",4,2
"rj.gov.br",ICANN,"rj.gov.br",4,2
"rn.gov.br",ICANN,"*.rn.gov.br",4,2
"rn.gov.br",ICANN,"rn.gov.br",4,2
"ro.gov.br",ICANN,"*.ro.gov.br",4,2
"ro.gov.br",ICANN,"ro.gov.br",4,2
"rr.gov.br",ICANN,"*.rr.gov.br",4,2
"rr.gov.br",ICANN,"rr.gov.br",4,2
"rs.gov.br",ICANN,"*.rs.gov.br",4,2
"rs.gov.br",ICANN,"rs.gov.br",4,2
"sc.gov.br",ICANN,"*.sc.gov.br",4,2
"sc.gov.br",ICANN,"sc.gov.br",4,2
"se.gov.br",ICANN,"*.se.gov.br",4,2
"se.gov.br",ICANN,"se.gov.br",4,2
"sp.gov.br",ICANN,"*.sp.gov.br",4,2
"sp.gov.br",ICANN,"sp.gov.br",4,2
"to.gov.br",ICANN,"*.to.gov.br",4,2
"to.gov.br",ICANN,"to.gov.br",4,2
"!www.ck",ICANN,"*.www.ck",2,2
"!www.ck",ICANN,"www.ck",2,2
"ltd.co.im",ICANN,"*.ltd.co.im",4,2
"ltd.co.im",ICANN,"ltd.co.im",4,2
"plc.co.im",ICANN,"*.plc.co.im",4,2
"plc.co.im",ICANN,"plc.co.im",4,2
"aisai.aichi.jp",ICANN,"*.aisai.aichi.jp",4,2
"aisai.aichi.jp",ICANN,"aisai.aichi.jp",4,2
"ama.aichi.jp",ICANN,"*.ama.aichi.jp",4,2
"ama.aichi.jp",ICANN,"ama.aichi.jp",4,2
"anjo.aichi.jp",ICANN,"*.anjo.aichi.jp",4,2
"anjo.aichi.jp",ICANN,"anjo.aichi.jp",4,2
"asuke.aichi.jp",ICANN,"*.asuke.aichi.jp",4,2
"asuke.aichi.jp",ICANN,"asuke.aichi.jp",4,2
"chiryu.aichi.jp",ICANN,"*.chiryu.aichi.jp",4,2
"chiryu.aichi.jp",ICANN,"chiryu.aichi.jp",4,2
"chita.aichi.jp",ICANN,"*.chita.aichi.jp",4,2
"chita.aichi.jp",ICANN,"chita.aichi.jp",4,2
"fuso.aichi.jp",ICANN,"*.fuso.aichi.jp",4,2
"fuso.aichi.jp",ICANN,"fuso.aichi.jp",4,2
"gamagori.aichi.jp",ICANN,"*.gamagori.aichi.jp",4,2
"gamagori.aichi.jp",ICANN,"gamagori.aichi.jp",4,2
"handa.aichi.jp",ICANN,"*.handa.aichi.jp",4,2
"handa.aichi.jp",ICANN,"handa.aichi.jp",4,2
"hazu.aichi.jp",ICANN,"*.hazu.aichi.jp",4,2
"hazu.aichi.jp",ICANN,"hazu.aichi.jp",4,2
"hekinan.aichi.jp",ICANN,"*.hekinan.aichi.jp",4,2
"hekinan.aichi.jp",ICANN,"hekinan.aichi.jp",4,2
"higashiura.aichi.jp",ICANN,"*.higashiura.aichi.jp",4,2
"higashiura.aichi.jp",ICANN,"higashiura.aichi.jp",4,2
"ichinomiya.aichi.jp",ICANN,"*.ichinomiya.aichi.jp",4,2
"ichinomiya.aichi.jp",ICANN,"ichinomiya.aichi.jp",4,2
"inazawa.aichi.jp",ICANN,"*.inazawa.aichi.jp",4,2
"inazawa.aichi.jp",ICANN,"inazawa.aichi.jp",4,2
"inuyama.aichi.jp",ICANN,"*.inuyama.aichi.jp",4,2
"inuyama.aichi.jp",ICANN,"inuyama.aichi.jp",4,2
"isshiki.aichi.jp",ICANN,"*.isshiki.aichi.jp",4,2
"isshiki.aichi.jp",ICANN,"isshiki.aichi.jp",4,2
"iwakura.aichi.jp",ICANN,"*.iwakura.aichi.jp",4,2
"iwakura.aichi.jp",ICANN,"iwakura.aichi.jp",4,2
"kanie.aichi.jp",ICANN,"*.kanie.aichi.jp",4,2
"kanie.aichi.jp",ICANN,"kanie.aichi.jp",4,2
"kariya.aichi.jp",ICANN,"*.kariya.aichi.jp",4,2
"kariya.aichi.jp",ICANN,"kariya.aichi.jp",4,2
"kasugai.aichi.jp",ICANN,"*.kasugai.aichi.jp",4,2
"kasugai.aichi.jp",ICANN,"kasugai.aichi.jp",4,2
"kira.aichi.jp",ICANN,"*.kira.aichi.jp",4,2
"kira.aichi.jp",ICANN,"kira.aichi.jp",4,2
"kiyosu.aichi.jp",ICANN,"*.kiyosu.aichi.jp",4,2
"kiyosu.aichi.jp",ICANN,"kiyosu.aichi.jp",4,2
"komaki.aichi.jp",ICANN,"*.komaki.aichi.jp",4,2
"komaki.aichi.jp",ICANN,"komaki.aichi.jp",4,2
"konan.aichi.jp",ICANN,"*.konan.aichi.jp",4,2
"konan.aichi.jp",ICANN,"konan.aichi.jp",4,2
"kota.aichi.jp",ICANN,"*.kota.aichi.jp",4,2
"kota.aichi.jp",ICANN,"kota.aichi.jp",4,2
"mihama.aichi.jp",ICANN,"*.mihama.aichi.jp",4,2
"mihama.aichi.jp",ICANN,"mihama.aichi.jp",4,2
"miyoshi.aichi.jp",ICANN,"*.miyoshi.aichi.jp",4,2
"miyoshi.aichi.jp",ICANN,"miyoshi.aichi.jp",4,2
"nishio.aichi.jp",ICANN,"*.nishio.aichi.jp",4,2
"nishio.aichi.jp",ICANN,"nishio.aichi.jp",4,2
"nisshin.aichi.jp",ICANN,"*.nisshin.aichi.jp",4,2
"nisshin.aichi.jp",ICANN,"nisshin.aichi.jp",4,2
"obu.aichi.jp",ICANN,"*.obu.aichi.jp",4,2
"obu.aichi.jp",ICANN,"obu.aichi.jp",4,2
"oguchi.aichi.jp",ICANN,"*.oguchi.aichi.jp",4,2
"oguchi.aichi.jp",ICANN,"oguchi.aichi.jp",4,2
"oharu.aichi.jp",ICANN,"*.oharu.aichi.jp",4,2
"oharu.aichi.jp",ICANN,"oharu.aichi.jp",4,2
"okazaki.aichi.jp",ICANN,"*.okazaki.aichi.jp",4,2
"okazaki.aichi.jp",ICANN,"okazaki.aichi.jp",4,2
"owariasahi.aichi.jp",ICANN,"*.owariasahi.aichi.jp",4,2
"owariasahi.aichi.jp",ICANN,"owariasahi.aichi.jp",4,2
"seto.aichi.jp",ICANN,"*.seto.aichi.jp",4,2
"seto.aichi.jp",ICANN,"seto.aichi.jp",4,2
"shikatsu.aichi.jp",ICANN,"*.shikatsu.aichi.jp",4,2
"shikatsu.aichi.jp",ICANN,"shikatsu.aichi.jp",4,2
"shinshiro.aichi.jp",ICANN,"*.shinshiro.aichi.jp",4,2
"shinshiro.aichi.jp",ICANN,"shinshiro.aichi.jp",4,2
"shitara.aichi.jp",ICANN,"*.shitara.aichi.jp",4,2
"shitara.aichi.jp",ICANN,"shitara.aichi.jp",4,2
"tahara.aichi.jp",ICANN,"*.tahara.aichi.jp",4,2
"tahara.aichi.jp",ICANN,"tahara.aichi.jp",4,2
"takahama.aichi.jp",ICANN,"*.takahama.aichi.jp",4,2
"takahama.aichi.jp",ICANN,"takahama.aichi.jp",4,2
"tobishima.aichi.jp",ICANN,"*.tobishima.aichi.jp",4,2
"tobishima.aichi.jp",ICANN,"tobishima.aichi.jp",4,2
"toei.aichi.jp",ICANN,"*.toei.aichi.jp",4,2
"toei.aichi.jp",ICANN,"toei.aichi.jp",4,2
"togo.aichi.jp",ICANN,"*.togo.aichi.jp",4,2
"togo.aichi.jp",ICANN,"togo.aichi.jp",4,2
"tokai.aichi.jp",ICANN,"*.tokai.aichi.jp",4,2
"tokai.aichi.jp",ICANN,"tokai.aichi.jp",4,2
"tokoname.aichi.jp",ICANN,"*.tokoname.aichi.jp",4,2
"tokoname.aichi.jp",ICANN,"tokoname.aichi.jp",4,2
"toyoake.aichi.jp",ICANN,"*.toyoake.aichi.jp",4,2
"toyoake.aichi.jp",ICANN,"toyoake.aichi.jp",4,2
"toyohashi.aichi.jp",ICANN,"*.toyohashi.aichi.jp",4,2
"toyohashi.aichi.jp",ICANN,"toyohashi.aichi.jp",4,2
"toyokawa.aichi.jp",ICANN,"*.toyokawa.aichi.jp",4,2
"toyokawa.aichi.jp",ICANN,"toyokawa.aichi.jp",4,2
"toyone.aichi.jp",ICANN,"*.toyone.aichi.jp",4,2
"toyone.aichi.jp",ICANN,"toyone.aichi.jp",4,2
"toyota.aichi.jp",ICANN,"*.toyota.aichi.jp",4,2
"toyota.aichi.jp",ICANN,"toyota.aichi.jp",4,2
"tsushima.aichi.jp",ICANN,"*.tsushima.aichi.jp",4,2
"tsushima.aichi.jp",ICANN,"tsushima.aichi.jp",4,2
"yatomi.aichi.jp",ICANN,"*.yatomi.aichi.jp",4,2
"yatomi.aichi.jp",ICANN,"yatomi.aichi.jp",4,2
"akita.akita.jp",ICANN,"*.akita.akita.jp",4,2
"akita.akita.jp",ICANN,"akita.akita.jp",4,2
"daisen.akita.jp",ICANN,"*.daisen.akita.jp",4,2
"daisen.akita.jp",ICANN,"daisen.akita.jp",4,2
"fujisato.akita.jp",ICANN,"*.fujisato.akita.jp",4,2
"fujisato.akita.jp",ICANN,"fujisato.akita.jp",4,2
"gojome.akita.jp",ICANN,"*.gojome.akita.jp",4,2
"gojome.akita.jp",ICANN,"gojome.akita.jp",4,2
"hachirogata.akita.jp",ICANN,"*.hachirogata.akita.jp",4,2
"hachirogata.akita.jp",ICANN,"hachirogata.akita.jp",4,2
"happou.akita.jp",ICANN,"*.happou.akita.jp",4,2
"happou.akita.jp",ICANN,"happou.akita.jp",4,2
"higashinaruse.akita.jp",ICANN,"*.higashinaruse.akita.jp",4,2
"higashinaruse.akita.jp",ICANN,"higashinaruse.akita.jp",4,2
"honjo.akita.jp",ICANN,"*.honjo.akita.jp",4,2
"honjo.akita.jp",ICANN,"honjo.akita.jp",4,2
"honjyo.akita.jp",ICANN,"*.honjyo.akita.jp",4,2
"honjyo.akita.jp",ICANN,"honjyo.akita.jp",4,2
"ikawa.akita.jp",ICANN,"*.ikawa.akita.jp",4,2
"ikawa.akita.jp",ICANN,"ikawa.akita.jp",4,2
"kamikoani.akita.jp",ICANN,"*.kamikoani.akita.jp",4,2
"kamikoani.akita.jp",ICANN,"kamikoani.akita.jp",4,2
"kamioka.akita.jp",ICANN,"*.kamioka.akita.jp",4,2
"kamioka.akita.jp",ICANN,"kamioka.akita.jp",4,2
"katagami.akita.jp",ICANN,"*.katagami.akita.jp",4,2
"katagami.akita.jp",ICANN,"katagami.akita.jp",4,2
"kazuno.akita.jp",ICANN,"*.kazuno.akita.jp",4,2
"kazuno.akita.jp",ICANN,"kazuno.akita.jp",4,2
"kitaakita.akita.jp",ICANN,"*.kitaakita.akita.jp",4,2
"kitaakita.akita.jp",ICANN,"kitaakita.akita.jp",4,2
"kosaka.akita.jp",ICANN,"*.kosaka.akita.jp",4,2
"kosaka.akita.jp",ICANN,"kosaka.akita.jp",4,2
"kyowa.akita.jp",ICANN,"*.kyowa.akita.jp",4,2
"kyowa.akita.jp",ICANN,"kyowa.akita.jp",4,2
"misato.akita.jp",ICANN,"*.misato.akita.jp",4,2
"misato.akita.jp",ICANN,"misato.akita.jp",4,2
"mitane.akita.jp",ICANN,"*.mitane.akita.jp",4,2
"mitane.akita.jp",ICANN,"mitane.akita.jp",4,2
"moriyoshi.akita.jp",ICANN,"*.moriyoshi.akita.jp",4,2
"moriyoshi.akita.jp",ICANN,"moriyoshi.akita.jp",4,2
"nikaho.akita.jp",ICANN,"*.nikaho.akita.jp",4,2
"nikaho.akita.jp",ICANN,"nikaho.akita.jp",4,2
"noshiro.akita.jp",ICANN,"*.noshiro.akita.jp",4,2
"noshiro.akita.jp",ICANN,"noshiro.akita.jp",4,2
"odate.akita.jp",ICANN,"*.odate.akita.jp",4,2
"odate.akita.jp",ICANN,"odate.akita.jp",4,2
"oga.akita.jp",ICANN,"*.oga.akita.jp",4,2
"oga.akita.jp",ICANN,"oga.akita.jp",4,2
"ogata.akita.jp",ICANN,"*.ogata.akita.jp",4,2
"ogata.akita.jp",ICANN,"ogata.akita.jp",4,2
"semboku.akita.jp",ICANN,"*.semboku.akita.jp",4,2
"semboku.akita.jp",ICANN,"semboku.akita.jp",4,2
"yokote.akita.jp",ICANN,"*.yokote.akita.jp",4,2
"yokote.akita.jp",ICANN,"yokote.akita.jp",4,2
"yurihonjo.akita.jp",ICANN,"*.yurihonjo.akita.jp",4,2
"yurihonjo.akita.jp",ICANN,"yurihonjo.akita.jp",4,2
"aomori.aomori.jp",ICANN,"*.aomori.aomori.jp",4,2
"aomori.aomori.jp",ICANN,"aomori.aomori.jp",4,2
"gonohe.aomori.jp",ICANN,"*.gonohe.aomori.jp",4,2
"gonohe.aomori.jp",ICANN,"gonohe.aomori.jp",4,2
"hachinohe.aomori.jp",ICANN,"*.hachinohe.aomori.jp",4,2
"hachinohe.aomori.jp",ICANN,"hachinohe.aomori.jp",4,2
"hashikami.aomori.jp",ICANN,"*.hashikami.aomori.jp",4,2
"hashikami.aomori.jp",ICANN,"hashikami.aomori.jp",4,2
"hiranai.aomori.jp",ICANN,"*.hiranai.aomori.jp",4,2
"hiranai.aomori.jp",ICANN,"hiranai.aomori.jp",4,2
"hirosaki.aomori.jp",ICANN,"*.hirosaki.aomori.jp",4,2
"hirosaki.aomori.jp",ICANN,"hirosaki.aomori.jp",4,2
"itayanagi.aomori.jp",ICANN,"*.itayanagi.aomori.jp",4,2
"itayanagi.aomori.jp",ICANN,"itayanagi.aomori.jp",4,2
"kuroishi.aomori.jp",ICANN,"*.kuroishi.aomori.jp",4,2
"kuroishi.aomori.jp",ICANN,"kuroishi.aomori.jp",4,2
"misawa.aomori.jp",ICANN,"*.misawa.aomori.jp",4,2
"misawa.aomori.jp",ICANN,"misawa.aomori.jp",4,2
"mutsu.aomori.jp",ICANN,"*.mutsu.aomori.jp",4,2
"mutsu.aomori.jp",ICANN,"mutsu.aomori.jp",4,2
"nakadomari.aomori.jp",ICANN,"*.nakadomari.aomori.jp",4,2
"nakadomari.aomori.jp",ICANN,"nakadomari.aomori.jp",4,2
"noheji.aomori.jp",ICANN,"*.noheji.aomori.jp",4,2
"noheji.aomori.jp",ICANN,"noheji.aomori.jp",4,2
"oirase.aomori.jp",ICANN,"*.oirase.aomori.jp",4,2
"oirase.aomori.jp",ICANN,"oirase.aomori.jp",4,2
"owani.aomori.jp",ICANN,"*.owani.aomori.jp",4,2
"owani.aomori.jp",ICANN,"owani.aomori.jp",4,2
"rokunohe.aomori.jp",ICANN,"*.rokunohe.aomori.jp",4,2
"rokunohe.aomori.jp",ICANN,"rokunohe.aomori.jp",4,2
"sannohe.aomori.jp",ICANN,"*.sannohe.aomori.jp",4,2
"sannohe.aomori.jp",ICANN,"sannohe.aomori.jp",4,2
"shichinohe.aomori.jp",ICANN,"*.shichinohe.aomori.jp",4,2
"shichinohe.aomori.jp",ICANN,"shichinohe.aomori.jp",4,2
"shingo.aomori.jp",ICANN,"*.shingo.aomori.jp",4,2
"shingo.aomori.jp",ICANN,"shingo.aomori.jp",4,2
"takko.aomori.jp",ICANN,"*.takko.aomori.jp",4,2
"takko.aomori.jp",ICANN,"takko.aomori.jp",4,2
"towada.aomori.jp",ICANN,"*.towada.aomori.jp",4,2
"towada.aomori.jp",ICANN,"towada.aomori.jp",4,2
"tsugaru.aomori.jp",ICANN,"*.tsugaru.aomori.jp",4,2
"tsugaru.aomori.jp",ICANN,"tsugaru.aomori.jp",4,2
"tsuruta.aomori.jp",ICANN,"*.tsuruta.aomori.jp",4,2
"tsuruta.aomori.jp",ICANN,"tsuruta.aomori.jp",4,2
"abiko.chiba.jp",ICANN,"*.abiko.chiba.jp",4,2
"abiko.chiba.jp",ICANN,"abiko.chiba.jp",4,2
"asahi.chiba.jp",ICANN,"*.asahi.chiba.jp",4,2
"asahi.chiba.jp",ICANN,"asahi.chiba.jp",4,2
"chonan.chiba.jp",ICANN,"*.chonan.chiba.jp",4,2
"chonan.chiba.jp",ICANN,"chonan.chiba.jp",4,2
"chosei.chiba.jp",ICANN,"*.chosei.chiba.jp",4,2
"chosei.chiba.jp",ICANN,"chosei.chiba.jp",4,2
"choshi.chiba.jp",ICANN,"*.choshi.chiba.jp",4,2
"choshi.chiba.jp",ICANN,"choshi.chiba.jp",4,2
"chuo.chiba.jp",ICANN,"*.chuo.chiba.jp",4,2
"chuo.chiba.jp",ICANN,"chuo.chiba.jp",4,2
"funabashi.chiba.jp",ICANN,"*.funabashi.chiba.jp",4,2
"funabashi.chiba.jp",ICANN,"funabashi.chiba.jp",4,2
"futtsu.chiba.jp",ICANN,"*.futtsu.chiba.jp",4,2
"futtsu.chiba.jp",ICANN,"futtsu.chiba.jp",4,2
"hanamigawa.chiba.jp",ICANN,"*.hanamigawa.chiba.jp",4,2
"hanamigawa.chiba.jp",ICANN,"hanamigawa.chiba.jp",4,2
"ichihara.chiba.jp",ICANN,"*.ichihara.chiba.jp",4,2
"ichihara.chiba.jp",ICANN,"ichihara.chiba.jp",4,2
"ichikawa.chiba.jp",ICANN,"*.ichikawa.chiba.jp",4,2
"ichikawa.chiba.jp",ICANN,"ichikawa.chiba.jp",4,2
"ichinomiya.chiba.jp",ICANN,"*.ichinomiya.chiba.jp",4,2
"ichinomiya.chiba.jp",ICANN,"ichinomiya.chiba.jp",4,2
"inzai.chiba.jp",ICANN,"*.inzai.chiba.jp",4,2
"inzai.chiba.jp",ICANN,"inzai.chiba.jp",4,2
"isumi.chiba.jp",ICANN,"*.isumi.chiba.jp",4,2
"isumi.chiba.jp",ICANN,"isumi.chiba.jp",4,2
"kamagaya.chiba.jp",ICANN,"*.kamagaya.chiba.jp",4,2
"kamagaya.chiba.jp",ICANN,"kamagaya.chiba.jp",4,2
"kamogawa.chiba.jp",ICANN,"*.kamogawa.chiba.jp",4,2
"kamogawa.chiba.jp",ICANN,"kamogawa.chiba.jp",4,2
"kashiwa.chiba.jp",ICANN,"*.kashiwa.chiba.jp",4,2
"kashiwa.chiba.jp",ICANN,"kashiwa.chiba.jp",4,2
"katori.chiba.jp",ICANN,"*.katori.chiba.jp",4,2
"katori.chiba.jp",ICANN,"katori.chiba.jp",4,2
"katsuura.chiba.jp",ICANN,"*.katsuura.chiba.jp",4,2
"katsuura.chiba.jp",ICANN,"katsuura.chiba.jp",4,2
"kimitsu.chiba.jp",ICANN,"*.kimitsu.chiba.jp",4,2
"kimitsu.chiba.jp",ICANN,"kimitsu.chiba.jp",4,2
"kisarazu.chiba.jp",ICANN,"*.kisarazu.chiba.jp",4,2
"kisarazu.chiba.jp",ICANN,"kisarazu.chiba.jp",4,2
"kozaki.chiba.jp",ICANN,"*.kozaki.chiba.jp",4,2
"kozaki.chiba.jp",ICANN,"kozaki.chiba.jp",4,2
"kujukuri.chiba.jp",ICANN,"*.kujukuri.chiba.jp",4,2
"kujukuri.chiba.jp",ICANN,"kujukuri.chiba.jp",4,2
"kyonan.chiba.jp",ICANN,"*.kyonan.chiba.jp",4,2
"kyonan.chiba.jp",ICANN,"kyonan.chiba.jp",4,2
"matsudo.chiba.jp",ICANN,"*.matsudo.chiba.jp",4,2
"matsudo.chiba.jp",ICANN,"matsudo.chiba.jp",4,2
"midori.chiba.jp",ICANN,"*.midori.chiba.jp",4,2
"midori.chiba.jp",ICANN,"midori.chiba.jp",4,2
"mihama.chiba.jp",ICANN,"*.mihama.chiba.jp",4,2
"mihama.chiba.jp",ICANN,"mihama.chiba.jp",4,2
"minamiboso.chiba.jp",ICANN,"*.minamiboso.chiba.jp",4,2
"minamiboso.chiba.jp",ICANN,"minamiboso.chiba.jp",4,2
"mobara.chiba.jp",ICANN,"*.mobara.chiba.jp",4,2
"mobara.chiba.jp",ICANN,"mobara.chiba.jp",4,2
"mutsuzawa.chiba.jp",ICANN,"*.mutsuzawa.chiba.jp",4,2
"mutsuzawa.chiba.jp",ICANN,"mutsuzawa.chiba.jp",4,2
"nagara.chiba.jp",ICANN,"*.nagara.chiba.jp",4,2
"nagara.chiba.jp",ICANN,"nagara.chiba.jp",4,2
"nagareyama.chiba.jp",ICANN,"*.nagareyama.chiba.jp",4,2
"nagareyama.chiba.jp",ICANN,"nagareyama.chiba.jp",4,2
"narashino.chiba.jp",ICANN,"*.narashino.chiba.jp",4,2
"narashino.chiba.jp",ICANN,"narashino.chiba.jp",4,2
"narita.chiba.jp",ICANN,"*.narita.chiba.jp",4,2
"narita.chiba.jp",ICANN,"narita.chiba.jp",4,2
"noda.chiba.jp",ICANN,"*.noda.chiba.jp",4,2
"noda.chiba.jp",ICANN,"noda.chiba.jp",4,2
"oamishirasato.chiba.jp",ICANN,"*.oamishirasato.chiba.jp",4,2
"oamishirasato.chiba.jp",ICANN,"oamishirasato.chiba.jp",4,2
"omigawa.chiba.jp",ICANN,"*.omigawa.chiba.jp",4,2
"omigawa.chiba.jp",ICANN,"omigawa.chiba.jp",4,2
"onjuku.chiba.jp",ICANN,"*.onjuku.chiba.jp",4,2
"onjuku.chiba.jp",ICANN,"onjuku.chiba.jp",4,2
"otaki.chiba.jp",ICANN,"*.otaki.chiba.jp",4,2
"otaki.chiba.jp",ICANN,"otaki.chiba.jp",4,2
"sakae.chiba.jp",ICANN,"*.sakae.chiba.jp",4,2
"sakae.chiba.jp",ICANN,"sakae.chiba.jp",4,2
"sakura.chiba.jp",ICANN,"*.sakura.chiba.jp",4,2
"sakura.chiba.jp",ICANN,"sakura.chiba.jp",4,2
"shimofusa.chiba.jp",ICANN,"*.shimofusa.chiba.jp",4,2
"shimofusa.chiba.jp",ICANN,"shimofusa.chiba.jp",4,2
"shirako.chiba.jp",ICANN,"*.shirako.chiba.jp",4,2
"shirako.chiba.jp",ICANN,"shirako.chiba.jp",4,2
"shiroi.chiba.jp",ICANN,"*.shiroi.chiba.jp",4,2
"shiroi.chiba.jp",ICANN,"shiroi.chiba.jp",4,2
"shisui.chiba.jp",ICANN,"*.shisui.chiba.jp",4,2
"shisui.chiba.jp",ICANN,"shisui.chiba.jp",4,2
"sodegaura.chiba.jp",ICANN,"*.sodegaura.chiba.jp",4,2
"sodegaura.chiba.jp",ICANN,"sodegaura.chiba.jp",4,2
"sosa.chiba.jp",ICANN,"*.sosa.chiba.jp",4,2
"sosa.chiba.jp",ICANN,"sosa.chiba.jp",4,2
"tako.chiba.jp",ICANN,"*.tako.chiba.jp",4,2
"tako.chiba.jp",ICANN,"tako.chiba.jp",4,2
"tateyama.chiba.jp",ICANN,"*.tateyama.chiba.jp",4,2
"tateyama.chiba.jp",ICANN,"tateyama.chiba.jp",4,2
"togane.chiba.jp",ICANN,"*.togane.chiba.jp",4,2
"togane.chiba.jp",ICANN,"togane.chiba.jp",4,2
"tohnosho.chiba.jp",ICANN,"*.tohnosho.chiba.jp",4,2
"tohnosho.chiba.jp",ICANN,"tohnosho.chiba.jp",4,2
"tomisato.chiba.jp",ICANN,"*.tomisato.chiba.jp",4,2
"tomisato.chiba.jp",ICANN,"tomisato.chiba.jp",4,2
"urayasu.chiba.jp",ICANN,"*.urayasu.chiba.jp",4,2
"urayasu.chiba.jp",ICANN,"urayasu.chiba.jp",4,2
"yachimata.chiba.jp",ICANN,"*.yachimata.chiba.jp",4,2
"yachimata.chiba.jp",ICANN,"yachimata.chiba.jp",4,2
"yachiyo.chiba.jp",ICANN,"*.yachiyo.chiba.jp",4,2
"yachiyo.chiba.jp",ICANN,"yachiyo.chiba.jp",4,2
"yokaichiba.chiba.jp",ICANN,"*.yokaichiba.chiba.jp",4,2
"yokaichiba.chiba.jp",ICANN,"yokaichiba.chiba.jp",4,2
"yokoshibahikari.chiba.jp",ICANN,"*.yokoshibahikari.chiba.jp",4,2
"yokoshibahikari.chiba.jp",ICANN,"yokoshibahikari.chiba.jp",4,2
"yotsukaido.chiba.jp",ICANN,"*.yotsukaido.chiba.jp",4,2
"yotsukaido.chiba.jp",ICANN,"yotsukaido.chiba.jp",4,2
"ainan.ehime.jp",ICANN,"*.ainan.ehime.jp",4,2
"ainan.ehime.jp",ICANN,"ainan.ehime.jp",4,2
"honai.ehime.jp",ICANN,"*.honai.ehime.jp",4,2
"honai.ehime.jp",ICANN,"honai.ehime.jp",4,2
"ikata.ehime.jp",ICANN,"*.ikata.ehime.jp",4,2
"ikata.ehime.jp",ICANN,"ikata.ehime.jp",4,2
"imabari.ehime.jp",ICANN,"*.imabari.ehime.jp",4,2
"imabari.ehime.jp",ICANN,"imabari.ehime.jp",4,2
"iyo.ehime.jp",ICANN,"*.iyo.ehime.jp",4,2
"iyo.ehime.jp",ICANN,"iyo.ehime.jp",4,2
"kamijima.ehime.jp",ICANN,"*.kamijima.ehime.jp",4,2
"kamijima.ehime.jp",ICANN,"kamijima.ehime.jp",4,2
"kihoku.ehime.jp",ICANN,"*.kihoku.ehime.jp",4,2
"kihoku.ehime.jp",ICANN,"kihoku.ehime.jp",4,2
"kumakogen.ehime.jp",ICANN,"*.kumakogen.ehime.jp",4,2
"kumakogen.ehime.jp",ICANN,"kumakogen.ehime.jp",4,2
"masaki.ehime.jp",ICANN,"*.masaki.ehime.jp",4,2
"masaki.ehime.jp",ICANN,"masaki.ehime.jp",4,2
"matsuno.ehime.jp",ICANN,"*.matsuno.ehime.jp",4,2
"matsuno.ehime.jp",ICANN,"matsuno.ehime.jp",4,2
"matsuyama.ehime.jp",ICANN,"*.matsuyama.ehime.jp",4,2
"matsuyama.ehime.jp",ICANN,"matsuyama.ehime.jp",4,2
"namikata.ehime.jp",ICANN,"*.namikata.ehime.jp",4,2
"namikata.ehime.jp",ICANN,"namikata.ehime.jp",4,2
"niihama.ehime.jp",ICANN,"*.niihama.ehime.jp",4,2
"niihama.ehime.jp",ICANN,"niihama.ehime.jp",4,2
"ozu.ehime.jp",ICANN,"*.ozu.ehime.jp",4,2
"ozu.ehime.jp",ICANN,"ozu.ehime.jp",4,2
"saijo.ehime.jp",ICANN,"*.saijo.ehime.jp",4,2
"saijo.ehime.jp",ICANN,"saijo.ehime.jp",4,2
"seiyo.ehime.jp",ICANN,"*.seiyo.ehime.jp",4,2
"seiyo.ehime.jp",ICANN,"seiyo.ehime.jp",4,2
"shikokuchuo.ehime.jp",ICANN,"*.shikokuchuo.ehime.jp",4,2
"shikokuchuo.ehime.jp",ICANN,"shikokuchuo.ehime.jp",4,2
"tobe.ehime.jp",ICANN,"*.tobe.ehime.jp",4,2
"tobe.ehime.jp",ICANN,"tobe.ehime.jp",4,2
"toon.ehime.jp",ICANN,"*.toon.ehime.jp",4,2
"toon.ehime.jp",ICANN,"toon.ehime.jp",4,2
"uchiko.ehime.jp",ICANN,"*.uchiko.ehime.jp",4,2
"uchiko.ehime.jp",ICANN,"uchiko.ehime.jp",4,2
"uwajima.ehime.jp",ICANN,"*.uwajima.ehime.jp",4,2
"uwajima.ehime.jp",ICANN,"uwajima.ehime.jp",4,2
"yawatahama.ehime.jp",ICANN,"*.yawatahama.ehime.jp",4,2
"yawatahama.ehime.jp",ICANN,"yawatahama.ehime.jp",4,2
"echizen.fukui.jp",ICANN,"*.echizen.fukui.jp",4,2
"echizen.fukui.jp",ICANN,"echizen.fukui.jp",4,2
"eiheiji.fukui.jp",ICANN,"*.eiheiji.fukui.jp",4,2
"eiheiji.fukui.jp",ICANN,"eiheiji.fukui.jp",4,2
"fukui.fukui.jp",ICANN,"*.fukui.fukui.jp",4,2
"fukui.fukui.jp",ICANN,"fukui.fukui.jp",4,2
"ikeda.fukui.jp",ICANN,"*.ikeda.fukui.jp",4,2
"ikeda.fukui.jp",ICANN,"ikeda.fukui.jp",4,2
"katsuyama.fukui.jp",ICANN,"*.katsuyama.fukui.jp",4,2
"katsuyama.fukui.jp",ICANN,"katsuyama.fukui.jp",4,2
"mihama.fukui.jp",ICANN,"*.mihama.fukui.jp",4,2
"mihama.fukui.jp",ICANN,"mihama.fukui.jp",4,2
"minamiechizen.fukui.jp",ICANN,"*.minamiechizen.fukui.jp",4,2
"minamiechizen.fukui.jp",ICANN,"minamiechizen.fukui.jp",4,2
"obama.fukui.jp",ICANN,"*.obama.fukui.jp",4,2
"obama.fukui.jp",ICANN,"obama.fukui.jp",4,2
"ohi.fukui.jp",ICANN,"*.ohi.fukui.jp",4,2
"ohi.fukui.jp",ICANN,"ohi.fukui.jp",4,2
"ono.fukui.jp",ICANN,"*.ono.fukui.jp",4,2
"ono.fukui.jp",ICANN,"ono.fukui.jp",4,2
"sabae.fukui.jp",ICANN,"*.sabae.fukui.jp",4,2
"sabae.fukui.jp",ICANN,"sabae.fukui.jp",4,2
"sakai.fukui.jp",ICANN,"*.sakai.fukui.jp",4,2
"sakai.fukui.jp",ICANN,"sakai.fukui.jp",4,2
"takahama.fukui.jp",ICANN,"*.takahama.fukui.jp",4,2
"takahama.fukui.jp",ICANN,"takahama.fukui.jp",4,2
"tsuruga.fukui.jp",ICANN,"*.tsuruga.fukui.jp",4,2
"tsuruga.fukui.jp",ICANN,"tsuruga.fukui.jp",4,2
"wakasa.fukui.jp",ICANN,"*.wakasa.fukui.jp",4,2
"wakasa.fukui.jp",ICANN,"wakasa.fukui.jp",4,2
"ashiya.fukuoka.jp",ICANN,"*.ashiya.fukuoka.jp",4,2
"ashiya.fukuoka.jp",ICANN,"ashiya.fukuoka.jp",4,2
"buzen.fukuoka.jp",ICANN,"*.buzen.fukuoka.jp",4,2
"buzen.fukuoka.jp",ICANN,"buzen.fukuoka.jp",4,2
"chikugo.fukuoka.jp",ICANN,"*.chikugo.fukuoka.jp",4,2
"chikugo.fukuoka.jp",ICANN,"chikugo.fukuoka.jp",4,2
"chikuho.fukuoka.jp",ICANN,"*.chikuho.fukuoka.jp",4,2
"chikuho.fukuoka.jp",ICANN,"chikuho.fukuoka.jp",4,2
"chikujo.fukuoka.jp",ICANN,"*.chikujo.fukuoka.jp",4,2
"chikujo.fukuoka.jp",ICANN,"chikujo.fukuoka.jp",4,2
"chikushino.fukuoka.jp",ICANN,"*.chikushino.fukuoka.jp",4,2
"chikushino.fukuoka.jp",ICANN,"chikushino.fukuoka.jp",4,2
"chikuzen.fukuoka.jp",ICANN,"*.chikuzen.fukuoka.jp",4,2
"chikuzen.fukuoka.jp",ICANN,"chikuzen.fukuoka.jp",4,2
"chuo.fukuoka.jp",ICANN,"*.chuo.fukuoka.jp",4,2
"chuo.fukuoka.jp",ICANN,"chuo.fukuoka.jp",4,2
"dazaifu.fukuoka.jp",ICANN,"*.dazaifu.fukuoka.jp",4,2
"dazaifu.fukuoka.jp",ICANN,"dazaifu.fukuoka.jp",4,2
"fukuchi.fukuoka.jp",ICANN,"*.fukuchi.fukuoka.jp",4,2
"fukuchi.fukuoka.jp",ICANN,"fukuchi.fukuoka.jp",4,2
"hakata.fukuoka.jp",ICANN,"*.hakata.fukuoka.jp",4,2
"hakata.fukuoka.jp",ICANN,"hakata.fukuoka.jp",4,2
"higashi.fukuoka.jp",ICANN,"*.higashi.fukuoka.jp",4,2
"higashi.fukuoka.jp",ICANN,"higashi.fukuoka.jp",4,2
"hirokawa.fukuoka.jp",ICANN,"*.hirokawa.fukuoka.jp",4,2
"hirokawa.fukuoka.jp",ICANN,"hirokawa.fukuoka.jp",4,2
"hisayama.fukuoka.jp",ICANN,"*.hisayama.fukuoka.jp",4,2
"hisayama.fukuoka.jp",ICANN,"hisayama.fukuoka.jp",4,2
"iizuka.fukuoka.jp",ICANN,"*.iizuka.fukuoka.jp",4,2
"iizuka.fukuoka.jp",ICANN,"iizuka.fukuoka.jp",4,2
"inatsuki.fukuoka.jp",ICANN,"*.inatsuki.fukuoka.jp",4,2
"inatsuki.fukuoka.jp",ICANN,"inatsuki.fukuoka.jp",4,2
"kaho.fukuoka.jp",ICANN,"*.kaho.fukuoka.jp",4,2
"kaho.fukuoka.jp",ICANN,"kaho.fukuoka.jp",4,2
"kasuga.fukuoka.jp",ICANN,"*.kasuga.fukuoka.jp",4,2
"kasuga.fukuoka.jp",ICANN,"kasuga.fukuoka.jp",4,2
"kasuya.fukuoka.jp",ICANN,"*.kasuya.fukuoka.jp",4,2
"kasuya.fukuoka.jp",ICANN,"kasuya.fukuoka.jp",4,2
"kawara.fukuoka.jp",ICANN,"*.kawara.fukuoka.jp",4,2
"kawara.fukuoka.jp",ICANN,"kawara.fukuoka.jp",4,2
"keisen.fukuoka.jp",ICANN,"*.keisen.fukuoka.jp",4,2
"keisen.fukuoka.jp",ICANN,"keisen.fukuoka.jp",4,2
"koga.fukuoka.jp",ICANN,"*.koga.fukuoka.jp",4,2
"koga.fukuoka.jp",ICANN,"koga.fukuoka.jp",4,2
"kurate.fukuoka.jp",ICANN,"*.kurate.fukuoka.jp",4,2
"kurate.fukuoka.jp",ICANN,"kurate.fukuoka.jp",4,2
"kurogi.fukuoka.jp",ICANN,"*.kurogi.fukuoka.jp",4,2
"kurogi.fukuoka.jp",ICANN,"kurogi.fukuoka.jp",4,2
"kurume.fukuoka.jp",ICANN,"*.kurume.fukuoka.jp",4,2
"kurume.fukuoka.jp",ICANN,"kurume.fukuoka.jp",4,2
"minami.fukuoka.jp",ICANN,"*.minami.fukuoka.jp",4,2
"minami.fukuoka.jp",ICANN,"minami.fukuoka.jp",4,2
"miyako.fukuoka.jp",ICANN,"*.miyako.fukuoka.jp",4,2
"miyako.fukuoka.jp",ICANN,"miyako.fukuoka.jp",4,2
"miyama.fukuoka.jp",ICANN,"*.miyama.fukuoka.jp",4,2
"miyama.fukuoka.jp",ICANN,"miyama.fukuoka.jp",4,2
"miyawaka.fukuoka.jp",ICANN,"*.miyawaka.fukuoka.jp",4,2
"miyawaka.fukuoka.jp",ICANN,"miyawaka.fukuoka.jp",4,2
"mizumaki.fukuoka.jp",ICANN,"*.mizumaki.fukuoka.jp",4,2
"mizumaki.fukuoka.jp",ICANN,"mizumaki.fukuoka.jp",4,2
"munakata.fukuoka.jp",ICANN,"*.munakata.fukuoka.jp",4,2
"munakata.fukuoka.jp",ICANN,"munakata.fukuoka.jp",4,2
"nakagawa.fukuoka.jp",ICANN,"*.nakagawa.fukuoka.jp",4,2
"nakagawa.fukuoka.jp",ICANN,"nakagawa.fukuoka.jp",4,2
"nakama.fukuoka.jp",ICANN,"*.nakama.fukuoka.jp",4,2
"nakama.fukuoka.jp",ICANN,"nakama.fukuoka.jp",4,2
"nishi.fukuoka.jp",ICANN,"*.nishi.fukuoka.jp",4,2
"nishi.fukuoka.jp",ICANN,"nishi.fukuoka.jp",4,2
"nogata.fukuoka.jp",ICANN,"*.nogata.fukuoka.jp",4,2
"nogata.fukuoka.jp",ICANN,"nogata.fukuoka.jp",4,2
"ogori.fukuoka.jp",ICANN,"*.ogori.fukuoka.jp",4,2
"ogori.fukuoka.jp",ICANN,"ogori.fukuoka.jp",4,2
"okagaki.fukuoka.jp",ICANN,"*.okagaki.fukuoka.jp",4,2
"okagaki.fukuoka.jp",ICANN,"okagaki.fukuoka.jp",4,2
"okawa.fukuoka.jp",ICANN,"*.okawa.fukuoka.jp",4,2
"okawa.fukuoka.jp",ICANN,"okawa.fukuoka.jp",4,2
"oki.fukuoka.jp",ICANN,"*.oki.fukuoka.jp",4,2
"oki.fukuoka.jp",ICANN,"oki.fukuoka.jp",4,2
"omuta.fukuoka.jp",ICANN,"*.omuta.fukuoka.jp",4,2
"omuta.fukuoka.jp",ICANN,"omuta.fukuoka.jp",4,2
"onga.fukuoka.jp",ICANN,"*.onga.fukuoka.jp",4,2
"onga.fukuoka.jp",ICANN,"onga.fukuoka.jp",4,2
"onojo.fukuoka.jp",ICANN,"*.onojo.fukuoka.jp",4,2
"onojo.fukuoka.jp",ICANN,"onojo.fukuoka.jp",4,2
"oto.fukuoka.jp",ICANN,"*.oto.fukuoka.jp",4,2
"oto.fukuoka.jp",ICANN,"oto.fukuoka.jp",4,2
"saigawa.fukuoka.jp",ICANN,"*.saigawa.fukuoka.jp",4,2
"saigawa.fukuoka.jp",ICANN,"saigawa.fukuoka.jp",4,2
"sasaguri.fukuoka.jp",ICANN,"*.sasaguri.fukuoka.jp",4,2
"sasaguri.fukuoka.jp",ICANN,"sasaguri.fukuoka.jp",4,2
"shingu.fukuoka.jp",ICANN,"*.shingu.fukuoka.jp",4,2
"shingu.fukuoka.jp",ICANN,"shingu.fukuoka.jp",4,2
"shinyoshitomi.fukuoka.jp",ICANN,"*.shinyoshitomi.fukuoka.jp",4,2
"shinyoshitomi.fukuoka.jp",ICANN,"shinyoshitomi.fukuoka.jp",4,2
"shonai.fukuoka.jp",ICANN,"*.shonai.fukuoka.jp",4,2
"shonai.fukuoka.jp",ICANN,"shonai.fukuoka.jp",4,2
"soeda.fukuoka.jp",ICANN,"*.soeda.fukuoka.jp",4,2
"soeda.fukuoka.jp",ICANN,"soeda.fukuoka.jp",4,2
"sue.fukuoka.jp",ICANN,"*.sue.fukuoka.jp",4,2
"sue.fukuoka.jp",ICANN,"sue.fukuoka.jp",4,2
"tachiarai.fukuoka.jp",ICANN,"*.tachiarai.fukuoka.jp",4,2
"tachiarai.fukuoka.jp",ICANN,"tachiarai.fukuoka.jp",4,2
"tagawa.fukuoka.jp",ICANN,"*.tagawa.fukuoka.jp",4,2
"tagawa.fukuoka.jp",ICANN,"tagawa.fukuoka.jp",4,2
"takata.fukuoka.jp",ICANN,"*.takata.fukuoka.jp",4,2
"takata.fukuoka.jp",ICANN,"takata.fukuoka.jp",4,2
"toho.fukuoka.jp",ICANN,"*.toho.fukuoka.jp",4,2
"toho.fukuoka.jp",ICANN,"toho.fukuoka.jp",4,2
"toyotsu.fukuoka.jp",ICANN,"*.toyotsu.fukuoka.jp",4,2
"toyotsu.fukuoka.jp",ICANN,"toyotsu.fukuoka.jp",4,2
"tsuiki.fukuoka.jp",ICANN,"*.tsuiki.fukuoka.jp",4,2
"tsuiki.fukuoka.jp",ICANN,"tsuiki.fukuoka.jp",4,2
"ukiha.fukuoka.jp",ICANN,"*.ukiha.fukuoka.jp",4,2
"ukiha.fukuoka.jp",ICANN,"ukiha.fukuoka.jp",4,2
"umi.fukuoka.jp",ICANN,"*.umi.fukuoka.jp",4,2
"umi.fukuoka.jp",ICANN,"umi.fukuoka.jp",4,2
"usui.fukuoka.jp",ICANN,"*.usui.fukuoka.jp",4,2
"usui.fukuoka.jp",ICANN,"usui.fukuoka.jp",4,2
"yamada.fukuoka.jp",ICANN,"*.yamada.fukuoka.jp",4,2
"yamada.fukuoka.jp",ICANN,"yamada.fukuoka.jp",4,2
"yame.fukuoka.jp",ICANN,"*.yame.fukuoka.jp",4,2
"yame.fukuoka.jp",ICANN,"yame.fukuoka.jp",4,2
"yanagawa.fukuoka.jp",ICANN,"*.yanagawa.fukuoka.jp",4,2
"yanagawa.fukuoka.jp",ICANN,"yanagawa.fukuoka.jp",4,2
"yukuhashi.fukuoka.jp",ICANN,"*.yukuhashi.fukuoka.jp",4,2
"yukuhashi.fukuoka.jp",ICANN,"yukuhashi.fukuoka.jp",4,2
"aizubange.fukushima.jp",ICANN,"*.aizubange.fukushima.jp",4,2
"aizubange.fukushima.jp",ICANN,"aizubange.fukushima.jp",4,2
"aizumisato.fukushima.jp",ICANN,"*.aizumisato.fukushima.jp",4,2
"aizumisato.fukushima.jp",ICANN,"aizumisato.fukushima.jp",4,2
"aizuwakamatsu.fukushima.jp",ICANN,"*.aizuwakamatsu.fukushima.jp",4,2
"aizuwakamatsu.fukushima.jp",ICANN,"aizuwakamatsu.fukushima.jp",4,2
"asakawa.fukushima.jp",ICANN,"*.asakawa.fukushima.jp",4,2
"asakawa.fukushima.jp",ICANN,"asakawa.fukushima.jp",4,2
"bandai.fukushima.jp",ICANN,"*.bandai.fukushima.jp",4,2
"bandai.fukushima.jp",ICANN,"bandai.fukushima.jp",4,2
"date.fukushima.jp",ICANN,"*.date.fukushima.jp",4,2
"date.fukushima.jp",ICANN,"date.fukushima.jp",4,2
"fukushima.fukushima.jp",ICANN,"*.fukushima.fukushima.jp",4,2
"fukushima.fukushima.jp",ICANN,"fukushima.fukushima.jp",4,2
"furudono.fukushima.jp",ICANN,"*.furudono.fukushima.jp",4,2
"furudono.fukushima.jp",ICANN,"furudono.fukushima.jp",4,2
"futaba.fukushima.jp",ICANN,"*.futaba.fukushima.jp",4,2
"futaba.fukushima.jp",ICANN,"futaba.fukushima.jp",4,2
"hanawa.fukushima.jp",ICANN,"*.hanawa.fukushima.jp",4,2
"hanawa.fukushima.jp",ICANN,"hanawa.fukushima.jp",4,2
"higashi.fukushima.jp",ICANN,"*.higashi.fukushima.jp",4,2
"higashi.fukushima.jp",ICANN,"higashi.fukushima.jp",4,2
"hirata.fukushima.jp",ICANN,"*.hirata.fukushima.jp",4,2
"hirata.fukushima.jp",ICANN,"hirata.fukushima.jp",4,2
"hirono.fukushima.jp",ICANN,"*.hirono.fukushima.jp",4,2
"hirono.fukushima.jp",ICANN,"hirono.fukushima.jp",4,2
"iitate.fukushima.jp",ICANN,"*.iitate.fukushima.jp",4,2
"iitate.fukushima.jp",ICANN,"iitate.fukushima.jp",4,2
"inawashiro.fukushima.jp",ICANN,"*.inawashiro.fukushima.jp",4,2
"inawashiro.fukushima.jp",ICANN,"inawashiro.fukushima.jp",4,2
"ishikawa.fukushima.jp",ICANN,"*.ishikawa.fukushima.jp",4,2
"ishikawa.fukushima.jp",ICANN,"ishikawa.fukushima.jp",4,2
"iwaki.fukushima.jp",ICANN,"*.iwaki.fukushima.jp",4,2
"iwaki.fukushima.jp",ICANN,"iwaki.fukushima.jp",4,2
"izumizaki.fukushima.jp",ICANN,"*.izumizaki.fukushima.jp",4,2
"izumizaki.fukushima.jp",ICANN,"izumizaki.fukushima.jp",4,2
"kagamiishi.fukushima.jp",ICANN,"*.kagamiishi.fukushima.jp",4,2
"kagamiishi.fukushima.jp",ICANN,"kagamiishi.fukushima.jp",4,2
"kaneyama.fukushima.jp",ICANN,"*.kaneyama.fukushima.jp",4,2
"kaneyama.fukushima.jp",ICANN,"kaneyama.fukushima.jp",4,2
"kawamata.fukushima.jp",ICANN,"*.kawamata.fukushima.jp",4,2
"kawamata.fukushima.jp",ICANN,"kawamata.fukushima.jp",4,2
"kitakata.fukushima.jp",ICANN,"*.kitakata.fukushima.jp",4,2
"kitakata.fukushima.jp",ICANN,"kitakata.fukushima.jp",4,2
"kitashiobara.fukushima.jp",ICANN,"*.kitashiobara.fukushima.jp",4,2
"kitashiobara.fukushima.jp",ICANN,"kitashiobara.fukushima.jp",4,2
"koori.fukushima.jp",ICANN,"*.koori.fukushima.jp",4,2
"koori.fukushima.jp",ICANN,"koori.fukushima.jp",4,2
"koriyama.fukushima.jp",ICANN,"*.koriyama.fukushima.jp",4,2
"koriyama.fukushima.jp",ICANN,"koriyama.fukushima.jp",4,2
"kunimi.fukushima.jp",ICANN,"*.kunimi.fukushima.jp",4,2
"kunimi.fukushima.jp",ICANN,"kunimi.fukushima.jp",4,2
"miharu.fukushima.jp",ICANN,"*.miharu.fukushima.jp",4,2
"miharu.fukushima.jp",ICANN,"miharu.fukushima.jp",4,2
"mishima.fukushima.jp",ICANN,"*.mishima.fukushima.jp",4,2
"mishima.fukushima.jp",ICANN,"mishima.fukushima.jp",4,2
"namie.fukushima.jp",ICANN,"*.namie.fukushima.jp",4,2
"namie.fukushima.jp",ICANN,"namie.fukushima.jp",4,2
"nango.fukushima.jp",ICANN,"*.nango.fukushima.jp",4,2
"nango.fukushima.jp",ICANN,"nango.fukushima.jp",4,2
"nishiaizu.fukushima.jp",ICANN,"*.nishiaizu.fukushima.jp",4,2
"nishiaizu.fukushima.jp",ICANN,"nishiaizu.fukushima.jp",4,2
"nishigo.fukushima.jp",ICANN,"*.nishigo.fukushima.jp",4,2
"nishigo.fukushima.jp",ICANN,"nishigo.fukushima.jp",4,2
"okuma.fukushima.jp",ICANN,"*.okuma.fukushima.jp",4,2
"okuma.fukushima.jp",ICANN,"okuma.fukushima.jp",4,2
"omotego.fukushima.jp",ICANN,"*.omotego.fukushima.jp",4,2
"omotego.fukushima.jp",ICANN,"omotego.fukushima.jp",4,2
"ono.fukushima.jp",ICANN,"*.ono.fukushima.jp",4,2
"ono.fukushima.jp",ICANN,"ono.fukushima.jp",4,2
"otama.fukushima.jp",ICANN,"*.otama.fukushima.jp",4,2
"otama.fukushima.jp",ICANN,"otama.fukushima.jp",4,2
"samegawa.fukushima.jp",ICANN,"*.samegawa.fukushima.jp",4,2
"samegawa.fukushima.jp",ICANN,"samegawa.fukushima.jp",4,2
"shimogo.fukushima.jp",ICANN,"*.shimogo.fukushima.jp",4,2
"shimogo.fukushima.jp",ICANN,"shimogo.fukushima.jp",4,2
"shirakawa.fukushima.jp",ICANN,"*.shirakawa.fukushima.jp",4,2
"shirakawa.fukushima.jp",ICANN,"shirakawa.fukushima.jp",4,2
"showa.fukushima.jp",ICANN,"*.showa.fukushima.jp",4,2
"showa.fukushima.jp",ICANN,"showa.fukushima.jp",4,2
"soma.fukushima.jp",ICANN,"*.soma.fukushima.jp",4,2
"soma.fukushima.jp",ICANN,"soma.fukushima.jp",4,2
"sukagawa.fukushima.jp",ICANN,"*.sukagawa.fukushima.jp",4,2
"sukagawa.fukushima.jp",ICANN,"sukagawa.fukushima.jp",4,2
"taishin.fukushima.jp",ICANN,"*.taishin.fukushima.jp",4,2
"taishin.fukushima.jp",ICANN,"taishin.fukushima.jp",4,2
"tamakawa.fukushima.jp",ICANN,"*.tamakawa.fukushima.jp",4,2
"tamakawa.fukushima.jp",ICANN,"tamakawa.fukushima.jp",4,2
"tanagura.fukushima.jp",ICANN,"*.tanagura.fukushima.jp",4,2
"tanagura.fukushima.jp",ICANN,"tanagura.fukushima.jp",4,2
"tenei.fukushima.jp",ICANN,"*.tenei.fukushima.jp",4,2
"tenei.fukushima.jp",ICANN,"tenei.fukushima.jp",4,2
"yabuki.fukushima.jp",ICANN,"*.yabuki.fukushima.jp",4,2
"yabuki.fukushima.jp",ICANN,"yabuki.fukushima.jp",4,2
"yamato.fukushima.jp",ICANN,"*.yamato.fukushima.jp",4,2
"yamato.fukushima.jp",ICANN,"yamato.fukushima.jp",4,2
"yamatsuri.fukushima.jp",ICANN,"*.yamatsuri.fukushima.jp",4,2
"yamatsuri.fukushima.jp",ICANN,"yamatsuri.fukushima.jp",4,2
"yanaizu.fukushima.jp",ICANN,"*.yanaizu.fukushima.jp",4,2
"yanaizu.fukushima.jp",ICANN,"yanaizu.fukushima.jp",4,2
"yugawa.fukushima.jp",ICANN,"*.yugawa.fukushima.jp",4,2
"yugawa.fukushima.jp",ICANN,"yugawa.fukushima.jp",4,2
"anpachi.gifu.jp",ICANN,"*.anpachi.gifu.jp",4,2
"anpachi.gifu.jp",ICANN,"anpachi.gifu.jp",4,2
"ena.gifu.jp",ICANN,"*.ena.gifu.jp",4,2
"ena.gifu.jp",ICANN,"ena.gifu.jp",4,2
"gifu.gifu.jp",ICANN,"*.gifu.gifu.jp",4,2
"gifu.gifu.jp",ICANN,"gifu.gifu.jp",4,2
"ginan.gifu.jp",ICANN,"*.ginan.gifu.jp",4,2
"ginan.gifu.jp",ICANN,"ginan.gifu.jp",4,2
"godo.gifu.jp",ICANN,"*.godo.gifu.jp",4,2
"godo.gifu.jp",ICANN,"godo.gifu.jp",4,2
"gujo.gifu.jp",ICANN,"*.gujo.gifu.jp",4,2
"gujo.gifu.jp",ICANN,"gujo.gifu.jp",4,2
"hashima.gifu.jp",ICANN,"*.hashima.gifu.jp",4,2
"hashima.gifu.jp",ICANN,"hashima.gifu.jp",4,2
"hichiso.gifu.jp",ICANN,"*.hichiso.gifu.jp",4,2
"hichiso.gifu.jp",ICANN,"hichiso.gifu.jp",4,2
"hida.gifu.jp",ICANN,"*.hida.gifu.jp",4,2
"hida.gifu.jp",ICANN,"hida.gifu.jp",4,2
"higashishirakawa.gifu.jp",ICANN,"*.higashishirakawa.gifu.jp",4,2
"higashishirakawa.gifu.jp",ICANN,"higashishirakawa.gifu.jp",4,2
"ibigawa.gifu.jp",ICANN,"*.ibigawa.gifu.jp",4,2
"ibigawa.gifu.jp",ICANN,"ibigawa.gifu.jp",4,2
"ikeda.gifu.jp",ICANN,"*.ikeda.gifu.jp",4,2
"ikeda.gifu.jp",ICANN,"ikeda.gifu.jp",4,2
"kakamigahara.gifu.jp",ICANN,"*.kakamigahara.gifu.jp",4,2
"kakamigahara.gifu.jp",ICANN,"kakamigahara.gifu.jp",4,2
"kani.gifu.jp",ICANN,"*.kani.gifu.jp",4,2
"kani.gifu.jp",ICANN,"kani.gifu.jp",4,2
"kasahara.gifu.jp",ICANN,"*.kasahara.gifu.jp",4,2
"kasahara.gifu.jp",ICANN,"kasahara.gifu.jp",4,2
"kasamatsu.gifu.jp",ICANN,"*.kasamatsu.gifu.jp",4,2
"kasamatsu.gifu.jp",ICANN,"kasamatsu.gifu.jp",4,2
"kawaue.gifu.jp",ICANN,"*.kawaue.gifu.jp",4,2
"kawaue.gifu.jp",ICANN,"kawaue.gifu.jp",4,2
"kitagata.gifu.jp",ICANN,"*.kitagata.gifu.jp",4,2
"kitagata.gifu.jp",ICANN,"kitagata.gifu.jp",4,2
"mino.gifu.jp",ICANN,"*.mino.gifu.jp",4,2
"mino.gifu.jp",ICANN,"mino.gifu.jp",4,2
"minokamo.gifu.jp",ICANN,"*.minokamo.gifu.jp",4,2
"minokamo.gifu.jp",ICANN,"minokamo.gifu.jp",4,2
"mitake.gifu.jp",ICANN,"*.mitake.gifu.jp",4,2
"mitake.gifu.jp",ICANN,"mitake.gifu.jp",4,2
"mizunami.gifu.jp",ICANN,"*.mizunami.gifu.jp",4,2
"mizunami.gifu.jp",ICANN,"mizunami.gifu.jp",4,2
"motosu.gifu.jp",ICANN,"*.motosu.gifu.jp",4,2
"motosu.gifu.jp",ICANN,"motosu.gifu.jp",4,2
"nakatsugawa.gifu.jp",ICANN,"*.nakatsugawa.gifu.jp",4,2
"nakatsugawa.gifu.jp",ICANN,"nakatsugawa.gifu.jp",4,2
"ogaki.gifu.jp",ICANN,"*.ogaki.gifu.jp",4,2
"ogaki.gifu.jp",ICANN,"ogaki.gifu.jp",4,2
"sakahogi.gifu.jp",ICANN,"*.sakahogi.gifu.jp",4,2
"sakahogi.gifu.jp",ICANN,"sakahogi.gifu.jp",4,2
"seki.gifu.jp",ICANN,"*.seki.gifu.jp",4,2
"seki.gifu.jp",ICANN,"seki.gifu.jp",4,2
"sekigahara.gifu.jp",ICANN,"*.sekigahara.gifu.jp",4,2
"sekigahara.gifu.jp",ICANN,"sekigahara.gifu.jp",4,2
"shirakawa.gifu.jp",ICANN,"*.shirakawa.gifu.jp",4,2
"shirakawa.gifu.jp",ICANN,"shirakawa.gifu.jp",4,2
"tajimi.gifu.jp",ICANN,"*.tajimi.gifu.jp",4,2
"tajimi.gifu.jp",ICANN,"tajimi.gifu.jp",4,2
"takayama.gifu.jp",ICANN,"*.takayama.gifu.jp",4,2
"takayama.gifu.jp",ICANN,"takayama.gifu.jp",4,2
"tarui.gifu.jp",ICANN,"*.tarui.gifu.jp",4,2
"tarui.gifu.jp",ICANN,"tarui.gifu.jp",4,2
"toki.gifu.jp",ICANN,"*.toki.gifu.jp",4,2
"toki.gifu.jp",ICANN,"toki.gifu.jp",4,2
"tomika.gifu.jp",ICANN,"*.tomika.gifu.jp",4,2
"tomika.gifu.jp",ICANN,"tomika.gifu.jp",4,2
"wanouchi.gifu.jp",ICANN,"*.wanouchi.gifu.jp",4,2
"wanouchi.gifu.jp",ICANN,"wanouchi.gifu.jp",4,2
"yamagata.gifu.jp",ICANN,"*.yamagata.gifu.jp",4,2
"yamagata.gifu.jp",ICANN,"yamagata.gifu.jp",4,2
"yaotsu.gifu.jp",ICANN,"*.yaotsu.gifu.jp",4,2
"yaotsu.gifu.jp",ICANN,"yaotsu.gifu.jp",4,2
"yoro.gifu.jp",ICANN,"*.yoro.gifu.jp",4,2
"yoro.gifu.jp",ICANN,"yoro.gifu.jp",4,2
"annaka.gunma.jp",ICANN,"*.annaka.gunma.jp",4,2
"annaka.gunma.jp",ICANN,"annaka.gunma.jp",4,2
"chiyoda.gunma.jp",ICANN,"*.chiyoda.gunma.jp",4,2
"chiyoda.gunma.jp",ICANN,"chiyoda.gunma.jp",4,2
"fujioka.gunma.jp",ICANN,"*.fujioka.gunma.jp",4,2
"fujioka.gunma.jp",ICANN,"fujioka.gunma.jp",4,2
"higashiagatsuma.gunma.jp",ICANN,"*.higashiagatsuma.gunma.jp",4,2
"higashiagatsuma.gunma.jp",ICANN,"higashiagatsuma.gunma.jp",4,2
"isesaki.gunma.jp",ICANN,"*.isesaki.gunma.jp",4,2
"isesaki.gunma.jp",ICANN,"isesaki.gunma.jp",4,2
"itakura.gunma.jp",ICANN,"*.itakura.gunma.jp",4,2
"itakura.gunma.jp",ICANN,"itakura.gunma.jp",4,2
"kanna.gunma.jp",ICANN,"*.kanna.gunma.jp",4,2
"kanna.gunma.jp",ICANN,"kanna.gunma.jp",4,2
"kanra.gunma.jp",ICANN,"*.kanra.gunma.jp",4,2
"kanra.gunma.jp",ICANN,"kanra.gunma.jp",4,2
"katashina.gunma.jp",ICANN,"*.katashina.gunma.jp",4,2
"katashina.gunma.jp",ICANN,"katashina.gunma.jp",4,2
"kawaba.gunma.jp",ICANN,"*.kawaba.gunma.jp",4,2
"kawaba.gunma.jp",ICANN,"kawaba.gunma.jp",4,2
"kiryu.gunma.jp",ICANN,"*.kiryu.gunma.jp",4,2
"kiryu.gunma.jp",ICANN,"kiryu.gunma.jp",4,2
"kusatsu.gunma.jp",ICANN,"*.kusatsu.gunma.jp",4,2
"kusatsu.gunma.jp",ICANN,"kusatsu.gunma.jp",4,2
"maebashi.gunma.jp",ICANN,"*.maebashi.gunma.jp",4,2
"maebashi.gunma.jp",ICANN,"maebashi.gunma.jp",4,2
"meiwa.gunma.jp",ICANN,"*.meiwa.gunma.jp",4,2
"meiwa.gunma.jp",ICANN,"meiwa.gunma.jp",4,2
"midori.gunma.jp",ICANN,"*.midori.gunma.jp",4,2
"midori.gunma.jp",ICANN,"midori.gunma.jp",4,2
"minakami.gunma.jp",ICANN,"*.minakami.gunma.jp",4,2
"minakami.gunma.jp",ICANN,"minakami.gunma.jp",4,2
"naganohara.gunma.jp",ICANN,"*.naganohara.gunma.jp",4,2
"naganohara.gunma.jp",ICANN,"naganohara.gunma.jp",4,2
"nakanojo.gunma.jp",ICANN,"*.nakanojo.gunma.jp",4,2
"nakanojo.gunma.jp",ICANN,"nakanojo.gunma.jp",4,2
"nanmoku.gunma.jp",ICANN,"*.nanmoku.gunma.jp",4,2
"nanmoku.gunma.jp",ICANN,"nanmoku.gunma.jp",4,2
"numata.gunma.jp",ICANN,"*.numata.gunma.jp",4,2
"numata.gunma.jp",ICANN,"numata.gunma.jp",4,2
"oizumi.gunma.jp",ICANN,"*.oizumi.gunma.jp",4,2
"oizumi.gunma.jp",ICANN,"oizumi.gunma.jp",4,2
"ora.gunma.jp",ICANN,"*.ora.gunma.jp",4,2
"ora.gunma.jp",ICANN,"ora.gunma.jp",4,2
"ota.gunma.jp",ICANN,"*.ota.gunma.jp",4,2
"ota.gunma.jp",ICANN,"ota.gunma.jp",4,2
"shibukawa.gunma.jp",ICANN,"*.shibukawa.gunma.jp",4,2
"shibukawa.gunma.jp",ICANN,"shibukawa.gunma.jp",4,2
"shimonita.gunma.jp",ICANN,"*.shimonita.gunma.jp",4,2
"shimonita.gunma.jp",ICANN,"shimonita.gunma.jp",4,2
"shinto.gunma.jp",ICANN,"*.shinto.gunma.jp",4,2
"shinto.gunma.jp",ICANN,"shinto.gunma.jp",4,2
"showa.gunma.jp",ICANN,"*.showa.gunma.jp",4,2
"showa.gunma.jp",ICANN,"showa.gunma.jp",4,2
"takasaki.gunma.jp",ICANN,"*.takasaki.gunma.jp",4,2
"takasaki.gunma.jp",ICANN,"takasaki.gunma.jp",4,2
"takayama.gunma.jp",ICANN,"*.takayama.gunma.jp",4,2
"takayama.gunma.jp",ICANN,"takayama.gunma.jp",4,2
"tamamura.gunma.jp",ICANN,"*.tamamura.gunma.jp",4,2
"tamamura.gunma.jp",ICANN,"tamamura.gunma.jp",4,2
"tatebayashi.gunma.jp",ICANN,"*.tatebayashi.gunma.jp",4,2
"tatebayashi.gunma.jp",ICANN,"tatebayashi.gunma.jp",4,2
"tomioka.gunma.jp",ICANN,"*.tomioka.gunma.jp",4,2
"tomioka.gunma.jp",ICANN,"tomioka.gunma.jp",4,2
"tsukiyono.gunma.jp",ICANN,"*.tsukiyono.gunma.jp",4,2
"tsukiyono.gunma.jp",ICANN,"tsukiyono.gunma.jp",4,2
"tsumagoi.gunma.jp",ICANN,"*.tsumagoi.gunma.jp",4,2
"tsumagoi.gunma.jp",ICANN,"tsumagoi.gunma.jp",4,2
"ueno.gunma.jp",ICANN,"*.ueno.gunma.jp",4,2
"ueno.gunma.jp",ICANN,"ueno.gunma.jp",4,2
"yoshioka.gunma.jp",ICANN,"*.yoshioka.gunma.jp",4,2
"yoshioka.gunma.jp",ICANN,"yoshioka.gunma.jp",4,2
"asaminami.hiroshima.jp",ICANN,"*.asaminami.hiroshima.jp",4,2
"asaminami.hiroshima.jp",ICANN,"asaminami.hiroshima.jp",4,2
"daiwa.hiroshima.jp",ICANN,"*.daiwa.hiroshima.jp",4,2
"daiwa.hiroshima.jp",ICANN,"daiwa.hiroshima.jp",4,2
"etajima.hiroshima.jp",ICANN,"*.etajima.hiroshima.jp",4,2
"etajima.hiroshima.jp",ICANN,"etajima.hiroshima.jp",4,2
"fuchu.hiroshima.jp",ICANN,"*.fuchu.hiroshima.jp",4,2
"fuchu.hiroshima.jp",ICANN,"fuchu.hiroshima.jp",4,2
"fukuyama.hiroshima.jp",ICANN,"*.fukuyama.hiroshima.jp",4,2
"fukuyama.hiroshima.jp",ICANN,"fukuyama.hiroshima.jp",4,2
"hatsukaichi.hiroshima.jp",ICANN,"*.hatsukaichi.hiroshima.jp",4,2
"hatsukaichi.hiroshima.jp",ICANN,"hatsukaichi.hiroshima.jp",4,2
"higashihiroshima.hiroshima.jp",ICANN,"*.higashihiroshima.hiroshima.jp",4,2
"higashihiroshima.hiroshima.jp",ICANN,"higashihiroshima.hiroshima.jp",4,2
"hongo.hiroshima.jp",ICANN,"*.hongo.hiroshima.jp",4,2
"hongo.hiroshima.jp",ICANN,"hongo.hiroshima.jp",4,2
"jinsekikogen.hiroshima.jp",ICANN,"*.jinsekikogen.hiroshima.jp",4,2
"jinsekikogen.hiroshima.jp",ICANN,"jinsekikogen.hiroshima.jp",4,2
"kaita.hiroshima.jp",ICANN,"*.kaita.hiroshima.jp",4,2
"kaita.hiroshima.jp",ICANN,"kaita.hiroshima.jp",4,2
"kui.hiroshima.jp",ICANN,"*.kui.hiroshima.jp",4,2
"kui.hiroshima.jp",ICANN,"kui.hiroshima.jp",4,2
"kumano.hiroshima.jp",ICANN,"*.kumano.hiroshima.jp",4,2
"kumano.hiroshima.jp",ICANN,"kumano.hiroshima.jp",4,2
"kure.hiroshima.jp",ICANN,"*.kure.hiroshima.jp",4,2
"kure.hiroshima.jp",ICANN,"kure.hiroshima.jp",4,2
"mihara.hiroshima.jp",ICANN,"*.mihara.hiroshima.jp",4,2
"mihara.hiroshima.jp",ICANN,"mihara.hiroshima.jp",4,2
"miyoshi.hiroshima.jp",ICANN,"*.miyoshi.hiroshima.jp",4,2
"miyoshi.hiroshima.jp",ICANN,"miyoshi.hiroshima.jp",4,2
"naka.hiroshima.jp",ICANN,"*.naka.hiroshima.jp",4,2
"naka.hiroshima.jp",ICANN,"naka.hiroshima.jp",4,2
"onomichi.hiroshima.jp",ICANN,"*.onomichi.hiroshima.jp",4,2
"onomichi.hiroshima.jp",ICANN,"onomichi.hiroshima.jp",4,2
"osakikamijima.hiroshima.jp",ICANN,"*.osakikamijima.hiroshima.jp",4,2
"osakikamijima.hiroshima.jp",ICANN,"osakikamijima.hiroshima.jp",4,2
"otake.hiroshima.jp",ICANN,"*.otake.hiroshima.jp",4,2
"otake.hiroshima.jp",ICANN,"otake.hiroshima.jp",4,2
"saka.hiroshima.jp",ICANN,"*.saka.hiroshima.jp",4,2
"saka.hiroshima.jp",ICANN,"saka.hiroshima.jp",4,2
"sera.hiroshima.jp",ICANN,"*.sera.hiroshima.jp",4,2
"sera.hiroshima.jp",ICANN,"sera.hiroshima.jp",4,2
"seranishi.hiroshima.jp",ICANN,"*.seranishi.hiroshima.jp",4,2
"seranishi.hiroshima.jp",ICANN,"seranishi.hiroshima.jp",4,2
"shinichi.hiroshima.jp",ICANN,"*.shinichi.hiroshima.jp",4,2
"shinichi.hiroshima.jp",ICANN,"shinichi.hiroshima.jp",4,2
"shobara.hiroshima.jp",ICANN,"*.shobara.hiroshima.jp",4,2
"shobara.hiroshima.jp",ICANN,"shobara.hiroshima.jp",4,2
"takehara.hiroshima.jp",ICANN,"*.takehara.hiroshima.jp",4,2
"takehara.hiroshima.jp",ICANN,"takehara.hiroshima.jp",4,2
"abashiri.hokkaido.jp",ICANN,"*.abashiri.hokkaido.jp",4,2
"abashiri.hokkaido.jp",ICANN,"abashiri.hokkaido.jp",4,2
"abira.hokkaido.jp",ICANN,"*.abira.hokkaido.jp",4,2
"abira.hokkaido.jp",ICANN,"abira.hokkaido.jp",4,2
"aibetsu.hokkaido.jp",ICANN,"*.aibetsu.hokkaido.jp",4,2
"aibetsu.hokkaido.jp",ICANN,"aibetsu.hokkaido.jp",4,2
"akabira.hokkaido.jp",ICANN,"*.akabira.hokkaido.jp",4,2
"akabira.hokkaido.jp",ICANN,"akabira.hokkaido.jp",4,2
"akkeshi.hokkaido.jp",ICANN,"*.akkeshi.hokkaido.jp",4,2
"akkeshi.hokkaido.jp",ICANN,"akkeshi.hokkaido.jp",4,2
"asahikawa.hokkaido.jp",ICANN,"*.asahikawa.hokkaido.jp",4,2
"asahikawa.hokkaido.jp",ICANN,"asahikawa.hokkaido.jp",4,2
"ashibetsu.hokkaido.jp",ICANN,"*.ashibetsu.hokkaido.jp",4,2
"ashibetsu.hokkaido.jp",ICANN,"ashibetsu.hokkaido.jp",4,2
"ashoro.hokkaido.jp",ICANN,"*.ashoro.hokkaido.jp",4,2
"ashoro.hokkaido.jp",ICANN,"ashoro.hokkaido.jp",4,2
"assabu.hokkaido.jp",ICANN,"*.assabu.hokkaido.jp",4,2
"assabu.hokkaido.jp",ICANN,"assabu.hokkaido.jp",4,2
"atsuma.hokkaido.jp",ICANN,"*.atsuma.hokkaido.jp",4,2
"atsuma.hokkaido.jp",ICANN,"atsuma.hokkaido.jp",4,2
"bibai.hokkaido.jp",ICANN,"*.bibai.hokkaido.jp",4,2
"bibai.hokkaido.jp",ICANN,"bibai.hokkaido.jp",4,2
"biei.hokkaido.jp",ICANN,"*.biei.hokkaido.jp",4,2
"biei.hokkaido.jp",ICANN,"biei.hokkaido.jp",4,2
"bifuka.hokkaido.jp",ICANN,"*.bifuka.hokkaido.jp",4,2
"bifuka.hokkaido.jp",ICANN,"bifuka.hokkaido.jp",4,2
"bihoro.hokkaido.jp",ICANN,"*.bihoro.hokkaido.jp",4,2
"bihoro.hokkaido.jp",ICANN,"bihoro.hokkaido.jp",4,2
"biratori.hokkaido.jp",ICANN,"*.biratori.hokkaido.jp",4,2
"biratori.hokkaido.jp",ICANN,"biratori.hokkaido.jp",4,2
"chippubetsu.hokkaido.jp",ICANN,"*.chippubetsu.hokkaido.jp",4,2
"chippubetsu.hokkaido.jp",ICANN,"chippubetsu.hokkaido.jp",4,2
"chitose.hokkaido.jp",ICANN,"*.chitose.hokkaido.jp",4,2
"chitose.hokkaido.jp",ICANN,"chitose.hokkaido.jp",4,2
"date.hokkaido.jp",ICANN,"*.date.hokkaido.jp",4,2
"date.hokkaido.jp",ICANN,"date.hokkaido.jp",4,2
"ebetsu.hokkaido.jp",ICANN,"*.ebetsu.hokkaido.jp",4,2
"ebetsu.hokkaido.jp",ICANN,"ebetsu.hokkaido.jp",4,2
"embetsu.hokkaido.jp",ICANN,"*.embetsu.hokkaido.jp",4,2
"embetsu.hokkaido.jp",ICANN,"embetsu.hokkaido.jp",4,2
"eniwa.hokkaido.jp",ICANN,"*.eniwa.hokkaido.jp",4,2
"eniwa.hokkaido.jp",ICANN,"eniwa.hokkaido.jp",4,2
"erimo.hokkaido.jp",ICANN,"*.erimo.hokkaido.jp",4,2
"erimo.hokkaido.jp",ICANN,"erimo.hokkaido.jp",4,2
"esan.hokkaido.jp",ICANN,"*.esan.hokkaido.jp",4,2
"esan.hokkaido.jp",ICANN,"esan.hokkaido.jp",4,2
"esashi.hokkaido.jp",ICANN,"*.esashi.hokkaido.jp",4,2
"esashi.hokkaido.jp",ICANN,"esashi.hokkaido.jp",4,2
"fukagawa.hokkaido.jp",ICANN,"*.fukagawa.hokkaido.jp",4,2
"fukagawa.hokkaido.jp",ICANN,"fukagawa.hokkaido.jp",4,2
"fukushima.hokkaido.jp",ICANN,"*.fukushima.hokkaido.jp",4,2
"fukushima.hokkaido.jp",ICANN,"fukushima.hokkaido.jp",4,2
"furano.hokkaido.jp",ICANN,"*.furano.hokkaido.jp",4,2
"furano.hokkaido.jp",ICANN,"furano.hokkaido.jp",4,2
"furubira.hokkaido.jp",ICANN,"*.furubira.hokkaido.jp",4,2
"furubira.hokkaido.jp",ICANN,"furubira.hokkaido.jp",4,2
"haboro.hokkaido.jp",ICANN,"*.haboro.hokkaido.jp",4,2
"haboro.hokkaido.jp",ICANN,"haboro.hokkaido.jp",4,2
"hakodate.hokkaido.jp",ICANN,"*.hakodate.hokkaido.jp",4,2
"hakodate.hokkaido.jp",ICANN,"hakodate.hokkaido.jp",4,2
"hamatonbetsu.hokkaido.jp",ICANN,"*.hamatonbetsu.hokkaido.jp",4,2
"hamatonbetsu.hokkaido.jp",ICANN,"hamatonbetsu.hokkaido.jp",4,2
"hidaka.hokkaido.jp",ICANN,"*.hidaka.hokkaido.jp",4,2
"hidaka.hokkaido.jp",ICANN,"hidaka.hokkaido.jp",4,2
"higashikagura.hokkaido.jp",ICANN,"*.higashikagura.hokkaido.jp",4,2
"higashikagura.hokkaido.jp",ICANN,"higashikagura.hokkaido.jp",4,2
"higashikawa.hokkaido.jp",ICANN,"*.higashikawa.hokkaido.jp",4,2
"higashikawa.hokkaido.jp",ICANN,"higashikawa.hokkaido.jp",4,2
"hiroo.hokkaido.jp",ICANN,"*.hiroo.hokkaido.jp",4,2
"hiroo.hokkaido.jp",ICANN,"hiroo.hokkaido.jp",4,2
"hokuryu.hokkaido.jp",ICANN,"*.hokuryu.hokkaido.jp",4,2
"hokuryu.hokkaido.jp",ICANN,"hokuryu.hokkaido.jp",4,2
"hokuto.hokkaido.jp",ICANN,"*.hokuto.hokkaido.jp",4,2
"hokuto.hokkaido.jp",ICANN,"hokuto.hokkaido.jp",4,2
"honbetsu.hokkaido.jp",ICANN,"*.honbetsu.hokkaido.jp",4,2
"honbetsu.hokkaido.jp",ICANN,"honbetsu.hokkaido.jp",4,2
"horokanai.hokkaido.jp",ICANN,"*.horokanai.hokkaido.jp",4,2
"horokanai.hokkaido.jp",ICANN,"horokanai.hokkaido.jp",4,2
"horonobe.hokkaido.jp",ICANN,"*.horonobe.hokkaido.jp",4,2
"horonobe.hokkaido.jp",ICANN,"horonobe.hokkaido.jp",4,2
"ikeda.hokkaido.jp",ICANN,"*.ikeda.hokkaido.jp",4,2
"ikeda.hokkaido.jp",ICANN,"ikeda.hokkaido.jp",4,2
"imakane.hokkaido.jp",ICANN,"*.imakane.hokkaido.jp",4,2
"imakane.hokkaido.jp",ICANN,"imakane.hokkaido.jp",4,2
"ishikari.hokkaido.jp",ICANN,"*.ishikari.hokkaido.jp",4,2
"ishikari.hokkaido.jp",ICANN,"ishikari.hokkaido.jp",4,2
"iwamizawa.hokkaido.jp",ICANN,"*.iwamizawa.hokkaido.jp",4,2
"iwamizawa.hokkaido.jp",ICANN,"iwamizawa.hokkaido.jp",4,2
"iwanai.hokkaido.jp",ICANN,"*.iwanai.hokkaido.jp",4,2
"iwanai.hokkaido.jp",ICANN,"iwanai.hokkaido.jp",4,2
"kamifurano.hokkaido.jp",ICANN,"*.kamifurano.hokkaido.jp",4,2
"kamifurano.hokkaido.jp",ICANN,"kamifurano.hokkaido.jp",4,2
"kamikawa.hokkaido.jp",ICANN,"*.kamikawa.hokkaido.jp",4,2
"kamikawa.hokkaido.jp",ICANN,"kamikawa.hokkaido.jp",4,2
"kamishihoro.hokkaido.jp",ICANN,"*.kamishihoro.hokkaido.jp",4,2
"kamishihoro.hokkaido.jp",ICANN,"kamishihoro.hokkaido.jp",4,2
"kamisunagawa.hokkaido.jp",ICANN,"*.kamisunagawa.hokkaido.jp",4,2
"kamisunagawa.hokkaido.jp",ICANN,"kamisunagawa.hokkaido.jp",4,2
"kamoenai.hokkaido.jp",ICANN,"*.kamoenai.hokkaido.jp",4,2
"kamoenai.hokkaido.jp",ICANN,"kamoenai.hokkaido.jp",4,2
"kayabe.hokkaido.jp",ICANN,"*.kayabe.hokkaido.jp",4,2
"kayabe.hokkaido.jp",ICANN,"kayabe.hokkaido.jp",4,2
"kembuchi.hokkaido.jp",ICANN,"*.kembuchi.hokkaido.jp",4,2
"kembuchi.hokkaido.jp",ICANN,"kembuchi.hokkaido.jp",4,2
"kikonai.hokkaido.jp",ICANN,"*.kikonai.hokkaido.jp",4,2
"kikonai.hokkaido.jp",ICANN,"kikonai.hokkaido.jp",4,2
"kimobetsu.hokkaido.jp",ICANN,"*.kimobetsu.hokkaido.jp",4,2
"kimobetsu.hokkaido.jp",ICANN,"kimobetsu.hokkaido.jp",4,2
"kitahiroshima.hokkaido.jp",ICANN,"*.kitahiroshima.hokkaido.jp",4,2
"kitahiroshima.hokkaido.jp",ICANN,"kitahiroshima.hokkaido.jp",4,2
"kitami.hokkaido.jp",ICANN,"*.kitami.hokkaido.jp",4,2
"kitami.hokkaido.jp",ICANN,"kitami.hokkaido.jp",4,2
"kiyosato.hokkaido.jp",ICANN,"*.kiyosato.hokkaido.jp",4,2
"kiyosato.hokkaido.jp",ICANN,"kiyosato.hokkaido.jp",4,2
"koshimizu.hokkaido.jp",ICANN,"*.koshimizu.hokkaido.jp",4,2
"koshimizu.hokkaido.jp",ICANN,"koshimizu.hokkaido.jp",4,2
"kunneppu.hokkaido.jp",ICANN,"*.kunneppu.hokkaido.jp",4,2
"kunneppu.hokkaido.jp",ICANN,"kunneppu.hokkaido.jp",4,2
"kuriyama.hokkaido.jp",ICANN,"*.kuriyama.hokkaido.jp",4,2
"kuriyama.hokkaido.jp",ICANN,"kuriyama.hokkaido.jp",4,2
"kuromatsunai.hokkaido.jp",ICANN,"*.kuromatsunai.hokkaido.jp",4,2
"kuromatsunai.hokkaido.jp",ICANN,"kuromatsunai.hokkaido.jp",4,2
"kushiro.hokkaido.jp",ICANN,"*.kushiro.hokkaido.jp",4,2
"kushiro.hokkaido.jp",ICANN,"kushiro.hokkaido.jp",4,2
"kutchan.hokkaido.jp",ICANN,"*.kutchan.hokkaido.jp",4,2
"kutchan.hokkaido.jp",ICANN,"kutchan.hokkaido.jp",4,2
"kyowa.hokkaido.jp",ICANN,"*.kyowa.hokkaido.jp",4,2
"kyowa.hokkaido.jp",ICANN,"kyowa.hokkaido.jp",4,2
"mashike.hokkaido.jp",ICANN,"*.mashike.hokkaido.jp",4,2
"mashike.hokkaido.jp",ICANN,"mashike.hokkaido.jp",4,2
"matsumae.hokkaido.jp",ICANN,"*.matsumae.hokkaido.jp",4,2
"matsumae.hokkaido.jp",ICANN,"matsumae.hokkaido.jp",4,2
"mikasa.hokkaido.jp",ICANN,"*.mikasa.hokkaido.jp",4,2
"mikasa.hokkaido.jp",ICANN,"mikasa.hokkaido.jp",4,2
"minamifurano.hokkaido.jp",ICANN,"*.minamifurano.hokkaido.jp",4,2
"minamifurano.hokkaido.jp",ICANN,"minamifurano.hokkaido.jp",4,2
"mombetsu.hokkaido.jp",ICANN,"*.mombetsu.hokkaido.jp",4,2
"mombetsu.hokkaido.jp",ICANN,"mombetsu.hokkaido.jp",4,2
"moseushi.hokkaido.jp",ICANN,"*.moseushi.hokkaido.jp",4,2
"moseushi.hokkaido.jp",ICANN,"moseushi.hokkaido.jp",4,2
"mukawa.hokkaido.jp",ICANN,"*.mukawa.hokkaido.jp",4,2
"mukawa.hokkaido.jp",ICANN,"mukawa.hokkaido.jp",4,2
"muroran.hokkaido.jp",ICANN,"*.muroran.hokkaido.jp",4,2
"muroran.hokkaido.jp",ICANN,"muroran.hokkaido.jp",4,2
"naie.hokkaido.jp",ICANN,"*.naie.hokkaido.jp",4,2
"naie.hokkaido.jp",ICANN,"naie.hokkaido.jp",4,2
"nakagawa.hokkaido.jp",ICANN,"*.nakagawa.hokkaido.jp",4,2
"nakagawa.hokkaido.jp",ICANN,"nakagawa.hokkaido.jp",4,2
"nakasatsunai.hokkaido.jp",ICANN,"*.nakasatsunai.hokkaido.jp",4,2
"nakasatsunai.hokkaido.jp",ICANN,"nakasatsunai.hokkaido.jp",4,2
"nakatombetsu.hokkaido.jp",ICANN,"*.nakatombetsu.hokkaido.jp",4,2
"nakatombetsu.hokkaido.jp",ICANN,"nakatombetsu.hokkaido.jp",4,2
"nanae.hokkaido.jp",ICANN,"*.nanae.hokkaido.jp",4,2
"nanae.hokkaido.jp",ICANN,"nanae.hokkaido.jp",4,2
"nanporo.hokkaido.jp",ICANN,"*.nanporo.hokkaido.jp",4,2
"nanporo.hokkaido.jp",ICANN,"nanporo.hokkaido.jp",4,2
"nayoro.hokkaido.jp",ICANN,"*.nayoro.hokkaido.jp",4,2
"nayoro.hokkaido.jp",ICANN,"nayoro.hokkaido.jp",4,2
"nemuro.hokkaido.jp",ICANN,"*.nemuro.hokkaido.jp",4,2
"nemuro.hokkaido.jp",ICANN,"nemuro.hokkaido.jp",4,2
"niikappu.hokkaido.jp",ICANN,"*.niikappu.hokkaido.jp",4,2
"niikappu.hokkaido.jp",ICANN,"niikappu.hokkaido.jp",4,2
"niki.hokkaido.jp",ICANN,"*.niki.hokkaido.jp",4,2
"niki.hokkaido.jp",ICANN,"niki.hokkaido.jp",4,2
"nishiokoppe.hokkaido.jp",ICANN,"*.nishiokoppe.hokkaido.jp",4,2
"nishiokoppe.hokkaido.jp",ICANN,"nishiokoppe.hokkaido.jp",4,2
"noboribetsu.hokkaido.jp",ICANN,"*.noboribetsu.hokkaido.jp",4,2
"noboribetsu.hokkaido.jp",ICANN,"noboribetsu.hokkaido.jp",4,2
"numata.hokkaido.jp",ICANN,"*.numata.hokkaido.jp",4,2
"numata.hokkaido.jp",ICANN,"numata.hokkaido.jp",4,2
"obihiro.hokkaido.jp",ICANN,"*.obihiro.hokkaido.jp",4,2
"obihiro.hokkaido.jp",ICANN,"obihiro.hokkaido.jp",4,2
"obira.hokkaido.jp",ICANN,"*.obira.hokkaido.jp",4,2
"obira.hokkaido.jp",ICANN,"obira.hokkaido.jp",4,2
"oketo.hokkaido.jp",ICANN,"*.oketo.hokkaido.jp",4,2
"oketo.hokkaido.jp",ICANN,"oketo.hokkaido.jp",4,2
"okoppe.hokkaido.jp",ICANN,"*.okoppe.hokkaido.jp",4,2
"okoppe.hokkaido.jp",ICANN,"okoppe.hokkaido.jp",4,2
"otaru.hokkaido.jp",ICANN,"*.otaru.hokkaido.jp",4,2
"otaru.hokkaido.jp",ICANN,"otaru.hokkaido.jp",4,2
"otobe.hokkaido.jp",ICANN,"*.otobe.hokkaido.jp",4,2
"otobe.hokkaido.jp",ICANN,"otobe.hokkaido.jp",4,2
"otofuke.hokkaido.jp",ICANN,"*.otofuke.hokkaido.jp",4,2
"otofuke.hokkaido.jp",ICANN,"otofuke.hokkaido.jp",4,2
"otoineppu.hokkaido.jp",ICANN,"*.otoineppu.hokkaido.jp",4,2
"otoineppu.hokkaido.jp",ICANN,"otoineppu.hokkaido.jp",4,2
"oumu.hokkaido.jp",ICANN,"*.oumu.hokkaido.jp",4,2
"oumu.hokkaido.jp",ICANN,"oumu.hokkaido.jp",4,2
"ozora.hokkaido.jp",ICANN,"*.ozora.hokkaido.jp",4,2
"ozora.hokkaido.jp",ICANN,"ozora.hokkaido.jp",4,2
"pippu.hokkaido.jp",ICANN,"*.pippu.hokkaido.jp",4,2
"pippu.hokkaido.jp",ICANN,"pippu.hokkaido.jp",4,2
"rankoshi.hokkaido.jp",ICANN,"*.rankoshi.hokkaido.jp",4,2
"rankoshi.hokkaido.jp",ICANN,"rankoshi.hokkaido.jp",4,2
"rebun.hokkaido.jp",ICANN,"*.rebun.hokkaido.jp",4,2
"rebun.hokkaido.jp",ICANN,"rebun.hokkaido.jp",4,2
"rikubetsu.hokkaido.jp",ICANN,"*.rikubetsu.hokkaido.jp",4,2
"rikubetsu.hokkaido.jp",ICANN,"rikubetsu.hokkaido.jp",4,2
"rishiri.hokkaido.jp",ICANN,"*.rishiri.hokkaido.jp",4,2
"rishiri.hokkaido.jp",ICANN,"rishiri.hokkaido.jp",4,2
"rishirifuji.hokkaido.jp",ICANN,"*.rishirifuji.hokkaido.jp",4,2
"rishirifuji.hokkaido.jp",ICANN,"rishirifuji.hokkaido.jp",4,2
"saroma.hokkaido.jp",ICANN,"*.saroma.hokkaido.jp",4,2
"saroma.hokkaido.jp",ICANN,"saroma.hokkaido.jp",4,2
"sarufutsu.hokkaido.jp",ICANN,"*.sarufutsu.hokkaido.jp",4,2
"sarufutsu.hokkaido.jp",ICANN,"sarufutsu.hokkaido.jp",4,2
"shakotan.hokkaido.jp",ICANN,"*.shakotan.hokkaido.jp",4,2
"shakotan.hokkaido.jp",ICANN,"shakotan.hokkaido.jp",4,2
"shari.hokkaido.jp",ICANN,"*.shari.hokkaido.jp",4,2
"shari.hokkaido.jp",ICANN,"shari.hokkaido.jp",4,2
"shibecha.hokkaido.jp",ICANN,"*.shibecha.hokkaido.jp",4,2
"shibecha.hokkaido.jp",ICANN,"shibecha.hokkaido.jp",4,2
"shibetsu.hokkaido.jp",ICANN,"*.shibetsu.hokkaido.jp",4,2
"shibetsu.hokkaido.jp",ICANN,"shibetsu.hokkaido.jp",4,2
"shikabe.hokkaido.jp",ICANN,"*.shikabe.hokkaido.jp",4,2
"shikabe.hokkaido.jp",ICANN,"shikabe.hokkaido.jp",4,2
"shikaoi.hokkaido.jp",ICANN,"*.shikaoi.hokkaido.jp",4,2
"shikaoi.hokkaido.jp",ICANN,"shikaoi.hokkaido.jp",4,2
"shimamaki.hokkaido.jp",ICANN,"*.shimamaki.hokkaido.jp",4,2
"shimamaki.hokkaido.jp",ICANN,"shimamaki.hokkaido.jp",4,2
"shimizu.hokkaido.jp",ICANN,"*.shimizu.hokkaido.jp",4,2
"shimizu.hokkaido.jp",ICANN,"shimizu.hokkaido.jp",4,2
"shimokawa.hokkaido.jp",ICANN,"*.shimokawa.hokkaido.jp",4,2
"shimokawa.hokkaido.jp",ICANN,"shimokawa.hokkaido.jp",4,2
"shinshinotsu.hokkaido.jp",ICANN,"*.shinshinotsu.hokkaido.jp",4,2
"shinshinotsu.hokkaido.jp",ICANN,"shinshinotsu.hokkaido.jp",4,2
"shintoku.hokkaido.jp",ICANN,"*.shintoku.hokkaido.jp",4,2
"shintoku.hokkaido.jp",ICANN,"shintoku.hokkaido.jp",4,2
"shiranuka.hokkaido.jp",ICANN,"*.shiranuka.hokkaido.jp",4,2
"shiranuka.hokkaido.jp",ICANN,"shiranuka.hokkaido.jp",4,2
"shiraoi.hokkaido.jp",ICANN,"*.shiraoi.hokkaido.jp",4,2
"shiraoi.hokkaido.jp",ICANN,"shiraoi.hokkaido.jp",4,2
"shiriuchi.hokkaido.jp",ICANN,"*.shiriuchi.hokkaido.jp",4,2
"shiriuchi.hokkaido.jp",ICANN,"shiriuchi.hokkaido.jp",4,2
"sobetsu.hokkaido.jp",ICANN,"*.sobetsu.hokkaido.jp",4,2
"sobetsu.hokkaido.jp",ICANN,"sobetsu.hokkaido.jp",4,2
"sunagawa.hokkaido.jp",ICANN,"*.sunagawa.hokkaido.jp",4,2
"sunagawa.hokkaido.jp",ICANN,"sunagawa.hokkaido.jp",4,2
"taiki.hokkaido.jp",ICANN,"*.taiki.hokkaido.jp",4,2
"taiki.hokkaido.jp",ICANN,"taiki.hokkaido.jp",4,2
"takasu.hokkaido.jp",ICANN,"*.takasu.hokkaido.jp",4,2
"takasu.hokkaido.jp",ICANN,"takasu.hokkaido.jp",4,2
"takikawa.hokkaido.jp",ICANN,"*.takikawa.hokkaido.jp",4,2
"takikawa.hokkaido.jp",ICANN,"takikawa.hokkaido.jp",4,2
"takinoue.hokkaido.jp",ICANN,"*.takinoue.hokkaido.jp",4,2
"takinoue.hokkaido.jp",ICANN,"takinoue.hokkaido.jp",4,2
"teshikaga.hokkaido.jp",ICANN,"*.teshikaga.hokkaido.jp",4,2
"teshikaga.hokkaido.jp",ICANN,"teshikaga.hokkaido.jp",4,2
"tobetsu.hokkaido.jp",ICANN,"*.tobetsu.hokkaido.jp",4,2
"tobetsu.hokkaido.jp",ICANN,"tobetsu.hokkaido.jp",4,2
"tohma.hokkaido.jp",ICANN,"*.tohma.hokkaido.jp",4,2
"tohma.hokkaido.jp",ICANN,"tohma.hokkaido.jp",4,2
"tomakomai.hokkaido.jp",ICANN,"*.tomakomai.hokkaido.jp",4,2
"tomakomai.hokkaido.jp",ICANN,"tomakomai.hokkaido.jp",4,2
"tomari.hokkaido.jp",ICANN,"*.tomari.hokkaido.jp",4,2
"tomari.hokkaido.jp",ICANN,"tomari.hokkaido.jp",4,2
"toya.hokkaido.jp",ICANN,"*.toya.hokkaido.jp",4,2
"toya.hokkaido.jp",ICANN,"toya.hokkaido.jp",4,2
"toyako.hokkaido.jp",ICANN,"*.toyako.hokkaido.jp",4,2
"toyako.hokkaido.jp",ICANN,"toyako.hokkaido.jp",4,2
"toyotomi.hokkaido.jp",ICANN,"*.toyotomi.hokkaido.jp",4,2
"toyotomi.hokkaido.jp",ICANN,"toyotomi.hokkaido.jp",4,2
"toyoura.hokkaido.jp",ICANN,"*.toyoura.hokkaido.jp",4,2
"toyoura.hokkaido.jp",ICANN,"toyoura.hokkaido.jp",4,2
"tsubetsu.hokkaido.jp",ICANN,"*.tsubetsu.hokkaido.jp",4,2
"tsubetsu.hokkaido.jp",ICANN,"tsubetsu.hokkaido.jp",4,2
"tsukigata.hokkaido.jp",ICANN,"*.tsukigata.hokkaido.jp",4,2
"tsukigata.hokkaido.jp",ICANN,"tsukigata.hokkaido.jp",4,2
"urakawa.hokkaido.jp",ICANN,"*.urakawa.hokkaido.jp",4,2
"urakawa.hokkaido.jp",ICANN,"urakawa.hokkaido.jp",4,2
"urausu.hokkaido.jp",ICANN,"*.urausu.hokkaido.jp",4,2
"urausu.hokkaido.jp",ICANN,"urausu.hokkaido.jp",4,2
"uryu.hokkaido.jp",ICANN,"*.uryu.hokkaido.jp",4,2
"uryu.hokkaido.jp",ICANN,"uryu.hokkaido.jp",4,2
"utashinai.hokkaido.jp",ICANN,"*.utashinai.hokkaido.jp",4,2
"utashinai.hokkaido.jp",ICANN,"utashinai.hokkaido.jp",4,2
"wakkanai.hokkaido.jp",ICANN,"*.wakkanai.hokkaido.jp",4,2
"wakkanai.hokkaido.jp",ICANN,"wakkanai.hokkaido.jp",4,2
"wassamu.hokkaido.jp",ICANN,"*.wassamu.hokkaido.jp",4,2
"wassamu.hokkaido.jp",ICANN,"wassamu.hokkaido.jp",4,2
"yakumo.hokkaido.jp",ICANN,"*.yakumo.hokkaido.jp",4,2
"yakumo.hokkaido.jp",ICANN,"yakumo.hokkaido.jp",4,2
"yoichi.hokkaido.jp",ICANN,"*.yoichi.hokkaido.jp",4,2
"yoichi.hokkaido.jp",ICANN,"yoichi.hokkaido.jp",4,2
"aioi.hyogo.jp",ICANN,"*.aioi.hyogo.jp",4,2
"aioi.hyogo.jp",ICANN,"aioi.hyogo.jp",4,2
"akashi.hyogo.jp",ICANN,"*.akashi.hyogo.jp",4,2
"akashi.hyogo.jp",ICANN,"akashi.hyogo.jp",4,2
"ako.hyogo.jp",ICANN,"*.ako.hyogo.jp",4,2
"ako.hyogo.jp",ICANN,"ako.hyogo.jp",4,2
"amagasaki.hyogo.jp",ICANN,"*.amagasaki.hyogo.jp",4,2
"amagasaki.hyogo.jp",ICANN,"amagasaki.hyogo.jp",4,2
"aogaki.hyogo.jp",ICANN,"*.aogaki.hyogo.jp",4,2
"aogaki.hyogo.jp",ICANN,"aogaki.hyogo.jp",4,2
"asago.hyogo.jp",ICANN,"*.asago.hyogo.jp",4,2
"asago.hyogo.jp",ICANN,"asago.hyogo.jp",4,2
"ashiya.hyogo.jp",ICANN,"*.ashiya.hyogo.jp",4,2
"ashiya.hyogo.jp",ICANN,"ashiya.hyogo.jp",4,2
"awaji.hyogo.jp",ICANN,"*.awaji.hyogo.jp",4,2
"awaji.hyogo.jp",ICANN,"awaji.hyogo.jp",4,2
"fukusaki.hyogo.jp",ICANN,"*.fukusaki.hyogo.jp",4,2
"fukusaki.hyogo.jp",ICANN,"fukusaki.hyogo.jp",4,2
"goshiki.hyogo.jp",ICANN,"*.goshiki.hyogo.jp",4,2
"goshiki.hyogo.jp",ICANN,"goshiki.hyogo.jp",4,2
"harima.hyogo.jp",ICANN,"*.harima.hyogo.jp",4,2
"harima.hyogo.jp",ICANN,"harima.hyogo.jp",4,2
"himeji.hyogo.jp",ICANN,"*.himeji.hyogo.jp",4,2
"himeji.hyogo.jp",ICANN,"himeji.hyogo.jp",4,2
"ichikawa.hyogo.jp",ICANN,"*.ichikawa.hyogo.jp",4,2
"ichikawa.hyogo.jp",ICANN,"ichikawa.hyogo.jp",4,2
"inagawa.hyogo.jp",ICANN,"*.inagawa.hyogo.jp",4,2
"inagawa.hyogo.jp",ICANN,"inagawa.hyogo.jp",4,2
"itami.hyogo.jp",ICANN,"*.itami.hyogo.jp",4,2
"itami.hyogo.jp",ICANN,"itami.hyogo.jp",4,2
"kakogawa.hyogo.jp",ICANN,"*.kakogawa.hyogo.jp",4,2
"kakogawa.hyogo.jp",ICANN,"kakogawa.hyogo.jp",4,2
"kamigori.hyogo.jp",ICANN,"*.kamigori.hyogo.jp",4,2
"kamigori.hyogo.jp",ICANN,"kamigori.hyogo.jp",4,2
"kamikawa.hyogo.jp",ICANN,"*.kamikawa.hyogo.jp",4,2
"kamikawa.hyogo.jp",ICANN,"kamikawa.hyogo.jp",4,2
"kasai.hyogo.jp",ICANN,"*.kasai.hyogo.jp",4,2
"kasai.hyogo.jp",ICANN,"kasai.hyogo.jp",4,2
"kasuga.hyogo.jp",ICANN,"*.kasuga.hyogo.jp",4,2
"kasuga.hyogo.jp",ICANN,"kasuga.hyogo.jp",4,2
"kawanishi.hyogo.jp",ICANN,"*.kawanishi.hyogo.jp",4,2
"kawanishi.hyogo.jp",ICANN,"kawanishi.hyogo.jp",4,2
"miki.hyogo.jp",ICANN,"*.miki.hyogo.jp",4,2
"miki.hyogo.jp",ICANN,"miki.hyogo.jp",4,2
"minamiawaji.hyogo.jp",ICANN,"*.minamiawaji.hyogo.jp",4,2
"minamiawaji.hyogo.jp",ICANN,"minamiawaji.hyogo.jp",4,2
"nishinomiya.hyogo.jp",ICANN,"*.nishinomiya.hyogo.jp",4,2
"nishinomiya.hyogo.jp",ICANN,"nishinomiya.hyogo.jp",4,2
"nishiwaki.hyogo.jp",ICANN,"*.nishiwaki.hyogo.jp",4,2
"nishiwaki.hyogo.jp",ICANN,"nishiwaki.hyogo.jp",4,2
"ono.hyogo.jp",ICANN,"*.ono.hyogo.jp",4,2
"ono.hyogo.jp",ICANN,"ono.hyogo.jp",4,2
"sanda.hyogo.jp",ICANN,"*.sanda.hyogo.jp",4,2
"sanda.hyogo.jp",ICANN,"sanda.hyogo.jp",4,2
"sannan.hyogo.jp",ICANN,"*.sannan.hyogo.jp",4,2
"sannan.hyogo.jp",ICANN,"sannan.hyogo.jp",4,2
"sasayama.hyogo.jp",ICANN,"*.sasayama.hyogo.jp",4,2
"sasayama.hyogo.jp",ICANN,"sasayama.hyogo.jp",4,2
"sayo.hyogo.jp",ICANN,"*.sayo.hyogo.jp",4,2
"sayo.hyogo.jp",ICANN,"sayo.hyogo.jp",4,2
"shingu.hyogo.jp",ICANN,"*.shingu.hyogo.jp",4,2
"shingu.hyogo.jp",ICANN,"shingu.hyogo.jp",4,2
"shinonsen.hyogo.jp",ICANN,"*.shinonsen.hyogo.jp",4,2
"shinonsen.hyogo.jp",ICANN,"shinonsen.hyogo.jp",4,2
"shiso.hyogo.jp",ICANN,"*.shiso.hyogo.jp",4,2
"shiso.hyogo.jp",ICANN,"shiso.hyogo.jp",4,2
"sumoto.hyogo.jp",ICANN,"*.sumoto.hyogo.jp",4,2
"sumoto.hyogo.jp",ICANN,"sumoto.hyogo.jp",4,2
"taishi.hyogo.jp",ICANN,"*.taishi.hyogo.jp",4,2
"taishi.hyogo.jp",ICANN,"taishi.hyogo.jp",4,2
"taka.hyogo.jp",ICANN,"*.taka.hyogo.jp",4,2
"taka.hyogo.jp",ICANN,"taka.hyogo.jp",4,2
"takarazuka.hyogo.jp",ICANN,"*.takarazuka.hyogo.jp",4,2
"takarazuka.hyogo.jp",ICANN,"takarazuka.hyogo.jp",4,2
"takasago.hyogo.jp",ICANN,"*.takasago.hyogo.jp",4,2
"takasago.hyogo.jp",ICANN,"takasago.hyogo.jp",4,2
"takino.hyogo.jp",ICANN,"*.takino.hyogo.jp",4,2
"takino.hyogo.jp",ICANN,"takino.hyogo.jp",4,2
"tamba.hyogo.jp",ICANN,"*.tamba.hyogo.jp",4,2
"tamba.hyogo.jp",ICANN,"tamba.hyogo.jp",4,2
"tatsuno.hyogo.jp",ICANN,"*.tatsuno.hyogo.jp",4,2
"tatsuno.hyogo.jp",ICANN,"tatsuno.hyogo.jp",4,2
"toyooka.hyogo.jp",ICANN,"*.toyooka.hyogo.jp",4,2
"toyooka.hyogo.jp",ICANN,"toyooka.hyogo.jp",4,2
"yabu.hyogo.jp",ICANN,"*.yabu.hyogo.jp",4,2
"yabu.hyogo.jp",ICANN,"yabu.hyogo.jp",4,2
"yashiro.hyogo.jp",ICANN,"*.yashiro.hyogo.jp",4,2
"yashiro.hyogo.jp",ICANN,"yashiro.hyogo.jp",4,2
"yoka.hyogo.jp",ICANN,"*.yoka.hyogo.jp",4,2
"yoka.hyogo.jp",ICANN,"yoka.hyogo.jp",4,2
"yokawa.hyogo.jp",ICANN,"*.yokawa.hyogo.jp",4,2
"yokawa.hyogo.jp",ICANN,"yokawa.hyogo.jp",4,2
"ami.ibaraki.jp",ICANN,"*.ami.ibaraki.jp",4,2
"ami.ibaraki.jp",ICANN,"ami.ibaraki.jp",4,2
"asahi.ibaraki.jp",ICANN,"*.asahi.ibaraki.jp",4,2
"asahi.ibaraki.jp",ICANN,"asahi.ibaraki.jp",4,2
"bando.ibaraki.jp",ICANN,"*.bando.ibaraki.jp",4,2
"bando.ibaraki.jp",ICANN,"bando.ibaraki.jp",4,2
"chikusei.ibaraki.jp",ICANN,"*.chikusei.ibaraki.jp",4,2
"chikusei.ibaraki.jp",ICANN,"chikusei.ibaraki.jp",4,2
"daigo.ibaraki.jp",ICANN,"*.daigo.ibaraki.jp",4,2
"daigo.ibaraki.jp",ICANN,"daigo.ibaraki.jp",4,2
"fujishiro.ibaraki.jp",ICANN,"*.fujishiro.ibaraki.jp",4,2
"fujishiro.ibaraki.jp",ICANN,"fujishiro.ibaraki.jp",4,2
"hitachi.ibaraki.jp",ICANN,"*.hitachi.ibaraki.jp",4,2
"hitachi.ibaraki.jp",ICANN,"hitachi.ibaraki.jp",4,2
"hitachinaka.ibaraki.jp",ICANN,"*.hitachinaka.ibaraki.jp",4,2
"hitachinaka.ibaraki.jp",ICANN,"hitachinaka.ibaraki.jp",4,2
"hitachiomiya.ibaraki.jp",ICANN,"*.hitachiomiya.ibaraki.jp",4,2
"hitachiomiya.ibaraki.jp",ICANN,"hitachiomiya.ibaraki.jp",4,2
"hitachiota.ibaraki.jp",ICANN,"*.hitachiota.ibaraki.jp",4,2
"hitachiota.ibaraki.jp",ICANN,"hitachiota.ibaraki.jp",4,2
"ibaraki.ibaraki.jp",ICANN,"*.ibaraki.ibaraki.jp",4,2
"ibaraki.ibaraki.jp",ICANN,"ibaraki.ibaraki.jp",4,2
"ina.ibaraki.jp",ICANN,"*.ina.ibaraki.jp",4,2
"ina.ibaraki.jp",ICANN,"ina.ibaraki.jp",4,2
"inashiki.ibaraki.jp",ICANN,"*.inashiki.ibaraki.jp",4,2
"inashiki.ibaraki.jp",ICANN,"inashiki.ibaraki.jp",4,2
"itako.ibaraki.jp",ICANN,"*.itako.ibaraki.jp",4,2
"itako.ibaraki.jp",ICANN,"itako.ibaraki.jp",4,2
"iwama.ibaraki.jp",ICANN,"*.iwama.ibaraki.jp",4,2
"iwama.ibaraki.jp",ICANN,"iwama.ibaraki.jp",4,2
"joso.ibaraki.jp",ICANN,"*.joso.ibaraki.jp",4,2
"joso.ibaraki.jp",ICANN,"joso.ibaraki.jp",4,2
"kamisu.ibaraki.jp",ICANN,"*.kamisu.ibaraki.jp",4,2
"kamisu.ibaraki.jp",ICANN,"kamisu.ibaraki.jp",4,2
"kasama.ibaraki.jp",ICANN,"*.kasama.ibaraki.jp",4,2
"kasama.ibaraki.jp",ICANN,"kasama.ibaraki.jp",4,2
"kashima.ibaraki.jp",ICANN,"*.kashima.ibaraki.jp",4,2
"kashima.ibaraki.jp",ICANN,"kashima.ibaraki.jp",4,2
"kasumigaura.ibaraki.jp",ICANN,"*.kasumigaura.ibaraki.jp",4,2
"kasumigaura.ibaraki.jp",ICANN,"kasumigaura.ibaraki.jp",4,2
"koga.ibaraki.jp",ICANN,"*.koga.ibaraki.jp",4,2
"koga.ibaraki.jp",ICANN,"koga.ibaraki.jp",4,2
"miho.ibaraki.jp",ICANN,"*.miho.ibaraki.jp",4,2
"miho.ibaraki.jp",ICANN,"miho.ibaraki.jp",4,2
"mito.ibaraki.jp",ICANN,"*.mito.ibaraki.jp",4,2
"mito.ibaraki.jp",ICANN,"mito.ibaraki.jp",4,2
"moriya.ibaraki.jp",ICANN,"*.moriya.ibaraki.jp",4,2
"moriya.ibaraki.jp",ICANN,"moriya.ibaraki.jp",4,2
"naka.ibaraki.jp",ICANN,"*.naka.ibaraki.jp",4,2
"naka.ibaraki.jp",ICANN,"naka.ibaraki.jp",4,2
"namegata.ibaraki.jp",ICANN,"*.namegata.ibaraki.jp",4,2
"namegata.ibaraki.jp",ICANN,"namegata.ibaraki.jp",4,2
"oarai.ibaraki.jp",ICANN,"*.oarai.ibaraki.jp",4,2
"oarai.ibaraki.jp",ICANN,"oarai.ibaraki.jp",4,2
"ogawa.ibaraki.jp",ICANN,"*.ogawa.ibaraki.jp",4,2
"ogawa.ibaraki.jp",ICANN,"ogawa.ibaraki.jp",4,2
"omitama.ibaraki.jp",ICANN,"*.omitama.ibaraki.jp",4,2
"omitama.ibaraki.jp",ICANN,"omitama.ibaraki.jp",4,2
"ryugasaki.ibaraki.jp",ICANN,"*.ryugasaki.ibaraki.jp",4,2
"ryugasaki.ibaraki.jp",ICANN,"ryugasaki.ibaraki.jp",4,2
"sakai.ibaraki.jp",ICANN,"*.sakai.ibaraki.jp",4,2
"sakai.ibaraki.jp",ICANN,"sakai.ibaraki.jp",4,2
"sakuragawa.ibaraki.jp",ICANN,"*.sakuragawa.ibaraki.jp",4,2
"sakuragawa.ibaraki.jp",ICANN,"sakuragawa.ibaraki.jp",4,2
"shimodate.ibaraki.jp",ICANN,"*.shimodate.ibaraki.jp",4,2
"shimodate.ibaraki.jp",ICANN,"shimodate.ibaraki.jp",4,2
"shimotsuma.ibaraki.jp",ICANN,"*.shimotsuma.ibaraki.jp",4,2
"shimotsuma.ibaraki.jp",ICANN,"shimotsuma.ibaraki.jp",4,2
"shirosato.ibaraki.jp",ICANN,"*.shirosato.ibaraki.jp",4,2
"shirosato.ibaraki.jp",ICANN,"shirosato.ibaraki.jp",4,2
"sowa.ibaraki.jp",ICANN,"*.sowa.ibaraki.jp",4,2
"sowa.ibaraki.jp",ICANN,"sowa.ibaraki.jp",4,2
"suifu.ibaraki.jp",ICANN,"*.suifu.ibaraki.jp",4,2
"suifu.ibaraki.jp",ICANN,"suifu.ibaraki.jp",4,2
"takahagi.ibaraki.jp",ICANN,"*.takahagi.ibaraki.jp",4,2
"takahagi.ibaraki.jp",ICANN,"takahagi.ibaraki.jp",4,2
"tamatsukuri.ibaraki.jp",ICANN,"*.tamatsukuri.ibaraki.jp",4,2
"tamatsukuri.ibaraki.jp",ICANN,"tamatsukuri.ibaraki.jp",4,2
"tokai.ibaraki.jp",ICANN,"*.tokai.ibaraki.jp",4,2
"tokai.ibaraki.jp",ICANN,"tokai.ibaraki.jp",4,2
"tomobe.ibaraki.jp",ICANN,"*.tomobe.ibaraki.jp",4,2
"tomobe.ibaraki.jp",ICANN,"tomobe.ibaraki.jp",4,2
"tone.ibaraki.jp",ICANN,"*.tone.ibaraki.jp",4,2
"tone.ibaraki.jp",ICANN,"tone.ibaraki.jp",4,2
"toride.ibaraki.jp",ICANN,"*.toride.ibaraki.jp",4,2
"toride.ibaraki.jp",ICANN,"toride.ibaraki.jp",4,2
"tsuchiura.ibaraki.jp",ICANN,"*.tsuchiura.ibaraki.jp",4,2
"tsuchiura.ibaraki.jp",ICANN,"tsuchiura.ibaraki.jp",4,2
"tsukuba.ibaraki.jp",ICANN,"*.tsukuba.ibaraki.jp",4,2
"tsukuba.ibaraki.jp",ICANN,"tsukuba.ibaraki.jp",4,2
"uchihara.ibaraki.jp",ICANN,"*.uchihara.ibaraki.jp",4,2
"uchihara.ibaraki.jp",ICANN,"uchihara.ibaraki.jp",4,2
"ushiku.ibaraki.jp",ICANN,"*.ushiku.ibaraki.jp",4,2
"ushiku.ibaraki.jp",ICANN,"ushiku.ibaraki.jp",4,2
"yachiyo.ibaraki.jp",ICANN,"*.yachiyo.ibaraki.jp",4,2
"yachiyo.ibaraki.jp",ICANN,"yachiyo.ibaraki.jp",4,2
"yamagata.ibaraki.jp",ICANN,"*.yamagata.ibaraki.jp",4,2
"yamagata.ibaraki.jp",ICANN,"yamagata.ibaraki.jp",4,2
"yawara.ibaraki.jp",ICANN,"*.yawara.ibaraki.jp",4,2
"yawara.ibaraki.jp",ICANN,"yawara.ibaraki.jp",4,2
"yuki.ibaraki.jp",ICANN,"*.yuki.ibaraki.jp",4,2
"yuki.ibaraki.jp",ICANN,"yuki.ibaraki.jp",4,2
"anamizu.ishikawa.jp",ICANN,"*.anamizu.ishikawa.jp",4,2
"anamizu.ishikawa.jp",ICANN,"anamizu.ishikawa.jp",4,2
"hakui.ishikawa.jp",ICANN,"*.hakui.ishikawa.jp",4,2
"hakui.ishikawa.jp",ICANN,"hakui.ishikawa.jp",4,2
"hakusan.ishikawa.jp",ICANN,"*.hakusan.ishikawa.jp",4,2
"hakusan.ishikawa.jp",ICANN,"hakusan.ishikawa.jp",4,2
"kaga.ishikawa.jp",ICANN,"*.kaga.ishikawa.jp",4,2
"kaga.ishikawa.jp",ICANN,"kaga.ishikawa.jp",4,2
"kahoku.ishikawa.jp",ICANN,"*.kahoku.ishikawa.jp",4,2
"kahoku.ishikawa.jp",ICANN,"kahoku.ishikawa.jp",4,2
"kanazawa.ishikawa.jp",ICANN,"*.kanazawa.ishikawa.jp",4,2
"kanazawa.ishikawa.jp",ICANN,"kanazawa.ishikawa.jp",4,2
"kawakita.ishikawa.jp",ICANN,"*.kawakita.ishikawa.jp",4,2
"kawakita.ishikawa.jp",ICANN,"kawakita.ishikawa.jp",4,2
"komatsu.ishikawa.jp",ICANN,"*.komatsu.ishikawa.jp",4,2
"komatsu.ishikawa.jp",ICANN,"komatsu.ishikawa.jp",4,2
"nakanoto.ishikawa.jp",ICANN,"*.nakanoto.ishikawa.jp",4,2
"nakanoto.ishikawa.jp",ICANN,"nakanoto.ishikawa.jp",4,2
"nanao.ishikawa.jp",ICANN,"*.nanao.ishikawa.jp",4,2
"nanao.ishikawa.jp",ICANN,"nanao.ishikawa.jp",4,2
"nomi.ishikawa.jp",ICANN,"*.nomi.ishikawa.jp",4,2
"nomi.ishikawa.jp",ICANN,"nomi.ishikawa.jp",4,2
"nonoichi.ishikawa.jp",ICANN,"*.nonoichi.ishikawa.jp",4,2
"nonoichi.ishikawa.jp",ICANN,"nonoichi.ishikawa.jp",4,2
"noto.ishikawa.jp",ICANN,"*.noto.ishikawa.jp",4,2
"noto.ishikawa.jp",ICANN,"noto.ishikawa.jp",4,2
"shika.ishikawa.jp",ICANN,"*.shika.ishikawa.jp",4,2
"shika.ishikawa.jp",ICANN,"shika.ishikawa.jp",4,2
"suzu.ishikawa.jp",ICANN,"*.suzu.ishikawa.jp",4,2
"suzu.ishikawa.jp",ICANN,"suzu.ishikawa.jp",4,2
"tsubata.ishikawa.jp",ICANN,"*.tsubata.ishikawa.jp",4,2
"tsubata.ishikawa.jp",ICANN,"tsubata.ishikawa.jp",4,2
"tsurugi.ishikawa.jp",ICANN,"*.tsurugi.ishikawa.jp",4,2
"tsurugi.ishikawa.jp",ICANN,"tsurugi.ishikawa.jp",4,2
"uchinada.ishikawa.jp",ICANN,"*.uchinada.ishikawa.jp",4,2
"uchinada.ishikawa.jp",ICANN,"uchinada.ishikawa.jp",4,2
"wajima.ishikawa.jp",ICANN,"*.wajima.ishikawa.jp",4,2
"wajima.ishikawa.jp",ICANN,"wajima.ishikawa.jp",4,2
"fudai.iwate.jp",ICANN,"*.fudai.iwate.jp",4,2
"fudai.iwate.jp",ICANN,"fudai.iwate.jp",4,2
"fujisawa.iwate.jp",ICANN,"*.fujisawa.iwate.jp",4,2
"fujisawa.iwate.jp",ICANN,"fujisawa.iwate.jp",4,2
"hanamaki.iwate.jp",ICANN,"*.hanamaki.iwate.jp",4,2
"hanamaki.iwate.jp",ICANN,"hanamaki.iwate.jp",4,2
"hiraizumi.iwate.jp",ICANN,"*.hiraizumi.iwate.jp",4,2
"hiraizumi.iwate.jp",ICANN,"hiraizumi.iwate.jp",4,2
"hirono.iwate.jp",ICANN,"*.hirono.iwate.jp",4,2
"hirono.iwate.jp",ICANN,"hirono.iwate.jp",4,2
"ichinohe.iwate.jp",ICANN,"*.ichinohe.iwate.jp",4,2
"ichinohe.iwate.jp",ICANN,"ichinohe.iwate.jp",4,2
"ichinoseki.iwate.jp",ICANN,"*.ichinoseki.iwate.jp",4,2
"ichinoseki.iwate.jp",ICANN,"ichinoseki.iwate.jp",4,2
"iwaizumi.iwate.jp",ICANN,"*.iwaizumi.iwate.jp",4,2
"iwaizumi.iwate.jp",ICANN,"iwaizumi.iwate.jp",4,2
"iwate.iwate.jp",ICANN,"*.iwate.iwate.jp",4,2
"iwate.iwate.jp",ICANN,"iwate.iwate.jp",4,2
"joboji.iwate.jp",ICANN,"*.joboji.iwate.jp",4,2
"joboji.iwate.jp",ICANN,"joboji.iwate.jp",4,2
"kamaishi.iwate.jp",ICANN,"*.kamaishi.iwate.jp",4,2
"kamaishi.iwate.jp",ICANN,"kamaishi.iwate.jp",4,2
"kanegasaki.iwate.jp",ICANN,"*.kanegasaki.iwate.jp",4,2
"kanegasaki.iwate.jp",ICANN,"kanegasaki.iwate.jp",4,2
"karumai.iwate.jp",ICANN,"*.karumai.iwate.jp",4,2
"karumai.iwate.jp",ICANN,"karumai.iwate.jp",4,2
"kawai.iwate.jp",ICANN,"*.kawai.iwate.jp",4,2
"kawai.iwate.jp",ICANN,"kawai.iwate.jp",4,2
"kitakami.iwate.jp",ICANN,"*.kitakami.iwate.jp",4,2
"kitakami.iwate.jp",ICANN,"kitakami.iwate.jp",4,2
"kuji.iwate.jp",ICANN,"*.kuji.iwate.jp",4,2
"kuji.iwate.jp",ICANN,"kuji.iwate.jp",4,2
"kunohe.iwate.jp",ICANN,"*.kunohe.iwate.jp",4,2
"kunohe.iwate.jp",ICANN,"kunohe.iwate.jp",4,2
"kuzumaki.iwate.jp",ICANN,"*.kuzumaki.iwate.jp",4,2
"kuzumaki.iwate.jp",ICANN,"kuzumaki.iwate.jp",4,2
"miyako.iwate.jp",ICANN,"*.miyako.iwate.jp",4,2
"miyako.iwate.jp",ICANN,"miyako.iwate.jp",4,2
"mizusawa.iwate.jp",ICANN,"*.mizusawa.iwate.jp",4,2
"mizusawa.iwate.jp",ICANN,"mizusawa.iwate.jp",4,2
"morioka.iwate.jp",ICANN,"*.morioka.iwate.jp",4,2
"morioka.iwate.jp",ICANN,"morioka.iwate.jp",4,2
"ninohe.iwate.jp",ICANN,"*.ninohe.iwate.jp",4,2
"ninohe.iwate.jp",ICANN,"ninohe.iwate.jp",4,2
"noda.iwate.jp",ICANN,"*.noda.iwate.jp",4,2
"noda.iwate.jp",ICANN,"noda.iwate.jp",4,2
"ofunato.iwate.jp",ICANN,"*.ofunato.iwate.jp",4,2
"ofunato.iwate.jp",ICANN,"ofunato.iwate.jp",4,2
"oshu.iwate.jp",ICANN,"*.oshu.iwate.jp",4,2
"oshu.iwate.jp",ICANN,"oshu.iwate.jp",4,2
"otsuchi.iwate.jp",ICANN,"*.otsuchi.iwate.jp",4,2
"otsuchi.iwate.jp",ICANN,"otsuchi.iwate.jp",4,2
"rikuzentakata.iwate.jp",ICANN,"*.rikuzentakata.iwate.jp",4,2
"rikuzentakata.iwate.jp",ICANN,"rikuzentakata.iwate.jp",4,2
"shiwa.iwate.jp",ICANN,"*.shiwa.iwate.jp",4,2
"shiwa.iwate.jp",ICANN,"shiwa.iwate.jp",4,2
"shizukuishi.iwate.jp",ICANN,"*.shizukuishi.iwate.jp",4,2
"shizukuishi.iwate.jp",ICANN,"shizukuishi.iwate.jp",4,2
"sumita.iwate.jp",ICANN,"*.sumita.iwate.jp",4,2
"sumita.iwate.jp",ICANN,"sumita.iwate.jp",4,2
"tanohata.iwate.jp",ICANN,"*.tanohata.iwate.jp",4,2
"tanohata.iwate.jp",ICANN,"tanohata.iwate.jp",4,2
"tono.iwate.jp",ICANN,"*.tono.iwate.jp",4,2
"tono.iwate.jp",ICANN,"tono.iwate.jp",4,2
"yahaba.iwate.jp",ICANN,"*.yahaba.iwate.jp",4,2
"yahaba.iwate.jp",ICANN,"yahaba.iwate.jp",4,2
"yamada.iwate.jp",ICANN,"*.yamada.iwate.jp",4,2
"yamada.iwate.jp",ICANN,"yamada.iwate.jp",4,2
"ayagawa.kagawa.jp",ICANN,"*.ayagawa.kagawa.jp",4,2
"ayagawa.kagawa.jp",ICANN,"ayagawa.kagawa.jp",4,2
"higashikagawa.kagawa.jp",ICANN,"*.higashikagawa.kagawa.jp",4,2
"higashikagawa.kagawa.jp",ICANN,"higashikagawa.kagawa.jp",4,2
"kanonji.kagawa.jp",ICANN,"*.kanonji.kagawa.jp",4,2
"kanonji.kagawa.jp",ICANN,"kanonji.kagawa.jp",4,2
"kotohira.kagawa.jp",ICANN,"*.kotohira.kagawa.jp",4,2
"kotohira.kagawa.jp",ICANN,"kotohira.kagawa.jp",4,2
"manno.kagawa.jp",ICANN,"*.manno.kagawa.jp",4,2
"manno.kagawa.jp",ICANN,"manno.kagawa.jp",4,2
"marugame.kagawa.jp",ICANN,"*.marugame.kagawa.jp",4,2
"marugame.kagawa.jp",ICANN,"marugame.kagawa.jp",4,2
"mitoyo.kagawa.jp",ICANN,"*.mitoyo.kagawa.jp",4,2
"mitoyo.kagawa.jp",ICANN,"mitoyo.kagawa.jp",4,2
"naoshima.kagawa.jp",ICANN,"*.naoshima.kagawa.jp",4,2
"naoshima.kagawa.jp",ICANN,"naoshima.kagawa.jp",4,2
"sanuki.kagawa.jp",ICANN,"*.sanuki.kagawa.jp",4,2
"sanuki.kagawa.jp",ICANN,"sanuki.kagawa.jp",4,2
"tadotsu.kagawa.jp",ICANN,"*.tadotsu.kagawa.jp",4,2
"tadotsu.kagawa.jp",ICANN,"tadotsu.kagawa.jp",4,2
"takamatsu.kagawa.jp",ICANN,"*.takamatsu.kagawa.jp",4,2
"takamatsu.kagawa.jp",ICANN,"takamatsu.kagawa.jp",4,2
"tonosho.kagawa.jp",ICANN,"*.tonosho.kagawa.jp",4,2
"tonosho.kagawa.jp",ICANN,"tonosho.kagawa.jp",4,2
"uchinomi.kagawa.jp",ICANN,"*.uchinomi.kagawa.jp",4,2
"uchinomi.kagawa.jp",ICANN,"uchinomi.kagawa.jp",4,2
"utazu.kagawa.jp",ICANN,"*.utazu.kagawa.jp",4,2
"utazu.kagawa.jp",ICANN,"utazu.kagawa.jp",4,2
"zentsuji.kagawa.jp",ICANN,"*.zentsuji.kagawa.jp",4,2
"zentsuji.kagawa.jp",ICANN,"zentsuji.kagawa.jp",4,2
"akune.kagoshima.jp",ICANN,"*.akune.kagoshima.jp",4,2
"akune.kagoshima.jp",ICANN,"akune.kagoshima.jp",4,2
"amami.kagoshima.jp",ICANN,"*.amami.kagoshima.jp",4,2
"amami.kagoshima.jp",ICANN,"amami.kagoshima.jp",4,2
"hioki.kagoshima.jp",ICANN,"*.hioki.kagoshima.jp",4,2
"hioki.kagoshima.jp",ICANN,"hioki.kagoshima.jp",4,2
"isa.kagoshima.jp",ICANN,"*.isa.kagoshima.jp",4,2
"isa.kagoshima.jp",ICANN,"isa.kagoshima.jp",4,2
"isen.kagoshima.jp",ICANN,"*.isen.kagoshima.jp",4,2
"isen.kagoshima.jp",ICANN,"isen.kagoshima.jp",4,2
"izumi.kagoshima.jp",ICANN,"*.izumi.kagoshima.jp",4,2
"izumi.kagoshima.jp",ICANN,"izumi.kagoshima.jp",4,2
"kagoshima.kagoshima.jp",ICANN,"*.kagoshima.kagoshima.jp",4,2
"kagoshima.kagoshima.jp",ICANN,"kagoshima.kagoshima.jp",4,2
"kanoya.kagoshima.jp",ICANN,"*.kanoya.kagoshima.jp",4,2
"kanoya.kagoshima.jp",ICANN,"kanoya.kagoshima.jp",4,2
"kawanabe.kagoshima.jp",ICANN,"*.kawanabe.kagoshima.jp",4,2
"kawanabe.kagoshima.jp",ICANN,"kawanabe.kagoshima.jp",4,2
"kinko.kagoshima.jp",ICANN,"*.kinko.kagoshima.jp",4,2
"kinko.kagoshima.jp",ICANN,"kinko.kagoshima.jp",4,2
"kouyama.kagoshima.jp",ICANN,"*.kouyama.kagoshima.jp",4,2
"kouyama.kagoshima.jp",ICANN,"kouyama.kagoshima.jp",4,2
"makurazaki.kagoshima.jp",ICANN,"*.makurazaki.kagoshima.jp",4,2
"makurazaki.kagoshima.jp",ICANN,"makurazaki.kagoshima.jp",4,2
"matsumoto.kagoshima.jp",ICANN,"*.matsumoto.kagoshima.jp",4,2
"matsumoto.kagoshima.jp",ICANN,"matsumoto.kagoshima.jp",4,2
"minamitane.kagoshima.jp",ICANN,"*.minamitane.kagoshima.jp",4,2
"minamitane.kagoshima.jp",ICANN,"minamitane.kagoshima.jp",4,2
"nakatane.kagoshima.jp",ICANN,"*.nakatane.kagoshima.jp",4,2
"nakatane.kagoshima.jp",ICANN,"nakatane.kagoshima.jp",4,2
"nishinoomote.kagoshima.jp",ICANN,"*.nishinoomote.kagoshima.jp",4,2
"nishinoomote.kagoshima.jp",ICANN,"nishinoomote.kagoshima.jp",4,2
"satsumasendai.kagoshima.jp",ICANN,"*.satsumasendai.kagoshima.jp",4,2
"satsumasendai.kagoshima.jp",ICANN,"satsumasendai.kagoshima.jp",4,2
"soo.kagoshima.jp",ICANN,"*.soo.kagoshima.jp",4,2
"soo.kagoshima.jp",ICANN,"soo.kagoshima.jp",4,2
"tarumizu.kagoshima.jp",ICANN,"*.tarumizu.kagoshima.jp",4,2
"tarumizu.kagoshima.jp",ICANN,"tarumizu.kagoshima.jp",4,2
"yusui.kagoshima.jp",ICANN,"*.yusui.kagoshima.jp",4,2
"yusui.kagoshima.jp",ICANN,"yusui.kagoshima.jp",4,2
"aikawa.kanagawa.jp",ICANN,"*.aikawa.kanagawa.jp",4,2
"aikawa.kanagawa.jp",ICANN,"aikawa.kanagawa.jp",4,2
"atsugi.kanagawa.jp",ICANN,"*.atsugi.kanagawa.jp",4,2
"atsugi.kanagawa.jp",ICANN,"atsugi.kanagawa.jp",4,2
"ayase.kanagawa.jp",ICANN,"*.ayase.kanagawa.jp",4,2
"ayase.kanagawa.jp",ICANN,"ayase.kanagawa.jp",4,2
"chigasaki.kanagawa.jp",ICANN,"*.chigasaki.kanagawa.jp",4,2
"chigasaki.kanagawa.jp",ICANN,"chigasaki.kanagawa.jp",4,2
"ebina.kanagawa.jp",ICANN,"*.ebina.kanagawa.jp",4,2
"ebina.kanagawa.jp",ICANN,"ebina.kanagawa.jp",4,2
"fujisawa.kanagawa.jp",ICANN,"*.fujisawa.kanagawa.jp",4,2
"fujisawa.kanagawa.jp",ICANN,"fujisawa.kanagawa.jp",4,2
"hadano.kanagawa.jp",ICANN,"*.hadano.kanagawa.jp",4,2
"hadano.kanagawa.jp",ICANN,"hadano.kanagawa.jp",4,2
"hakone.kanagawa.jp",ICANN,"*.hakone.kanagawa.jp",4,2
"hakone.kanagawa.jp",ICANN,"hakone.kanagawa.jp",4,2
"hiratsuka.kanagawa.jp",ICANN,"*.hiratsuka.kanagawa.jp",4,2
"hiratsuka.kanagawa.jp",ICANN,"hiratsuka.kanagawa.jp",4,2
"isehara.kanagawa.jp",ICANN,"*.isehara.kanagawa.jp",4,2
"isehara.kanagawa.jp",ICANN,"isehara.kanagawa.jp",4,2
"kaisei.kanagawa.jp",ICANN,"*.kaisei.kanagawa.jp",4,2
"kaisei.kanagawa.jp",ICANN,"kaisei.kanagawa.jp",4,2
"kamakura.kanagawa.jp",ICANN,"*.kamakura.kanagawa.jp",4,2
"kamakura.kanagawa.jp",ICANN,"kamakura.kanagawa.jp",4,2
"kiyokawa.kanagawa.jp",ICANN,"*.kiyokawa.kanagawa.jp",4,2
"kiyokawa.kanagawa.jp",ICANN,"kiyokawa.kanagawa.jp",4,2
"matsuda.kanagawa.jp",ICANN,"*.matsuda.kanagawa.jp",4,2
"matsuda.kanagawa.jp",ICANN,"matsuda.kanagawa.jp",4,2
"minamiashigara.kanagawa.jp",ICANN,"*.minamiashigara.kanagawa.jp",4,2
"minamiashigara.kanagawa.jp",ICANN,"minamiashigara.kanagawa.jp",4,2
"miura.kanagawa.jp",ICANN,"*.miura.kanagawa.jp",4,2
"miura.kanagawa.jp",ICANN,"miura.kanagawa.jp",4,2
"nakai.kanagawa.jp",ICANN,"*.nakai.kanagawa.jp",4,2
"nakai.kanagawa.jp",ICANN,"nakai.kanagawa.jp",4,2
"ninomiya.kanagawa.jp",ICANN,"*.ninomiya.kanagawa.jp",4,2
"ninomiya.kanagawa.jp",ICANN,"ninomiya.kanagawa.jp",4,2
"odawara.kanagawa.jp",ICANN,"*.odawara.kanagawa.jp",4,2
"odawara.kanagawa.jp",ICANN,"odawara.kanagawa.jp",4,2
"oi.kanagawa.jp",ICANN,"*.oi.kanagawa.jp",4,2
"oi.kanagawa.jp",ICANN,"oi.kanagawa.jp",4,2
"oiso.kanagawa.jp",ICANN,"*.oiso.kanagawa.jp",4,2
"oiso.kanagawa.jp",ICANN,"oiso.kanagawa.jp",4,2
"sagamihara.kanagawa.jp",ICANN,"*.sagamihara.kanagawa.jp",4,2
"sagamihara.kanagawa.jp",ICANN,"sagamihara.kanagawa.jp",4,2
"samukawa.kanagawa.jp",ICANN,"*.samukawa.kanagawa.jp",4,2
"samukawa.kanagawa.jp",ICANN,"samukawa.kanagawa.jp",4,2
"tsukui.kanagawa.jp",ICANN,"*.tsukui.kanagawa.jp",4,2
"tsukui.kanagawa.jp",ICANN,"tsukui.kanagawa.jp",4,2
"yamakita.kanagawa.jp",ICANN,"*.yamakita.kanagawa.jp",4,2
"yamakita.kanagawa.jp",ICANN,"yamakita.kanagawa.jp",4,2
"yamato.kanagawa.jp",ICANN,"*.yamato.kanagawa.jp",4,2
"yamato.kanagawa.jp",ICANN,"yamato.kanagawa.jp",4,2
"yokosuka.kanagawa.jp",ICANN,"*.yokosuka.kanagawa.jp",4,2
"yokosuka.kanagawa.jp",ICANN,"yokosuka.kanagawa.jp",4,2
"yugawara.kanagawa.jp",ICANN,"*.yugawara.kanagawa.jp",4,2
"yugawara.kanagawa.jp",ICANN,"yugawara.kanagawa.jp",4,2
"zama.kanagawa.jp",ICANN,"*.zama.kanagawa.jp",4,2
"zama.kanagawa.jp",ICANN,"zama.kanagawa.jp",4,2
"zushi.kanagawa.jp",ICANN,"*.zushi.kanagawa.jp",4,2
"zushi.kanagawa.jp",ICANN,"zushi.kanagawa.jp",4,2
"aki.kochi.jp",ICANN,"*.aki.kochi.jp",4,2
"aki.kochi.jp",ICANN,"aki.kochi.jp",4,2
"geisei.kochi.jp",ICANN,"*.geisei.kochi.jp",4,2
"geisei.kochi.jp",ICANN,"geisei.kochi.jp",4,2
"hidaka.kochi.jp",ICANN,"*.hidaka.kochi.jp",4,2
"hidaka.kochi.jp",ICANN,"hidaka.kochi.jp",4,2
"higashitsuno.kochi.jp",ICANN,"*.higashitsuno.kochi.jp",4,2
"higashitsuno.kochi.jp",ICANN,"higashitsuno.kochi.jp",4,2
"ino.kochi.jp",ICANN,"*.ino.kochi.jp",4,2
"ino.kochi.jp",ICANN,"ino.kochi.jp",4,2
"kagami.kochi.jp",ICANN,"*.kagami.kochi.jp",4,2
"kagami.kochi.jp",ICANN,"kagami.kochi.jp",4,2
"kami.kochi.jp",ICANN,"*.kami.kochi.jp",4,2
"kami.kochi.jp",ICANN,"kami.kochi.jp",4,2
"kitagawa.kochi.jp",ICANN,"*.kitagawa.kochi.jp",4,2
"kitagawa.kochi.jp",ICANN,"kitagawa.kochi.jp",4,2
"kochi.kochi.jp",ICANN,"*.kochi.kochi.jp",4,2
"kochi.kochi.jp",ICANN,"kochi.kochi.jp",4,2
"mihara.kochi.jp",ICANN,"*.mihara.kochi.jp",4,2
"mihara.kochi.jp",ICANN,"mihara.kochi.jp",4,2
"motoyama.kochi.jp",ICANN,"*.motoyama.kochi.jp",4,2
"motoyama.kochi.jp",ICANN,"motoyama.kochi.jp",4,2
"muroto.kochi.jp",ICANN,"*.muroto.kochi.jp",4,2
"muroto.kochi.jp",ICANN,"muroto.kochi.jp",4,2
"nahari.kochi.jp",ICANN,"*.nahari.kochi.jp",4,2
"nahari.kochi.jp",ICANN,"nahari.kochi.jp",4,2
"nakamura.kochi.jp",ICANN,"*.nakamura.kochi.jp",4,2
"nakamura.kochi.jp",ICANN,"nakamura.kochi.jp",4,2
"nankoku.kochi.jp",ICANN,"*.nankoku.kochi.jp",4,2
"nankoku.kochi.jp",ICANN,"nankoku.kochi.jp",4,2
"nishitosa.kochi.jp",ICANN,"*.nishitosa.kochi.jp",4,2
"nishitosa.kochi.jp",ICANN,"nishitosa.kochi.jp",4,2
"niyodogawa.kochi.jp",ICANN,"*.niyodogawa.kochi.jp",4,2
"niyodogawa.kochi.jp",ICANN,"niyodogawa.kochi.jp",4,2
"ochi.kochi.jp",ICANN,"*.ochi.kochi.jp",4,2
"ochi.kochi.jp",ICANN,"ochi.kochi.jp",4,2
"okawa.kochi.jp",ICANN,"*.okawa.kochi.jp",4,2
"okawa.kochi.jp",ICANN,"okawa.kochi.jp",4,2
"otoyo.kochi.jp",ICANN,"*.otoyo.kochi.jp",4,2
"otoyo.kochi.jp",ICANN,"otoyo.kochi.jp",4,2
"otsuki.kochi.jp",ICANN,"*.otsuki.kochi.jp",4,2
"otsuki.kochi.jp",ICANN,"otsuki.kochi.jp",4,2
"sakawa.kochi.jp",ICANN,"*.sakawa.kochi.jp",4,2
"sakawa.kochi.jp",ICANN,"sakawa.kochi.jp",4,2
"sukumo.kochi.jp",ICANN,"*.sukumo.kochi.jp",4,2
"sukumo.kochi.jp",ICANN,"sukumo.kochi.jp",4,2
"susaki.kochi.jp",ICANN,"*.susaki.kochi.jp",4,2
"susaki.kochi.jp",ICANN,"susaki.kochi.jp",4,2
"tosa.kochi.jp",ICANN,"*.tosa.kochi.jp",4,2
"tosa.kochi.jp",ICANN,"tosa.kochi.jp",4,2
"tosashimizu.kochi.jp",ICANN,"*.tosashimizu.kochi.jp",4,2
"tosashimizu.kochi.jp",ICANN,"tosashimizu.kochi.jp",4,2
"toyo.kochi.jp",ICANN,"*.toyo.kochi.jp",4,2
"toyo.kochi.jp",ICANN,"toyo.kochi.jp",4,2
"tsuno.kochi.jp",ICANN,"*.tsuno.kochi.jp",4,2
"tsuno.kochi.jp",ICANN,"tsuno.kochi.jp",4,2
"umaji.kochi.jp",ICANN,"*.umaji.kochi.jp",4,2
"umaji.kochi.jp",ICANN,"umaji.kochi.jp",4,2
"yasuda.kochi.jp",ICANN,"*.yasuda.kochi.jp",4,2
"yasuda.kochi.jp",ICANN,"yasuda.kochi.jp",4,2
"yusuhara.kochi.jp",ICANN,"*.yusuhara.kochi.jp",4,2
"yusuhara.kochi.jp",ICANN,"yusuhara.kochi.jp",4,2
"amakusa.kumamoto.jp",ICANN,"*.amakusa.kumamoto.jp",4,2
"amakusa.kumamoto.jp",ICANN,"amakusa.kumamoto.jp",4,2
"arao.kumamoto.jp",ICANN,"*.arao.kumamoto.jp",4,2
"arao.kumamoto.jp",ICANN,"arao.kumamoto.jp",4,2
"aso.kumamoto.jp",ICANN,"*.aso.kumamoto.jp",4,2
"aso.kumamoto.jp",ICANN,"aso.kumamoto.jp",4,2
"choyo.kumamoto.jp",ICANN,"*.choyo.kumamoto.jp",4,2
"choyo.kumamoto.jp",ICANN,"choyo.kumamoto.jp",4,2
"gyokuto.kumamoto.jp",ICANN,"*.gyokuto.kumamoto.jp",4,2
"gyokuto.kumamoto.jp",ICANN,"gyokuto.kumamoto.jp",4,2
"kamiamakusa.kumamoto.jp",ICANN,"*.kamiamakusa.kumamoto.jp",4,2
"kamiamakusa.kumamoto.jp",ICANN,"kamiamakusa.kumamoto.jp",4,2
"kikuchi.kumamoto.jp",ICANN,"*.kikuchi.kumamoto.jp",4,2
"kikuchi.kumamoto.jp",ICANN,"kikuchi.kumamoto.jp",4,2
"kumamoto.kumamoto.jp",ICANN,"*.kumamoto.kumamoto.jp",4,2
"kumamoto.kumamoto.jp",ICANN,"kumamoto.kumamoto.jp",4,2
"mashiki.kumamoto.jp",ICANN,"*.mashiki.kumamoto.jp",4,2
"mashiki.kumamoto.jp",ICANN,"mashiki.kumamoto.jp",4,2
"mifune.kumamoto.jp",ICANN,"*.mifune.kumamoto.jp",4,2
"mifune.kumamoto.jp",ICANN,"mifune.kumamoto.jp",4,2
"minamata.kumamoto.jp",ICANN,"*.minamata.kumamoto.jp",4,2
"minamata.kumamoto.jp",ICANN,"minamata.kumamoto.jp",4,2
"minamioguni.kumamoto.jp",ICANN,"*.minamioguni.kumamoto.jp",4,2
"minamioguni.kumamoto.jp",ICANN,"minamioguni.kumamoto.jp",4,2
"nagasu.kumamoto.jp",ICANN,"*.nagasu.kumamoto.jp",4,2
"nagasu.kumamoto.jp",ICANN,"nagasu.kumamoto.jp",4,2
"nishihara.kumamoto.jp",ICANN,"*.nishihara.kumamoto.jp",4,2
"nishihara.kumamoto.jp",ICANN,"nishihara.kumamoto.jp",4,2
"oguni.kumamoto.jp",ICANN,"*.oguni.kumamoto.jp",4,2
"oguni.kumamoto.jp",ICANN,"oguni.kumamoto.jp",4,2
"ozu.kumamoto.jp",ICANN,"*.ozu.kumamoto.jp",4,2
"ozu.kumamoto.jp",ICANN,"ozu.kumamoto.jp",4,2
"sumoto.kumamoto.jp",ICANN,"*.sumoto.kumamoto.jp",4,2
"sumoto.kumamoto.jp",ICANN,"sumoto.kumamoto.jp",4,2
"takamori.kumamoto.jp",ICANN,"*.takamori.kumamoto.jp",4,2
"takamori.kumamoto.jp",ICANN,"takamori.kumamoto.jp",4,2
"uki.kumamoto.jp",ICANN,"*.uki.kumamoto.jp",4,2
"uki.kumamoto.jp",ICANN,"uki.kumamoto.jp",4,2
"uto.kumamoto.jp",ICANN,"*.uto.kumamoto.jp",4,2
"uto.kumamoto.jp",ICANN,"uto.kumamoto.jp",4,2
"yamaga.kumamoto.jp",ICANN,"*.yamaga.kumamoto.jp",4,2
"yamaga.kumamoto.jp",ICANN,"yamaga.kumamoto.jp",4,2
"yamato.kumamoto.jp",ICANN,"*.yamato.kumamoto.jp",4,2
"yamato.kumamoto.jp",ICANN,"yamato.kumamoto.jp",4,2
"yatsushiro.kumamoto.jp",ICANN,"*.yatsushiro.kumamoto.jp",4,2
"yatsushiro.kumamoto.jp",ICANN,"yatsushiro.kumamoto.jp",4,2
"ayabe.kyoto.jp",ICANN,"*.ayabe.kyoto.jp",4,2
"ayabe.kyoto.jp",ICANN,"ayabe.kyoto.jp",4,2
"fukuchiyama.kyoto.jp",ICANN,"*.fukuchiyama.kyoto.jp",4,2
"fukuchiyama.kyoto.jp",ICANN,"fukuchiyama.kyoto.jp",4,2
"higashiyama.kyoto.jp",ICANN,"*.higashiyama.kyoto.jp",4,2
"higashiyama.kyoto.jp",ICANN,"higashiyama.kyoto.jp",4,2
"ide.kyoto.jp",ICANN,"*.ide.kyoto.jp",4,2
"ide.kyoto.jp",ICANN,"ide.kyoto.jp",4,2
"ine.kyoto.jp",ICANN,"*.ine.kyoto.jp",4,2
"ine.kyoto.jp",ICANN,"ine.kyoto.jp",4,2
"joyo.kyoto.jp",ICANN,"*.joyo.kyoto.jp",4,2
"joyo.kyoto.jp",ICANN,"joyo.kyoto.jp",4,2
"kameoka.kyoto.jp",ICANN,"*.kameoka.kyoto.jp",4,2
"kameoka.kyoto.jp",ICANN,"kameoka.kyoto.jp",4,2
"kamo.kyoto.jp",ICANN,"*.kamo.kyoto.jp",4,2
"kamo.kyoto.jp",ICANN,"kamo.kyoto.jp",4,2
"kita.kyoto.jp",ICANN,"*.kita.kyoto.jp",4,2
"kita.kyoto.jp",ICANN,"kita.kyoto.jp",4,2
"kizu.kyoto.jp",ICANN,"*.kizu.kyoto.jp",4,2
"kizu.kyoto.jp",ICANN,"kizu.kyoto.jp",4,2
"kumiyama.kyoto.jp",ICANN,"*.kumiyama.kyoto.jp",4,2
"kumiyama.kyoto.jp",ICANN,"kumiyama.kyoto.jp",4,2
"kyotamba.kyoto.jp",ICANN,"*.kyotamba.kyoto.jp",4,2
"kyotamba.kyoto.jp",ICANN,"kyotamba.kyoto.jp",4,2
"kyotanabe.kyoto.jp",ICANN,"*.kyotanabe.kyoto.jp",4,2
"kyotanabe.kyoto.jp",ICANN,"kyotanabe.kyoto.jp",4,2
"kyotango.kyoto.jp",ICANN,"*.kyotango.kyoto.jp",4,2
"kyotango.kyoto.jp",ICANN,"kyotango.kyoto.jp",4,2
"maizuru.kyoto.jp",ICANN,"*.maizuru.kyoto.jp",4,2
"maizuru.kyoto.jp",ICANN,"maizuru.kyoto.jp",4,2
"minami.kyoto.jp",ICANN,"*.minami.kyoto.jp",4,2
"minami.kyoto.jp",ICANN,"minami.kyoto.jp",4,2
"minamiyamashiro.kyoto.jp",ICANN,"*.minamiyamashiro.kyoto.jp",4,2
"minamiyamashiro.kyoto.jp",ICANN,"minamiyamashiro.kyoto.jp",4,2
"miyazu.kyoto.jp",ICANN,"*.miyazu.kyoto.jp",4,2
"miyazu.kyoto.jp",ICANN,"miyazu.kyoto.jp",4,2
"muko.kyoto.jp",ICANN,"*.muko.kyoto.jp",4,2
"muko.kyoto.jp",ICANN,"muko.kyoto.jp",4,2
"nagaokakyo.kyoto.jp",ICANN,"*.nagaokakyo.kyoto.jp",4,2
"nagaokakyo.kyoto.jp",ICANN,"nagaokakyo.kyoto.jp",4,2
"nakagyo.kyoto.jp",ICANN,"*.nakagyo.kyoto.jp",4,2
"nakagyo.kyoto.jp",ICANN,"nakagyo.kyoto.jp",4,2
"nantan.kyoto.jp",ICANN,"*.nantan.kyoto.jp",4,2
"nantan.kyoto.jp",ICANN,"nantan.kyoto.jp",4,2
"oyamazaki.kyoto.jp",ICANN,"*.oyamazaki.kyoto.jp",4,2
"oyamazaki.kyoto.jp",ICANN,"oyamazaki.kyoto.jp",4,2
"sakyo.kyoto.jp",ICANN,"*.sakyo.kyoto.jp",4,2
"sakyo.kyoto.jp",ICANN,"sakyo.kyoto.jp",4,2
"seika.kyoto.jp",ICANN,"*.seika.kyoto.jp",4,2
"seika.kyoto.jp",ICANN,"seika.kyoto.jp",4,2
"tanabe.kyoto.jp",ICANN,"*.tanabe.kyoto.jp",4,2
"tanabe.kyoto.jp",ICANN,"tanabe.kyoto.jp",4,2
"uji.kyoto.jp",ICANN,"*.uji.kyoto.jp",4,2
"uji.kyoto.jp",ICANN,"uji.kyoto.jp",4,2
"ujitawara.kyoto.jp",ICANN,"*.ujitawara.kyoto.jp",4,2
"ujitawara.kyoto.jp",ICANN,"ujitawara.kyoto.jp",4,2
"wazuka.kyoto.jp",ICANN,"*.wazuka.kyoto.jp",4,2
"wazuka.kyoto.jp",ICANN,"wazuka.kyoto.jp",4,2
"yamashina.kyoto.jp",ICANN,"*.yamashina.kyoto.jp",4,2
"yamashina.kyoto.jp",ICANN,"yamashina.kyoto.jp",4,2
"yawata.kyoto.jp",ICANN,"*.yawata.kyoto.jp",4,2
"yawata.kyoto.jp",ICANN,"yawata.kyoto.jp",4,2
"asahi.mie.jp",ICANN,"*.asahi.mie.jp",4,2
"asahi.mie.jp",ICANN,"asahi.mie.jp",4,2
"inabe.mie.jp",ICANN,"*.inabe.mie.jp",4,2
"inabe.mie.jp",ICANN,"inabe.mie.jp",4,2
"ise.mie.jp",ICANN,"*.ise.mie.jp",4,2
"ise.mie.jp",ICANN,"ise.mie.jp",4,2
"kameyama.mie.jp",ICANN,"*.kameyama.mie.jp",4,2
"kameyama.mie.jp",ICANN,"kameyama.mie.jp",4,2
"kawagoe.mie.jp",ICANN,"*.kawagoe.mie.jp",4,2
"kawagoe.mie.jp",ICANN,"kawagoe.mie.jp",4,2
"kiho.mie.jp",ICANN,"*.kiho.mie.jp",4,2
"kiho.mie.jp",ICANN,"kiho.mie.jp",4,2
"kisosaki.mie.jp",ICANN,"*.kisosaki.mie.jp",4,2
"kisosaki.mie.jp",ICANN,"kisosaki.mie.jp",4,2
"kiwa.mie.jp",ICANN,"*.kiwa.mie.jp",4,2
"kiwa.mie.jp",ICANN,"kiwa.mie.jp",4,2
"komono.mie.jp",ICANN,"*.komono.mie.jp",4,2
"komono.mie.jp",ICANN,"komono.mie.jp",4,2
"kumano.mie.jp",ICANN,"*.kumano.mie.jp",4,2
"kumano.mie.jp",ICANN,"kumano.mie.jp",4,2
"kuwana.mie.jp",ICANN,"*.kuwana.mie.jp",4,2
"kuwana.mie.jp",ICANN,"kuwana.mie.jp",4,2
"matsusaka.mie.jp",ICANN,"*.matsusaka.mie.jp",4,2
"matsusaka.mie.jp",ICANN,"matsusaka.mie.jp",4,2
"meiwa.mie.jp",ICANN,"*.meiwa.mie.jp",4,2
"meiwa.mie.jp",ICANN,"meiwa.mie.jp",4,2
"mihama.mie.jp",ICANN,"*.mihama.mie.jp",4,2
"mihama.mie.jp",ICANN,"mihama.mie.jp",4,2
"minamiise.mie.jp",ICANN,"*.minamiise.mie.jp",4,2
"minamiise.mie.jp",ICANN,"minamiise.mie.jp",4,2
"misugi.mie.jp",ICANN,"*.misugi.mie.jp",4,2
"misugi.mie.jp",ICANN,"misugi.mie.jp",4,2
"miyama.mie.jp",ICANN,"*.miyama.mie.jp",4,2
"miyama.mie.jp",ICANN,"miyama.mie.jp",4,2
"nabari.mie.jp",ICANN,"*.nabari.mie.jp",4,2
"nabari.mie.jp",ICANN,"nabari.mie.jp",4,2
"shima.mie.jp",ICANN,"*.shima.mie.jp",4,2
"shima.mie.jp",ICANN,"shima.mie.jp",4,2
"suzuka.mie.jp",ICANN,"*.suzuka.mie.jp",4,2
"suzuka.mie.jp",ICANN,"suzuka.mie.jp",4,2
"tado.mie.jp",ICANN,"*.tado.mie.jp",4,2
"tado.mie.jp",ICANN,"tado.mie.jp",4,2
"taiki.mie.jp",ICANN,"*.taiki.mie.jp",4,2
"taiki.mie.jp",ICANN,"taiki.mie.jp",4,2
"taki.mie.jp",ICANN,"*.taki.mie.jp",4,2
"taki.mie.jp",ICANN,"taki.mie.jp",4,2
"tamaki.mie.jp",ICANN,"*.tamaki.mie.jp",4,2
"tamaki.mie.jp",ICANN,"tamaki.mie.jp",4,2
"toba.mie.jp",ICANN,"*.toba.mie.jp",4,2
"toba.mie.jp",ICANN,"toba.mie.jp",4,2
"tsu.mie.jp",ICANN,"*.tsu.mie.jp",4,2
"tsu.mie.jp",ICANN,"tsu.mie.jp",4,2
"udono.mie.jp",ICANN,"*.udono.mie.jp",4,2
"udono.mie.jp",ICANN,"udono.mie.jp",4,2
"ureshino.mie.jp",ICANN,"*.ureshino.mie.jp",4,2
"ureshino.mie.jp",ICANN,"ureshino.mie.jp",4,2
"watarai.mie.jp",ICANN,"*.watarai.mie.jp",4,2
"watarai.mie.jp",ICANN,"watarai.mie.jp",4,2
"yokkaichi.mie.jp",ICANN,"*.yokkaichi.mie.jp",4,2
"yokkaichi.mie.jp",ICANN,"yokkaichi.mie.jp",4,2
"furukawa.miyagi.jp",ICANN,"*.furukawa.miyagi.jp",4,2
"furukawa.miyagi.jp",ICANN,"furukawa.miyagi.jp",4,2
"higashimatsushima.miyagi.jp",ICANN,"*.higashimatsushima.miyagi.jp",4,2
"higashimatsushima.miyagi.jp",ICANN,"higashimatsushima.miyagi.jp",4,2
"ishinomaki.miyagi.jp",ICANN,"*.ishinomaki.miyagi.jp",4,2
"ishinomaki.miyagi.jp",ICANN,"ishinomaki.miyagi.jp",4,2
"iwanuma.miyagi.jp",ICANN,"*.iwanuma.miyagi.jp",4,2
"iwanuma.miyagi.jp",ICANN,"iwanuma.miyagi.jp",4,2
"kakuda.miyagi.jp",ICANN,"*.kakuda.miyagi.jp",4,2
"kakuda.miyagi.jp",ICANN,"kakuda.miyagi.jp",4,2
"kami.miyagi.jp",ICANN,"*.kami.miyagi.jp",4,2
"kami.miyagi.jp",ICANN,"kami.miyagi.jp",4,2
"kawasaki.miyagi.jp",ICANN,"*.kawasaki.miyagi.jp",4,2
"kawasaki.miyagi.jp",ICANN,"kawasaki.miyagi.jp",4,2
"marumori.miyagi.jp",ICANN,"*.marumori.miyagi.jp",4,2
"marumori.miyagi.jp",ICANN,"marumori.miyagi.jp",4,2
"matsushima.miyagi.jp",ICANN,"*.matsushima.miyagi.jp",4,2
"matsushima.miyagi.jp",ICANN,"matsushima.miyagi.jp",4,2
"minamisanriku.miyagi.jp",ICANN,"*.minamisanriku.miyagi.jp",4,2
"minamisanriku.miyagi.jp",ICANN,"minamisanriku.miyagi.jp",4,2
"misato.miyagi.jp",ICANN,"*.misato.miyagi.jp",4,2
"misato.miyagi.jp",ICANN,"misato.miyagi.jp",4,2
"murata.miyagi.jp",ICANN,"*.murata.miyagi.jp",4,2
"murata.miyagi.jp",ICANN,"murata.miyagi.jp",4,2
"natori.miyagi.jp",ICANN,"*.natori.miyagi.jp",4,2
"natori.miyagi.jp",ICANN,"natori.miyagi.jp",4,2
"ogawara.miyagi.jp",ICANN,"*.ogawara.miyagi.jp",4,2
"ogawara.miyagi.jp",ICANN,"ogawara.miyagi.jp",4,2
"ohira.miyagi.jp",ICANN,"*.ohira.miyagi.jp",4,2
"ohira.miyagi.jp",ICANN,"ohira.miyagi.jp",4,2
"onagawa.miyagi.jp",ICANN,"*.onagawa.miyagi.jp",4,2
"onagawa.miyagi.jp",ICANN,"onagawa.miyagi.jp",4,2
"osaki.miyagi.jp",ICANN,"*.osaki.miyagi.jp",4,2
"osaki.miyagi.jp",ICANN,"osaki.miyagi.jp",4,2
"rifu.miyagi.jp",ICANN,"*.rifu.miyagi.jp",4,2
"rifu.miyagi.jp",ICANN,"rifu.miyagi.jp",4,2
"semine.miyagi.jp",ICANN,"*.semine.miyagi.jp",4,2
"semine.miyagi.jp",ICANN,"semine.miyagi.jp",4,2
"shibata.miyagi.jp",ICANN,"*.shibata.miyagi.jp",4,2
"shibata.miyagi.jp",ICANN,"shibata.miyagi.jp",4,2
"shichikashuku.miyagi.jp",ICANN,"*.shichikashuku.miyagi.jp",4,2
"shichikashuku.miyagi.jp",ICANN,"shichikashuku.miyagi.jp",4,2
"shikama.miyagi.jp",ICANN,"*.shikama.miyagi.jp",4,2
"shikama.miyagi.jp",ICANN,"shikama.miyagi.jp",4,2
"shiogama.miyagi.jp",ICANN,"*.shiogama.miyagi.jp",4,2
"shiogama.miyagi.jp",ICANN,"shiogama.miyagi.jp",4,2
"shiroishi.miyagi.jp",ICANN,"*.shiroishi.miyagi.jp",4,2
"shiroishi.miyagi.jp",ICANN,"shiroishi.miyagi.jp",4,2
"tagajo.miyagi.jp",ICANN,"*.tagajo.miyagi.jp",4,2
"tagajo.miyagi.jp",ICANN,"tagajo.miyagi.jp",4,2
"taiwa.miyagi.jp",ICANN,"*.taiwa.miyagi.jp",4,2
"taiwa.miyagi.jp",ICANN,"taiwa.miyagi.jp",4,2
"tome.miyagi.jp",ICANN,"*.tome.miyagi.jp",4,2
"tome.miyagi.jp",ICANN,"tome.miyagi.jp",4,2
"tomiya.miyagi.jp",ICANN,"*.tomiya.miyagi.jp",4,2
"tomiya.miyagi.jp",ICANN,"tomiya.miyagi.jp",4,2
"wakuya.miyagi.jp",ICANN,"*.wakuya.miyagi.jp",4,2
"wakuya.miyagi.jp",ICANN,"wakuya.miyagi.jp",4,2
"watari.miyagi.jp",ICANN,"*.watari.miyagi.jp",4,2
"watari.miyagi.jp",ICANN,"watari.miyagi.jp",4,2
"yamamoto.miyagi.jp",ICANN,"*.yamamoto.miyagi.jp",4,2
"yamamoto.miyagi.jp",ICANN,"yamamoto.miyagi.jp",4,2
"zao.miyagi.jp",ICANN,"*.zao.miyagi.jp",4,2
"zao.miyagi.jp",ICANN,"zao.miyagi.jp",4,2
"aya.miyazaki.jp",ICANN,"*.aya.miyazaki.jp",4,2
"aya.miyazaki.jp",ICANN,"aya.miyazaki.jp",4,2
"ebino.miyazaki.jp",ICANN,"*.ebino.miyazaki.jp",4,2
"ebino.miyazaki.jp",ICANN,"ebino.miyazaki.jp",4,2
"gokase.miyazaki.jp",ICANN,"*.gokase.miyazaki.jp",4,2
"gokase.miyazaki.jp",ICANN,"gokase.miyazaki.jp",4,2
"hyuga.miyazaki.jp",ICANN,"*.hyuga.miyazaki.jp",4,2
"hyuga.miyazaki.jp",ICANN,"hyuga.miyazaki.jp",4,2
"kadogawa.miyazaki.jp",ICANN,"*.kadogawa.miyazaki.jp",4,2
"kadogawa.miyazaki.jp",ICANN,"kadogawa.miyazaki.jp",4,2
"kawaminami.miyazaki.jp",ICANN,"*.kawaminami.miyazaki.jp",4,2
"kawaminami.miyazaki.jp",ICANN,"kawaminami.miyazaki.jp",4,2
"kijo.miyazaki.jp",ICANN,"*.kijo.miyazaki.jp",4,2
"kijo.miyazaki.jp",ICANN,"kijo.miyazaki.jp",4,2
"kitagawa.miyazaki.jp",ICANN,"*.kitagawa.miyazaki.jp",4,2
"kitagawa.miyazaki.jp",ICANN,"kitagawa.miyazaki.jp",4,2
"kitakata.miyazaki.jp",ICANN,"*.kitakata.miyazaki.jp",4,2
"kitakata.miyazaki.jp",ICANN,"kitakata.miyazaki.jp",4,2
"kitaura.miyazaki.jp",ICANN,"*.kitaura.miyazaki.jp",4,2
"kitaura.miyazaki.jp",ICANN,"kitaura.miyazaki.jp",4,2
"kobayashi.miyazaki.jp",ICANN,"*.kobayashi.miyazaki.jp",4,2
"kobayashi.miyazaki.jp",ICANN,"kobayashi.miyazaki.jp",4,2
"kunitomi.miyazaki.jp",ICANN,"*.kunitomi.miyazaki.jp",4,2
"kunitomi.miyazaki.jp",ICANN,"kunitomi.miyazaki.jp",4,2
"kushima.miyazaki.jp",ICANN,"*.kushima.miyazaki.jp",4,2
"kushima.miyazaki.jp",ICANN,"kushima.miyazaki.jp",4,2
"mimata.miyazaki.jp",ICANN,"*.mimata.miyazaki.jp",4,2
"mimata.miyazaki.jp",ICANN,"mimata.miyazaki.jp",4,2
"miyakonojo.miyazaki.jp",ICANN,"*.miyakonojo.miyazaki.jp",4,2
"miyakonojo.miyazaki.jp",ICANN,"miyakonojo.miyazaki.jp",4,2
"miyazaki.miyazaki.jp",ICANN,"*.miyazaki.miyazaki.jp",4,2
"miyazaki.miyazaki.jp",ICANN,"miyazaki.miyazaki.jp",4,2
"morotsuka.miyazaki.jp",ICANN,"*.morotsuka.miyazaki.jp",4,2
"morotsuka.miyazaki.jp",ICANN,"morotsuka.miyazaki.jp",4,2
"nichinan.miyazaki.jp",ICANN,"*.nichinan.miyazaki.jp",4,2
"nichinan.miyazaki.jp",ICANN,"nichinan.miyazaki.jp",4,2
"nishimera.miyazaki.jp",ICANN,"*.nishimera.miyazaki.jp",4,2
"nishimera.miyazaki.jp",ICANN,"nishimera.miyazaki.jp",4,2
"nobeoka.miyazaki.jp",ICANN,"*.nobeoka.miyazaki.jp",4,2
"nobeoka.miyazaki.jp",ICANN,"nobeoka.miyazaki.jp",4,2
"saito.miyazaki.jp",ICANN,"*.saito.miyazaki.jp",4,2
"saito.miyazaki.jp",ICANN,"saito.miyazaki.jp",4,2
"shiiba.miyazaki.jp",ICANN,"*.shiiba.miyazaki.jp",4,2
"shiiba.miyazaki.jp",ICANN,"shiiba.miyazaki.jp",4,2
"shintomi.miyazaki.jp",ICANN,"*.shintomi.miyazaki.jp",4,2
"shintomi.miyazaki.jp",ICANN,"shintomi.miyazaki.jp",4,2
"takaharu.miyazaki.jp",ICANN,"*.takaharu.miyazaki.jp",4,2
"takaharu.miyazaki.jp",ICANN,"takaharu.miyazaki.jp",4,2
"takanabe.miyazaki.jp",ICANN,"*.takanabe.miyazaki.jp",4,2
"takanabe.miyazaki.jp",ICANN,"takanabe.miyazaki.jp",4,2
"takazaki.miyazaki.jp",ICANN,"*.takazaki.miyazaki.jp",4,2
"takazaki.miyazaki.jp",ICANN,"takazaki.miyazaki.jp",4,2
"tsuno.miyazaki.jp",ICANN,"*.tsuno.miyazaki.jp",4,2
"tsuno.miyazaki.jp",ICANN,"tsuno.miyazaki.jp",4,2
"achi.nagano.jp",ICANN,"*.achi.nagano.jp",4,2
"achi.nagano.jp",ICANN,"achi.nagano.jp",4,2
"agematsu.nagano.jp",ICANN,"*.agematsu.nagano.jp",4,2
"agematsu.nagano.jp",ICANN,"agematsu.nagano.jp",4,2
"anan.nagano.jp",ICANN,"*.anan.nagano.jp",4,2
"anan.nagano.jp",ICANN,"anan.nagano.jp",4,2
"aoki.nagano.jp",ICANN,"*.aoki.nagano.jp",4,2
"aoki.nagano.jp",ICANN,"aoki.nagano.jp",4,2
"asahi.nagano.jp",ICANN,"*.asahi.nagano.jp",4,2
"asahi.nagano.jp",ICANN,"asahi.nagano.jp",4,2
"azumino.nagano.jp",ICANN,"*.azumino.nagano.jp",4,2
"azumino.nagano.jp",ICANN,"azumino.nagano.jp",4,2
"chikuhoku.nagano.jp",ICANN,"*.chikuhoku.nagano.jp",4,2
"chikuhoku.nagano.jp",ICANN,"chikuhoku.nagano.jp",4,2
"chikuma.nagano.jp",ICANN,"*.chikuma.nagano.jp",4,2
"chikuma.nagano.jp",ICANN,"chikuma.nagano.jp",4,2
"chino.nagano.jp",ICANN,"*.chino.nagano.jp",4,2
"chino.nagano.jp",ICANN,"chino.nagano.jp",4,2
"fujimi.nagano.jp",ICANN,"*.fujimi.nagano.jp",4,2
"fujimi.nagano.jp",ICANN,"fujimi.nagano.jp",4,2
"hakuba.nagano.jp",ICANN,"*.hakuba.nagano.jp",4,2
"hakuba.nagano.jp",ICANN,"hakuba.nagano.jp",4,2
"hara.nagano.jp",ICANN,"*.hara.nagano.jp",4,2
"hara.nagano.jp",ICANN,"hara.nagano.jp",4,2
"hiraya.nagano.jp",ICANN,"*.hiraya.nagano.jp",4,2
"hiraya.nagano.jp",ICANN,"hiraya.nagano.jp",4,2
"iida.nagano.jp",ICANN,"*.iida.nagano.jp",4,2
"iida.nagano.jp",ICANN,"iida.nagano.jp",4,2
"iijima.nagano.jp",ICANN,"*.iijima.nagano.jp",4,2
"iijima.nagano.jp",ICANN,"iijima.nagano.jp",4,2
"iiyama.nagano.jp",ICANN,"*.iiyama.nagano.jp",4,2
"iiyama.nagano.jp",ICANN,"iiyama.nagano.jp",4,2
"iizuna.nagano.jp",ICANN,"*.iizuna.nagano.jp",4,2
"iizuna.nagano.jp",ICANN,"iizuna.nagano.jp",4,2
"ikeda.nagano.jp",ICANN,"*.ikeda.nagano.jp",4,2
"ikeda.nagano.jp",ICANN,"ikeda.nagano.jp",4,2
"ikusaka.nagano.jp",ICANN,"*.ikusaka.nagano.jp",4,2
"ikusaka.nagano.jp",ICANN,"ikusaka.nagano.jp",4,2
"ina.nagano.jp",ICANN,"*.ina.nagano.jp",4,2
"ina.nagano.jp",ICANN,"ina.nagano.jp",4,2
"karuizawa.nagano.jp",ICANN,"*.karuizawa.nagano.jp",4,2
"karuizawa.nagano.jp",ICANN,"karuizawa.nagano.jp",4,2
"kawakami.nagano.jp",ICANN,"*.kawakami.nagano.jp",4,2
"kawakami.nagano.jp",ICANN,"kawakami.nagano.jp",4,2
"kiso.nagano.jp",ICANN,"*.kiso.nagano.jp",4,2
"kiso.nagano.jp",ICANN,"kiso.nagano.jp",4,2
"kisofukushima.nagano.jp",ICANN,"*.kisofukushima.nagano.jp",4,2
"kisofukushima.nagano.jp",ICANN,"kisofukushima.nagano.jp",4,2
"kitaaiki.nagano.jp",ICANN,"*.kitaaiki.nagano.jp",4,2
"kitaaiki.nagano.jp",ICANN,"kitaaiki.nagano.jp",4,2
"komagane.nagano.jp",ICANN,"*.komagane.nagano.jp",4,2
"komagane.nagano.jp",ICANN,"komagane.nagano.jp",4,2
"komoro.nagano.jp",ICANN,"*.komoro.nagano.jp",4,2
"komoro.nagano.jp",ICANN,"komoro.nagano.jp",4,2
"matsukawa.nagano.jp",ICANN,"*.matsukawa.nagano.jp",4,2
"matsukawa.nagano.jp",ICANN,"matsukawa.nagano.jp",4,2
"matsumoto.nagano.jp",ICANN,"*.matsumoto.nagano.jp",4,2
"matsumoto.nagano.jp",ICANN,"matsumoto.nagano.jp",4,2
"miasa.nagano.jp",ICANN,"*.miasa.nagano.jp",4,2
"miasa.nagano.jp",ICANN,"miasa.nagano.jp",4,2
"minamiaiki.nagano.jp",ICANN,"*.minamiaiki.nagano.jp",4,2
"minamiaiki.nagano.jp",ICANN,"minamiaiki.nagano.jp",4,2
"minamimaki.nagano.jp",ICANN,"*.minamimaki.nagano.jp",4,2
"minamimaki.nagano.jp",ICANN,"minamimaki.nagano.jp",4,2
"minamiminowa.nagano.jp",ICANN,"*.minamiminowa.nagano.jp",4,2
"minamiminowa.nagano.jp",ICANN,"minamiminowa.nagano.jp",4,2
"minowa.nagano.jp",ICANN,"*.minowa.nagano.jp",4,2
"minowa.nagano.jp",ICANN,"minowa.nagano.jp",4,2
"miyada.nagano.jp",ICANN,"*.miyada.nagano.jp",4,2
"miyada.nagano.jp",ICANN,"miyada.nagano.jp",4,2
"miyota.nagano.jp",ICANN,"*.miyota.nagano.jp",4,2
"miyota.nagano.jp",ICANN,"miyota.nagano.jp",4,2
"mochizuki.nagano.jp",ICANN,"*.mochizuki.nagano.jp",4,2
"mochizuki.nagano.jp",ICANN,"mochizuki.nagano.jp",4,2
"nagano.nagano.jp",ICANN,"*.nagano.nagano.jp",4,2
"nagano.nagano.jp",ICANN,"nagano.nagano.jp",4,2
"nagawa.nagano.jp",ICANN,"*.nagawa.nagano.jp",4,2
"nagawa.nagano.jp",ICANN,"nagawa.nagano.jp",4,2
"nagiso.nagano.jp",ICANN,"*.nagiso.nagano.jp",4,2
"nagiso.nagano.jp",ICANN,"nagiso.nagano.jp",4,2
"nakagawa.nagano.jp",ICANN,"*.nakagawa.nagano.jp",4,2
"nakagawa.nagano.jp",ICANN,"nakagawa.nagano.jp",4,2
"nakano.nagano.jp",ICANN,"*.nakano.nagano.jp",4,2
"nakano.nagano.jp",ICANN,"nakano.nagano.jp",4,2
"nozawaonsen.nagano.jp",ICANN,"*.nozawaonsen.nagano.jp",4,2
"nozawaonsen.nagano.jp",ICANN,"nozawaonsen.nagano.jp",4,2
"obuse.nagano.jp",ICANN,"*.obuse.nagano.jp",4,2
"obuse.nagano.jp",ICANN,"obuse.nagano.jp",4,2
"ogawa.nagano.jp",ICANN,"*.ogawa.nagano.jp",4,2
"ogawa.nagano.jp",ICANN,"ogawa.nagano.jp",4,2
"okaya.nagano.jp",ICANN,"*.okaya.nagano.jp",4,2
"okaya.nagano.jp",ICANN,"okaya.nagano.jp",4,2
"omachi.nagano.jp",ICANN,"*.omachi.nagano.jp",4,2
"omachi.nagano.jp",ICANN,"omachi.nagano.jp",4,2
"omi.nagano.jp",ICANN,"*.omi.nagano.jp",4,2
"omi.nagano.jp",ICANN,"omi.nagano.jp",4,2
"ookuwa.nagano.jp",ICANN,"*.ookuwa.nagano.jp",4,2
"ookuwa.nagano.jp",ICANN,"ookuwa.nagano.jp",4,2
"ooshika.nagano.jp",ICANN,"*.ooshika.nagano.jp",4,2
"ooshika.nagano.jp",ICANN,"ooshika.nagano.jp",4,2
"otaki.nagano.jp",ICANN,"*.otaki.nagano.jp",4,2
"otaki.nagano.jp",ICANN,"otaki.nagano.jp",4,2
"otari.nagano.jp",ICANN,"*.otari.nagano.jp",4,2
"otari.nagano.jp",ICANN,"otari.nagano.jp",4,2
"sakae.nagano.jp",ICANN,"*.sakae.nagano.jp",4,2
"sakae.nagano.jp",ICANN,"sakae.nagano.jp",4,2
"sakaki.nagano.jp",ICANN,"*.sakaki.nagano.jp",4,2
"sakaki.nagano.jp",ICANN,"sakaki.nagano.jp",4,2
"saku.nagano.jp",ICANN,"*.saku.nagano.jp",4,2
"saku.nagano.jp",ICANN,"saku.nagano.jp",4,2
"sakuho.nagano.jp",ICANN,"*.sakuho.nagano.jp",4,2
"sakuho.nagano.jp",ICANN,"sakuho.nagano.jp",4,2
"shimosuwa.nagano.jp",ICANN,"*.shimosuwa.nagano.jp",4,2
"shimosuwa.nagano.jp",ICANN,"shimosuwa.nagano.jp",4,2
"shinanomachi.nagano.jp",ICANN,"*.shinanomachi.nagano.jp",4,2
"shinanomachi.nagano.jp",ICANN,"shinanomachi.nagano.jp",4,2
"shiojiri.nagano.jp",ICANN,"*.shiojiri.nagano.jp",4,2
"shiojiri.nagano.jp",ICANN,"shiojiri.nagano.jp",4,2
"suwa.nagano.jp",ICANN,"*.suwa.nagano.jp",4,2
"suwa.nagano.jp",ICANN,"suwa.nagano.jp",4,2
"suzaka.nagano.jp",ICANN,"*.suzaka.nagano.jp",4,2
"suzaka.nagano.jp",ICANN,"suzaka.nagano.jp",4,2
"takagi.nagano.jp",ICANN,"*.takagi.nagano.jp",4,2
"takagi.nagano.jp",ICANN,"takagi.nagano.jp",4,2
"takamori.nagano.jp",ICANN,"*.takamori.nagano.jp",4,2
"takamori.nagano.jp",ICANN,"takamori.nagano.jp",4,2
"takayama.nagano.jp",ICANN,"*.takayama.nagano.jp",4,2
"takayama.nagano.jp",ICANN,"takayama.nagano.jp",4,2
"tateshina.nagano.jp",ICANN,"*.tateshina.nagano.jp",4,2
"tateshina.nagano.jp",ICANN,"tateshina.nagano.jp",4,2
"tatsuno.nagano.jp",ICANN,"*.tatsuno.nagano.jp",4,2
"tatsuno.nagano.jp",ICANN,"tatsuno.nagano.jp",4,2
"togakushi.nagano.jp",ICANN,"*.togakushi.nagano.jp",4,2
"togakushi.nagano.jp",ICANN,"togakushi.nagano.jp",4,2
"togura.nagano.jp",ICANN,"*.togura.nagano.jp",4,2
"togura.nagano.jp",ICANN,"togura.nagano.jp",4,2
"tomi.nagano.jp",ICANN,"*.tomi.nagano.jp",4,2
"tomi.nagano.jp",ICANN,"tomi.nagano.jp",4,2
"ueda.nagano.jp",ICANN,"*.ueda.nagano.jp",4,2
"ueda.nagano.jp",ICANN,"ueda.nagano.jp",4,2
"wada.nagano.jp",ICANN,"*.wada.nagano.jp",4,2
"wada.nagano.jp",ICANN,"wada.nagano.jp",4,2
"yamagata.nagano.jp",ICANN,"*.yamagata.nagano.jp",4,2
"yamagata.nagano.jp",ICANN,"yamagata.nagano.jp",4,2
"yamanouchi.nagano.jp",ICANN,"*.yamanouchi.nagano.jp",4,2
"yamanouchi.nagano.jp",ICANN,"yamanouchi.nagano.jp",4,2
"yasaka.nagano.jp",ICANN,"*.yasaka.nagano.jp",4,2
"yasaka.nagano.jp",ICANN,"yasaka.nagano.jp",4,2
"yasuoka.nagano.jp",ICANN,"*.yasuoka.nagano.jp",4,2
"yasuoka.nagano.jp",ICANN,"yasuoka.nagano.jp",4,2
"chijiwa.nagasaki.jp",ICANN,"*.chijiwa.nagasaki.jp",4,2
"chijiwa.nagasaki.jp",ICANN,"chijiwa.nagasaki.jp",4,2
"futsu.nagasaki.jp",ICANN,"*.futsu.nagasaki.jp",4,2
"futsu.nagasaki.jp",ICANN,"futsu.nagasaki.jp",4,2
"goto.nagasaki.jp",ICANN,"*.goto.nagasaki.jp",4,2
"goto.nagasaki.jp",ICANN,"goto.nagasaki.jp",4,2
"hasami.nagasaki.jp",ICANN,"*.hasami.nagasaki.jp",4,2
"hasami.nagasaki.jp",ICANN,"hasami.nagasaki.jp",4,2
"hirado.nagasaki.jp",ICANN,"*.hirado.nagasaki.jp",4,2
"hirado.nagasaki.jp",ICANN,"hirado.nagasaki.jp",4,2
"iki.nagasaki.jp",ICANN,"*.iki.nagasaki.jp",4,2
"iki.nagasaki.jp",ICANN,"iki.nagasaki.jp",4,2
"isahaya.nagasaki.jp",ICANN,"*.isahaya.nagasaki.jp",4,2
"isahaya.nagasaki.jp",ICANN,"isahaya.nagasaki.jp",4,2
"kawatana.nagasaki.jp",ICANN,"*.kawatana.nagasaki.jp",4,2
"kawatana.nagasaki.jp",ICANN,"kawatana.nagasaki.jp",4,2
"kuchinotsu.nagasaki.jp",ICANN,"*.kuchinotsu.nagasaki.jp",4,2
"kuchinotsu.nagasaki.jp",ICANN,"kuchinotsu.nagasaki.jp",4,2
"matsuura.nagasaki.jp",ICANN,"*.matsuura.nagasaki.jp",4,2
"matsuura.nagasaki.jp",ICANN,"matsuura.nagasaki.jp",4,2
"nagasaki.nagasaki.jp",ICANN,"*.nagasaki.nagasaki.jp",4,2
"nagasaki.nagasaki.jp",ICANN,"nagasaki.nagasaki.jp",4,2
"obama.nagasaki.jp",ICANN,"*.obama.nagasaki.jp",4,2
"obama.nagasaki.jp",ICANN,"obama.nagasaki.jp",4,2
"omura.nagasaki.jp",ICANN,"*.omura.nagasaki.jp",4,2
"omura.nagasaki.jp",ICANN,"omura.nagasaki.jp",4,2
"oseto.nagasaki.jp",ICANN,"*.oseto.nagasaki.jp",4,2
"oseto.nagasaki.jp",ICANN,"oseto.nagasaki.jp",4,2
"saikai.nagasaki.jp",ICANN,"*.saikai.nagasaki.jp",4,2
"saikai.nagasaki.jp",ICANN,"saikai.nagasaki.jp",4,2
"sasebo.nagasaki.jp",ICANN,"*.sasebo.nagasaki.jp",4,2
"sasebo.nagasaki.jp",ICANN,"sasebo.nagasaki.jp",4,2
"seihi.nagasaki.jp",ICANN,"*.seihi.nagasaki.jp",4,2
"seihi.nagasaki.jp",ICANN,"seihi.nagasaki.jp",4,2
"shimabara.nagasaki.jp",ICANN,"*.shimabara.nagasaki.jp",4,2
"shimabara.nagasaki.jp",ICANN,"shimabara.nagasaki.jp",4,2
"shinkamigoto.nagasaki.jp",ICANN,"*.shinkamigoto.nagasaki.jp",4,2
"shinkamigoto.nagasaki.jp",ICANN,"shinkamigoto.nagasaki.jp",4,2
"togitsu.nagasaki.jp",ICANN,"*.togitsu.nagasaki.jp",4,2
"togitsu.nagasaki.jp",ICANN,"togitsu.nagasaki.jp",4,2
"tsushima.nagasaki.jp",ICANN,"*.tsushima.nagasaki.jp",4,2
"tsushima.nagasaki.jp",ICANN,"tsushima.nagasaki.jp",4,2
"unzen.nagasaki.jp",ICANN,"*.unzen.nagasaki.jp",4,2
"unzen.nagasaki.jp",ICANN,"unzen.nagasaki.jp",4,2
"ando.nara.jp",ICANN,"*.ando.nara.jp",4,2
"ando.nara.jp",ICANN,"ando.nara.jp",4,2
"gose.nara.jp",ICANN,"*.gose.nara.jp",4,2
"gose.nara.jp",ICANN,"gose.nara.jp",4,2
"heguri.nara.jp",ICANN,"*.heguri.nara.jp",4,2
"heguri.nara.jp",ICANN,"heguri.nara.jp",4,2
"higashiyoshino.nara.jp",ICANN,"*.higashiyoshino.nara.jp",4,2
"higashiyoshino.nara.jp",ICANN,"higashiyoshino.nara.jp",4,2
"ikaruga.nara.jp",ICANN,"*.ikaruga.nara.jp",4,2
"ikaruga.nara.jp",ICANN,"ikaruga.nara.jp",4,2
"ikoma.nara.jp",ICANN,"*.ikoma.nara.jp",4,2
"ikoma.nara.jp",ICANN,"ikoma.nara.jp",4,2
"kamikitayama.nara.jp",ICANN,"*.kamikitayama.nara.jp",4,2
"kamikitayama.nara.jp",ICANN,"kamikitayama.nara.jp",4,2
"kanmaki.nara.jp",ICANN,"*.kanmaki.nara.jp",4,2
"kanmaki.nara.jp",ICANN,"kanmaki.nara.jp",4,2
"kashiba.nara.jp",ICANN,"*.kashiba.nara.jp",4,2
"kashiba.nara.jp",ICANN,"kashiba.nara.jp",4,2
"kashihara.nara.jp",ICANN,"*.kashihara.nara.jp",4,2
"kashihara.nara.jp",ICANN,"kashihara.nara.jp",4,2
"katsuragi.nara.jp",ICANN,"*.katsuragi.nara.jp",4,2
"katsuragi.nara.jp",ICANN,"katsuragi.nara.jp",4,2
"kawai.nara.jp",ICANN,"*.kawai.nara.jp",4,2
"kawai.nara.jp",ICANN,"kawai.nara.jp",4,2
"kawakami.nara.jp",ICANN,"*.kawakami.nara.jp",4,2
"kawakami.nara.jp",ICANN,"kawakami.nara.jp",4,2
"kawanishi.nara.jp",ICANN,"*.kawanishi.nara.jp",4,2
"kawanishi.nara.jp",ICANN,"kawanishi.nara.jp",4,2
"koryo.nara.jp",ICANN,"*.koryo.nara.jp",4,2
"koryo.nara.jp",ICANN,"koryo.nara.jp",4,2
"kurotaki.nara.jp",ICANN,"*.kurotaki.nara.jp",4,2
"kurotaki.nara.jp",ICANN,"kurotaki.nara.jp",4,2
"mitsue.nara.jp",ICANN,"*.mitsue.nara.jp",4,2
"mitsue.nara.jp",ICANN,"mitsue.nara.jp",4,2
"miyake.nara.jp",ICANN,"*.miyake.nara.jp",4,2
"miyake.nara.jp",ICANN,"miyake.nara.jp",4,2
"nara.nara.jp",ICANN,"*.nara.nara.jp",4,2
"nara.nara.jp",ICANN,"nara.nara.jp",4,2
"nosegawa.nara.jp",ICANN,"*.nosegawa.nara.jp",4,2
"nosegawa.nara.jp",ICANN,"nosegawa.nara.jp",4,2
"oji.nara.jp",ICANN,"*.oji.nara.jp",4,2
"oji.nara.jp",ICANN,"oji.nara.jp",4,2
"ouda.nara.jp",ICANN,"*.ouda.nara.jp",4,2
"ouda.nara.jp",ICANN,"ouda.nara.jp",4,2
"oyodo.nara.jp",ICANN,"*.oyodo.nara.jp",4,2
"oyodo.nara.jp",ICANN,"oyodo.nara.jp",4,2
"sakurai.nara.jp",ICANN,"*.sakurai.nara.jp",4,2
"sakurai.nara.jp",ICANN,"sakurai.nara.jp",4,2
"sango.nara.jp",ICANN,"*.sango.nara.jp",4,2
"sango.nara.jp",ICANN,"sango.nara.jp",4,2
"shimoichi.nara.jp",ICANN,"*.shimoichi.nara.jp",4,2
"shimoichi.nara.jp",ICANN,"shimoichi.nara.jp",4,2
"shimokitayama.nara.jp",ICANN,"*.shimokitayama.nara.jp",4,2
"shimokitayama.nara.jp",ICANN,"shimokitayama.nara.jp",4,2
"shinjo.nara.jp",ICANN,"*.shinjo.nara.jp",4,2
"shinjo.nara.jp",ICANN,"shinjo.nara.jp",4,2
"soni.nara.jp",ICANN,"*.soni.nara.jp",4,2
"soni.nara.jp",ICANN,"soni.nara.jp",4,2
"takatori.nara.jp",ICANN,"*.takatori.nara.jp",4,2
"takatori.nara.jp",ICANN,"takatori.nara.jp",4,2
"tawaramoto.nara.jp",ICANN,"*.tawaramoto.nara.jp",4,2
"tawaramoto.nara.jp",ICANN,"tawaramoto.nara.jp",4,2
"tenkawa.nara.jp",ICANN,"*.tenkawa.nara.jp",4,2
"tenkawa.nara.jp",ICANN,"tenkawa.nara.jp",4,2
"tenri.nara.jp",ICANN,"*.tenri.nara.jp",4,2
"tenri.nara.jp",ICANN,"tenri.nara.jp",4,2
"uda.nara.jp",ICANN,"*.uda.nara.jp",4,2
"uda.nara.jp",ICANN,"uda.nara.jp",4,2
"yamatokoriyama.nara.jp",ICANN,"*.yamatokoriyama.nara.jp",4,2
"yamatokoriyama.nara.jp",ICANN,"yamatokoriyama.nara.jp",4,2
"yamatotakada.nara.jp",ICANN,"*.yamatotakada.nara.jp",4,2
"yamatotakada.nara.jp",ICANN,"yamatotakada.nara.jp",4,2
"yamazoe.nara.jp",ICANN,"*.yamazoe.nara.jp",4,2
"yamazoe.nara.jp",ICANN,"yamazoe.nara.jp",4,2
"yoshino.nara.jp",ICANN,"*.yoshino.nara.jp",4,2
"yoshino.nara.jp",ICANN,"yoshino.nara.jp",4,2
"aga.niigata.jp",ICANN,"*.aga.niigata.jp",4,2
"aga.niigata.jp",ICANN,"aga.niigata.jp",4,2
"agano.niigata.jp",ICANN,"*.agano.niigata.jp",4,2
"agano.niigata.jp",ICANN,"agano.niigata.jp",4,2
"gosen.niigata.jp",ICANN,"*.gosen.niigata.jp",4,2
"gosen.niigata.jp",ICANN,"gosen.niigata.jp",4,2
"itoigawa.niigata.jp",ICANN,"*.itoigawa.niigata.jp",4,2
"itoigawa.niigata.jp",ICANN,"itoigawa.niigata.jp",4,2
"izumozaki.niigata.jp",ICANN,"*.izumozaki.niigata.jp",4,2
"izumozaki.niigata.jp",ICANN,"izumozaki.niigata.jp",4,2
"joetsu.niigata.jp",ICANN,"*.joetsu.niigata.jp",4,2
"joetsu.niigata.jp",ICANN,"joetsu.niigata.jp",4,2
"kamo.niigata.jp",ICANN,"*.kamo.niigata.jp",4,2
"kamo.niigata.jp",ICANN,"kamo.niigata.jp",4,2
"kariwa.niigata.jp",ICANN,"*.kariwa.niigata.jp",4,2
"kariwa.niigata.jp",ICANN,"kariwa.niigata.jp",4,2
"kashiwazaki.niigata.jp",ICANN,"*.kashiwazaki.niigata.jp",4,2
"kashiwazaki.niigata.jp",ICANN,"kashiwazaki.niigata.jp",4,2
"minamiuonuma.niigata.jp",ICANN,"*.minamiuonuma.niigata.jp",4,2
"minamiuonuma.niigata.jp",ICANN,"minamiuonuma.niigata.jp",4,2
"mitsuke.niigata.jp",ICANN,"*.mitsuke.niigata.jp",4,2
"mitsuke.niigata.jp",ICANN,"mitsuke.niigata.jp",4,2
"muika.niigata.jp",ICANN,"*.muika.niigata.jp",4,2
"muika.niigata.jp",ICANN,"muika.niigata.jp",4,2
"murakami.niigata.jp",ICANN,"*.murakami.niigata.jp",4,2
"murakami.niigata.jp",ICANN,"murakami.niigata.jp",4,2
"myoko.niigata.jp",ICANN,"*.myoko.niigata.jp",4,2
"myoko.niigata.jp",ICANN,"myoko.niigata.jp",4,2
"nagaoka.niigata.jp",ICANN,"*.nagaoka.niigata.jp",4,2
"nagaoka.niigata.jp",ICANN,"nagaoka.niigata.jp",4,2
"niigata.niigata.jp",ICANN,"*.niigata.niigata.jp",4,2
"niigata.niigata.jp",ICANN,"niigata.niigata.jp",4,2
"ojiya.niigata.jp",ICANN,"*.ojiya.niigata.jp",4,2
"ojiya.niigata.jp",ICANN,"ojiya.niigata.jp",4,2
"omi.niigata.jp",ICANN,"*.omi.niigata.jp",4,2
"omi.niigata.jp",ICANN,"omi.niigata.jp",4,2
"sado.niigata.jp",ICANN,"*.sado.niigata.jp",4,2
"sado.niigata.jp",ICANN,"sado.niigata.jp",4,2
"sanjo.niigata.jp",ICANN,"*.sanjo.niigata.jp",4,2
"sanjo.niigata.jp",ICANN,"sanjo.niigata.jp",4,2
"seiro.niigata.jp",ICANN,"*.seiro.niigata.jp",4,2
"seiro.niigata.jp",ICANN,"seiro.niigata.jp",4,2
"seirou.niigata.jp",ICANN,"*.seirou.niigata.jp",4,2
"seirou.niigata.jp",ICANN,"seirou.niigata.jp",4,2
"sekikawa.niigata.jp",ICANN,"*.sekikawa.niigata.jp",4,2
"sekikawa.niigata.jp",ICANN,"sekikawa.niigata.jp",4,2
"shibata.niigata.jp",ICANN,"*.shibata.niigata.jp",4,2
"shibata.niigata.jp",ICANN,"shibata.niigata.jp",4,2
"tagami.niigata.jp",ICANN,"*.tagami.niigata.jp",4,2
"tagami.niigata.jp",ICANN,"tagami.niigata.jp",4,2
"tainai.niigata.jp",ICANN,"*.tainai.niigata.jp",4,2
"tainai.niigata.jp",ICANN,"tainai.niigata.jp",4,2
"tochio.niigata.jp",ICANN,"*.tochio.niigata.jp",4,2
"tochio.niigata.jp",ICANN,"tochio.niigata.jp",4,2
"tokamachi.niigata.jp",ICANN,"*.tokamachi.niigata.jp",4,2
"tokamachi.niigata.jp",ICANN,"tokamachi.niigata.jp",4,2
"tsubame.niigata.jp",ICANN,"*.tsubame.niigata.jp",4,2
"tsubame.niigata.jp",ICANN,"tsubame.niigata.jp",4,2
"tsunan.niigata.jp",ICANN,"*.tsunan.niigata.jp",4,2
"tsunan.niigata.jp",ICANN,"tsunan.niigata.jp",4,2
"uonuma.niigata.jp",ICANN,"*.uonuma.niigata.jp",4,2
"uonuma.niigata.jp",ICANN,"uonuma.niigata.jp",4,2
"yahiko.niigata.jp",ICANN,"*.yahiko.niigata.jp",4,2
"yahiko.niigata.jp",ICANN,"yahiko.niigata.jp",4,2
"yoita.niigata.jp",ICANN,"*.yoita.niigata.jp",4,2
"yoita.niigata.jp",ICANN,"yoita.niigata.jp",4,2
"yuzawa.niigata.jp",ICANN,"*.yuzawa.niigata.jp",4,2
"yuzawa.niigata.jp",ICANN,"yuzawa.niigata.jp",4,2
"beppu.oita.jp",ICANN,"*.beppu.oita.jp",4,2
"beppu.oita.jp",ICANN,"beppu.oita.jp",4,2
"bungoono.oita.jp",ICANN,"*.bungoono.oita.jp",4,2
"bungoono.oita.jp",ICANN,"bungoono.oita.jp",4,2
"bungotakada.oita.jp",ICANN,"*.bungotakada.oita.jp",4,2
"bungotakada.oita.jp",ICANN,"bungotakada.oita.jp",4,2
"hasama.oita.jp",ICANN,"*.hasama.oita.jp",4,2
"hasama.oita.jp",ICANN,"hasama.oita.jp",4,2
"hiji.oita.jp",ICANN,"*.hiji.oita.jp",4,2
"hiji.oita.jp",ICANN,"hiji.oita.jp",4,2
"himeshima.oita.jp",ICANN,"*.himeshima.oita.jp",4,2
"himeshima.oita.jp",ICANN,"himeshima.oita.jp",4,2
"hita.oita.jp",ICANN,"*.hita.oita.jp",4,2
"hita.oita.jp",ICANN,"hita.oita.jp",4,2
"kamitsue.oita.jp",ICANN,"*.kamitsue.oita.jp",4,2
"kamitsue.oita.jp",ICANN,"kamitsue.oita.jp",4,2
"kokonoe.oita.jp",ICANN,"*.kokonoe.oita.jp",4,2
"kokonoe.oita.jp",ICANN,"kokonoe.oita.jp",4,2
"kuju.oita.jp",ICANN,"*.kuju.oita.jp",4,2
"kuju.oita.jp",ICANN,"kuju.oita.jp",4,2
"kunisaki.oita.jp",ICANN,"*.kunisaki.oita.jp",4,2
"kunisaki.oita.jp",ICANN,"kunisaki.oita.jp",4,2
"kusu.oita.jp",ICANN,"*.kusu.oita.jp",4,2
"kusu.oita.jp",ICANN,"kusu.oita.jp",4,2
"oita.oita.jp",ICANN,"*.oita.oita.jp",4,2
"oita.oita.jp",ICANN,"oita.oita.jp",4,2
"saiki.oita.jp",ICANN,"*.saiki.oita.jp",4,2
"saiki.oita.jp",ICANN,"saiki.oita.jp",4,2
"taketa.oita.jp",ICANN,"*.taketa.oita.jp",4,2
"taketa.oita.jp",ICANN,"taketa.oita.jp",4,2
"tsukumi.oita.jp",ICANN,"*.tsukumi.oita.jp",4,2
"tsukumi.oita.jp",ICANN,"tsukumi.oita.jp",4,2
"usa.oita.jp",ICANN,"*.usa.oita.jp",4,2
"usa.oita.jp",ICANN,"usa.oita.jp",4,2
"usuki.oita.jp",ICANN,"*.usuki.oita.jp",4,2
"usuki.oita.jp",ICANN,"usuki.oita.jp",4,2
"yufu.oita.jp",ICANN,"*.yufu.oita.jp",4,2
"yufu.oita.jp",ICANN,"yufu.oita.jp",4,2
"akaiwa.okayama.jp",ICANN,"*.akaiwa.okayama.jp",4,2
"akaiwa.okayama.jp",ICANN,"akaiwa.okayama.jp",4,2
"asakuchi.okayama.jp",ICANN,"*.asakuchi.okayama.jp",4,2
"asakuchi.okayama.jp",ICANN,"asakuchi.okayama.jp",4,2
"bizen.okayama.jp",ICANN,"*.bizen.okayama.jp",4,2
"bizen.okayama.jp",ICANN,"bizen.okayama.jp",4,2
"hayashima.okayama.jp",ICANN,"*.hayashima.okayama.jp",4,2
"hayashima.okayama.jp",ICANN,"hayashima.okayama.jp",4,2
"ibara.okayama.jp",ICANN,"*.ibara.okayama.jp",4,2
"ibara.okayama.jp",ICANN,"ibara.okayama.jp",4,2
"kagamino.okayama.jp",ICANN,"*.kagamino.okayama.jp",4,2
"kagamino.okayama.jp",ICANN,"kagamino.okayama.jp",4,2
"kasaoka.okayama.jp",ICANN,"*.kasaoka.okayama.jp",4,2
"kasaoka.okayama.jp",ICANN,"kasaoka.okayama.jp",4,2
"kibichuo.okayama.jp",ICANN,"*.kibichuo.okayama.jp",4,2
"kibichuo.okayama.jp",ICANN,"kibichuo.okayama.jp",4,2
"kumenan.okayama.jp",ICANN,"*.kumenan.okayama.jp",4,2
"kumenan.okayama.jp",ICANN,"kumenan.okayama.jp",4,2
"kurashiki.okayama.jp",ICANN,"*.kurashiki.okayama.jp",4,2
"kurashiki.okayama.jp",ICANN,"kurashiki.okayama.jp",4,2
"maniwa.okayama.jp",ICANN,"*.maniwa.okayama.jp",4,2
"maniwa.okayama.jp",ICANN,"maniwa.okayama.jp",4,2
"misaki.okayama.jp",ICANN,"*.misaki.okayama.jp",4,2
"misaki.okayama.jp",ICANN,"misaki.okayama.jp",4,2
"nagi.okayama.jp",ICANN,"*.nagi.okayama.jp",4,2
"nagi.okayama.jp",ICANN,"nagi.okayama.jp",4,2
"niimi.okayama.jp",ICANN,"*.niimi.okayama.jp",4,2
"niimi.okayama.jp",ICANN,"niimi.okayama.jp",4,2
"nishiawakura.okayama.jp",ICANN,"*.nishiawakura.okayama.jp",4,2
"nishiawakura.okayama.jp",ICANN,"nishiawakura.okayama.jp",4,2
"okayama.okayama.jp",ICANN,"*.okayama.okayama.jp",4,2
"okayama.okayama.jp",ICANN,"okayama.okayama.jp",4,2
"satosho.okayama.jp",ICANN,"*.satosho.okayama.jp",4,2
"satosho.okayama.jp",ICANN,"satosho.okayama.jp",4,2
"setouchi.okayama.jp",ICANN,"*.setouchi.okayama.jp",4,2
"setouchi.okayama.jp",ICANN,"setouchi.okayama.jp",4,2
"shinjo.okayama.jp",ICANN,"*.shinjo.okayama.jp",4,2
"shinjo.okayama.jp",ICANN,"shinjo.okayama.jp",4,2
"shoo.okayama.jp",ICANN,"*.shoo.okayama.jp",4,2
"shoo.okayama.jp",ICANN,"shoo.okayama.jp",4,2
"soja.okayama.jp",ICANN,"*.soja.okayama.jp",4,2
"soja.okayama.jp",ICANN,"soja.okayama.jp",4,2
"takahashi.okayama.jp",ICANN,"*.takahashi.okayama.jp",4,2
"takahashi.okayama.jp",ICANN,"takahashi.okayama.jp",4,2
"tamano.okayama.jp",ICANN,"*.tamano.okayama.jp",4,2
"tamano.okayama.jp",ICANN,"tamano.okayama.jp",4,2
"tsuyama.okayama.jp",ICANN,"*.tsuyama.okayama.jp",4,2
"tsuyama.okayama.jp",ICANN,"tsuyama.okayama.jp",4,2
"wake.okayama.jp",ICANN,"*.wake.okayama.jp",4,2
"wake.okayama.jp",ICANN,"wake.okayama.jp",4,2
"yakage.okayama.jp",ICANN,"*.yakage.okayama.jp",4,2
"yakage.okayama.jp",ICANN,"yakage.okayama.jp",4,2
"aguni.okinawa.jp",ICANN,"*.aguni.okinawa.jp",4,2
"aguni.okinawa.jp",ICANN,"aguni.okinawa.jp",4,2
"ginowan.okinawa.jp",ICANN,"*.ginowan.okinawa.jp",4,2
"ginowan.okinawa.jp",ICANN,"ginowan.okinawa.jp",4,2
"ginoza.okinawa.jp",ICANN,"*.ginoza.okinawa.jp",4,2
"ginoza.okinawa.jp",ICANN,"ginoza.okinawa.jp",4,2
"gushikami.okinawa.jp",ICANN,"*.gushikami.okinawa.jp",4,2
"gushikami.okinawa.jp",ICANN,"gushikami.okinawa.jp",4,2
"haebaru.okinawa.jp",ICANN,"*.haebaru.okinawa.jp",4,2
"haebaru.okinawa.jp",ICANN,"haebaru.okinawa.jp",4,2
"higashi.okinawa.jp",ICANN,"*.higashi.okinawa.jp",4,2
"higashi.okinawa.jp",ICANN,"higashi.okinawa.jp",4,2
"hirara.okinawa.jp",ICANN,"*.hirara.okinawa.jp",4,2
"hirara.okinawa.jp",ICANN,"hirara.okinawa.jp",4,2
"iheya.okinawa.jp",ICANN,"*.iheya.okinawa.jp",4,2
"iheya.okinawa.jp",ICANN,"iheya.okinawa.jp",4,2
"ishigaki.okinawa.jp",ICANN,"*.ishigaki.okinawa.jp",4,2
"ishigaki.okinawa.jp",ICANN,"ishigaki.okinawa.jp",4,2
"ishikawa.okinawa.jp",ICANN,"*.ishikawa.okinawa.jp",4,2
"ishikawa.okinawa.jp",ICANN,"ishikawa.okinawa.jp",4,2
"itoman.okinawa.jp",ICANN,"*.itoman.okinawa.jp",4,2
"itoman.okinawa.jp",ICANN,"itoman.okinawa.jp",4,2
"izena.okinawa.jp",ICANN,"*.izena.okinawa.jp",4,2
"izena.okinawa.jp",ICANN,"izena.okinawa.jp",4,2
"kadena.okinawa.jp",ICANN,"*.kadena.okinawa.jp",4,2
"kadena.okinawa.jp",ICANN,"kadena.okinawa.jp",4,2
"kin.okinawa.jp",ICANN,"*.kin.okinawa.jp",4,2
"kin.okinawa.jp",ICANN,"kin.okinawa.jp",4,2
"kitadaito.okinawa.jp",ICANN,"*.kitadaito.okinawa.jp",4,2
"kitadaito.okinawa.jp",ICANN,"kitadaito.okinawa.jp",4,2
"kitanakagusuku.okinawa.jp",ICANN,"*.kitanakagusuku.okinawa.jp",4,2
"kitanakagusuku.okinawa.jp",ICANN,"kitanakagusuku.okinawa.jp",4,2
"kumejima.okinawa.jp",ICANN,"*.kumejima.okinawa.jp",4,2
"kumejima.okinawa.jp",ICANN,"kumejima.okinawa.jp",4,2
"kunigami.okinawa.jp",ICANN,"*.kunigami.okinawa.jp",4,2
"kunigami.okinawa.jp",ICANN,"kunigami.okinawa.jp",4,2
"minamidaito.okinawa.jp",ICANN,"*.minamidaito.okinawa.jp",4,2
"minamidaito.okinawa.jp",ICANN,"minamidaito.okinawa.jp",4,2
"motobu.okinawa.jp",ICANN,"*.motobu.okinawa.jp",4,2
"motobu.okinawa.jp",ICANN,"motobu.okinawa.jp",4,2
"nago.okinawa.jp",ICANN,"*.nago.okinawa.jp",4,2
"nago.okinawa.jp",ICANN,"nago.okinawa.jp",4,2
"naha.okinawa.jp",ICANN,"*.naha.okinawa.jp",4,2
"naha.okinawa.jp",ICANN,"naha.okinawa.jp",4,2
"nakagusuku.okinawa.jp",ICANN,"*.nakagusuku.okinawa.jp",4,2
"nakagusuku.okinawa.jp",ICANN,"nakagusuku.okinawa.jp",4,2
"nakijin.okinawa.jp",ICANN,"*.nakijin.okinawa.jp",4,2
"nakijin.okinawa.jp",ICANN,"nakijin.okinawa.jp",4,2
"nanjo.okinawa.jp",ICANN,"*.nanjo.okinawa.jp",4,2
"nanjo.okinawa.jp",ICANN,"nanjo.okinawa.jp",4,2
"nishihara.okinawa.jp",ICANN,"*.nishihara.okinawa.jp",4,2
"nishihara.okinawa.jp",ICANN,"nishihara.okinawa.jp",4,2
"ogimi.okinawa.jp",ICANN,"*.ogimi.okinawa.jp",4,2
"ogimi.okinawa.jp",ICANN,"ogimi.okinawa.jp",4,2
"okinawa.okinawa.jp",ICANN,"*.okinawa.okinawa.jp",4,2
"okinawa.okinawa.jp",ICANN,"okinawa.okinawa.jp",4,2
"onna.okinawa.jp",ICANN,"*.onna.okinawa.jp",4,2
"onna.okinawa.jp",ICANN,"onna.okinawa.jp",4,2
"shimoji.okinawa.jp",ICANN,"*.shimoji.okinawa.jp",4,2
"shimoji.okinawa.jp",ICANN,"shimoji.okinawa.jp",4,2
"taketomi.okinawa.jp",ICANN,"*.taketomi.okinawa.jp",4,2
"taketomi.okinawa.jp",ICANN,"taketomi.okinawa.jp",4,2
"tarama.okinawa.jp",ICANN,"*.tarama.okinawa.jp",4,2
"tarama.okinawa.jp",ICANN,"tarama.okinawa.jp",4,2
"tokashiki.okinawa.jp",ICANN,"*.tokashiki.okinawa.jp",4,2
"tokashiki.okinawa.jp",ICANN,"tokashiki.okinawa.jp",4,2
"tomigusuku.okinawa.jp",ICANN,"*.tomigusuku.okinawa.jp",4,2
"tomigusuku.okinawa.jp",ICANN,"tomigusuku.okinawa.jp",4,2
"tonaki.okinawa.jp",ICANN,"*.tonaki.okinawa.jp",4,2
"tonaki.okinawa.jp",ICANN,"tonaki.okinawa.jp",4,2
"urasoe.okinawa.jp",ICANN,"*.urasoe.okinawa.jp",4,2
"urasoe.okinawa.jp",ICANN,"urasoe.okinawa.jp",4,2
"uruma.okinawa.jp",ICANN,"*.uruma.okinawa.jp",4,2
"uruma.okinawa.jp",ICANN,"uruma.okinawa.jp",4,2
"yaese.okinawa.jp",ICANN,"*.yaese.okinawa.jp",4,2
"yaese.okinawa.jp",ICANN,"yaese.okinawa.jp",4,2
"yomitan.okinawa.jp",ICANN,"*.yomitan.okinawa.jp",4,2
"yomitan.okinawa.jp",ICANN,"yomitan.okinawa.jp",4,2
"yonabaru.okinawa.jp",ICANN,"*.yonabaru.okinawa.jp",4,2
"yonabaru.okinawa.jp",ICANN,"yonabaru.okinawa.jp",4,2
"yonaguni.okinawa.jp",ICANN,"*.yonaguni.okinawa.jp",4,2
"yonaguni.okinawa.jp",ICANN,"yonaguni.okinawa.jp",4,2
"zamami.okinawa.jp",ICANN,"*.zamami.okinawa.jp",4,2
"zamami.okinawa.jp",ICANN,"zamami.okinawa.jp",4,2
"abeno.osaka.jp",ICANN,"*.abeno.osaka.jp",4,2
"abeno.osaka.jp",ICANN,"abeno.osaka.jp",4,2
"chihayaakasaka.osaka.jp",ICANN,"*.chihayaakasaka.osaka.jp",4,2
"chihayaakasaka.osaka.jp",ICANN,"chihayaakasaka.osaka.jp",4,2
"chuo.osaka.jp",ICANN,"*.chuo.osaka.jp",4,2
"chuo.osaka.jp",ICANN,"chuo.osaka.jp",4,2
"daito.osaka.jp",ICANN,"*.daito.osaka.jp",4,2
"daito.osaka.jp",ICANN,"daito.osaka.jp",4,2
"fujiidera.osaka.jp",ICANN,"*.fujiidera.osaka.jp",4,2
"fujiidera.osaka.jp",ICANN,"fujiidera.osaka.jp",4,2
"habikino.osaka.jp",ICANN,"*.habikino.osaka.jp",4,2
"habikino.osaka.jp",ICANN,"habikino.osaka.jp",4,2
"hannan.osaka.jp",ICANN,"*.hannan.osaka.jp",4,2
"hannan.osaka.jp",ICANN,"hannan.osaka.jp",4,2
"higashiosaka.osaka.jp",ICANN,"*.higashiosaka.osaka.jp",4,2
"higashiosaka.osaka.jp",ICANN,"higashiosaka.osaka.jp",4,2
"higashisumiyoshi.osaka.jp",ICANN,"*.higashisumiyoshi.osaka.jp",4,2
"higashisumiyoshi.osaka.jp",ICANN,"higashisumiyoshi.osaka.jp",4,2
"higashiyodogawa.osaka.jp",ICANN,"*.higashiyodogawa.osaka.jp",4,2
"higashiyodogawa.osaka.jp",ICANN,"higashiyodogawa.osaka.jp",4,2
"hirakata.osaka.jp",ICANN,"*.hirakata.osaka.jp",4,2
"hirakata.osaka.jp",ICANN,"hirakata.osaka.jp",4,2
"ibaraki.osaka.jp",ICANN,"*.ibaraki.osaka.jp",4,2
"ibaraki.osaka.jp",ICANN,"ibaraki.osaka.jp",4,2
"ikeda.osaka.jp",ICANN,"*.ikeda.osaka.jp",4,2
"ikeda.osaka.jp",ICANN,"ikeda.osaka.jp",4,2
"izumi.osaka.jp",ICANN,"*.izumi.osaka.jp",4,2
"izumi.osaka.jp",ICANN,"izumi.osaka.jp",4,2
"izumiotsu.osaka.jp",ICANN,"*.izumiotsu.osaka.jp",4,2
"izumiotsu.osaka.jp",ICANN,"izumiotsu.osaka.jp",4,2
"izumisano.osaka.jp",ICANN,"*.izumisano.osaka.jp",4,2
"izumisano.osaka.jp",ICANN,"izumisano.osaka.jp",4,2
"kadoma.osaka.jp",ICANN,"*.kadoma.osaka.jp",4,2
"kadoma.osaka.jp",ICANN,"kadoma.osaka.jp",4,2
"kaizuka.osaka.jp",ICANN,"*.kaizuka.osaka.jp",4,2
"kaizuka.osaka.jp",ICANN,"kaizuka.osaka.jp",4,2
"kanan.osaka.jp",ICANN,"*.kanan.osaka.jp",4,2
"kanan.osaka.jp",ICANN,"kanan.osaka.jp",4,2
"kashiwara.osaka.jp",ICANN,"*.kashiwara.osaka.jp",4,2
"kashiwara.osaka.jp",ICANN,"kashiwara.osaka.jp",4,2
"katano.osaka.jp",ICANN,"*.katano.osaka.jp",4,2
"katano.osaka.jp",ICANN,"katano.osaka.jp",4,2
"kawachinagano.osaka.jp",ICANN,"*.kawachinagano.osaka.jp",4,2
"kawachinagano.osaka.jp",ICANN,"kawachinagano.osaka.jp",4,2
"kishiwada.osaka.jp",ICANN,"*.kishiwada.osaka.jp",4,2
"kishiwada.osaka.jp",ICANN,"kishiwada.osaka.jp",4,2
"kita.osaka.jp",ICANN,"*.kita.osaka.jp",4,2
"kita.osaka.jp",ICANN,"kita.osaka.jp",4,2
"kumatori.osaka.jp",ICANN,"*.kumatori.osaka.jp",4,2
"kumatori.osaka.jp",ICANN,"kumatori.osaka.jp",4,2
"matsubara.osaka.jp",ICANN,"*.matsubara.osaka.jp",4,2
"matsubara.osaka.jp",ICANN,"matsubara.osaka.jp",4,2
"minato.osaka.jp",ICANN,"*.minato.osaka.jp",4,2
"minato.osaka.jp",ICANN,"minato.osaka.jp",4,2
"minoh.osaka.jp",ICANN,"*.minoh.osaka.jp",4,2
"minoh.osaka.jp",ICANN,"minoh.osaka.jp",4,2
"misaki.osaka.jp",ICANN,"*.misaki.osaka.jp",4,2
"misaki.osaka.jp",ICANN,"misaki.osaka.jp",4,2
"moriguchi.osaka.jp",ICANN,"*.moriguchi.osaka.jp",4,2
"moriguchi.osaka.jp",ICANN,"moriguchi.osaka.jp",4,2
"neyagawa.osaka.jp",ICANN,"*.neyagawa.osaka.jp",4,2
"neyagawa.osaka.jp",ICANN,"neyagawa.osaka.jp",4,2
"nishi.osaka.jp",ICANN,"*.nishi.osaka.jp",4,2
"nishi.osaka.jp",ICANN,"nishi.osaka.jp",4,2
"nose.osaka.jp",ICANN,"*.nose.osaka.jp",4,2
"nose.osaka.jp",ICANN,"nose.osaka.jp",4,2
"osakasayama.osaka.jp",ICANN,"*.osakasayama.osaka.jp",4,2
"osakasayama.osaka.jp",ICANN,"osakasayama.osaka.jp",4,2
"sakai.osaka.jp",ICANN,"*.sakai.osaka.jp",4,2
"sakai.osaka.jp",ICANN,"sakai.osaka.jp",4,2
"sayama.osaka.jp",ICANN,"*.sayama.osaka.jp",4,2
"sayama.osaka.jp",ICANN,"sayama.osaka.jp",4,2
"sennan.osaka.jp",ICANN,"*.sennan.osaka.jp",4,2
"sennan.osaka.jp",ICANN,"sennan.osaka.jp",4,2
"settsu.osaka.jp",ICANN,"*.settsu.osaka.jp",4,2
"settsu.osaka.jp",ICANN,"settsu.osaka.jp",4,2
"shijonawate.osaka.jp",ICANN,"*.shijonawate.osaka.jp",4,2
"shijonawate.osaka.jp",ICANN,"shijonawate.osaka.jp",4,2
"shimamoto.osaka.jp",ICANN,"*.shimamoto.osaka.jp",4,2
"shimamoto.osaka.jp",ICANN,"shimamoto.osaka.jp",4,2
"suita.osaka.jp",ICANN,"*.suita.osaka.jp",4,2
"suita.osaka.jp",ICANN,"suita.osaka.jp",4,2
"tadaoka.osaka.jp",ICANN,"*.tadaoka.osaka.jp",4,2
"tadaoka.osaka.jp",ICANN,"tadaoka.osaka.jp",4,2
"taishi.osaka.jp",ICANN,"*.taishi.osaka.jp",4,2
"taishi.osaka.jp",ICANN,"taishi.osaka.jp",4,2
"tajiri.osaka.jp",ICANN,"*.tajiri.osaka.jp",4,2
"tajiri.osaka.jp",ICANN,"tajiri.osaka.jp",4,2
"takaishi.osaka.jp",ICANN,"*.takaishi.osaka.jp",4,2
"takaishi.osaka.jp",ICANN,"takaishi.osaka.jp",4,2
"takatsuki.osaka.jp",ICANN,"*.takatsuki.osaka.jp",4,2
"takatsuki.osaka.jp",ICANN,"takatsuki.osaka.jp",4,2
"tondabayashi.osaka.jp",ICANN,"*.tondabayashi.osaka.jp",4,2
"tondabayashi.osaka.jp",ICANN,"tondabayashi.osaka.jp",4,2
"toyonaka.osaka.jp",ICANN,"*.toyonaka.osaka.jp",4,2
"toyonaka.osaka.jp",ICANN,"toyonaka.osaka.jp",4,2
"toyono.osaka.jp",ICANN,"*.toyono.osaka.jp",4,2
"toyono.osaka.jp",ICANN,"toyono.osaka.jp",4,2
"yao.osaka.jp",ICANN,"*.yao.osaka.jp",4,2
"yao.osaka.jp",ICANN,"yao.osaka.jp",4,2
"ariake.saga.jp",ICANN,"*.ariake.saga.jp",4,2
"ariake.saga.jp",ICANN,"ariake.saga.jp",4,2
"arita.saga.jp",ICANN,"*.arita.saga.jp",4,2
"arita.saga.jp",ICANN,"arita.saga.jp",4,2
"fukudomi.saga.jp",ICANN,"*.fukudomi.saga.jp",4,2
"fukudomi.saga.jp",ICANN,"fukudomi.saga.jp",4,2
"genkai.saga.jp",ICANN,"*.genkai.saga.jp",4,2
"genkai.saga.jp",ICANN,"genkai.saga.jp",4,2
"hamatama.saga.jp",ICANN,"*.hamatama.saga.jp",4,2
"hamatama.saga.jp",ICANN,"hamatama.saga.jp",4,2
"hizen.saga.jp",ICANN,"*.hizen.saga.jp",4,2
"hizen.saga.jp",ICANN,"hizen.saga.jp",4,2
"imari.saga.jp",ICANN,"*.imari.saga.jp",4,2
"imari.saga.jp",ICANN,"imari.saga.jp",4,2
"kamimine.saga.jp",ICANN,"*.kamimine.saga.jp",4,2
"kamimine.saga.jp",ICANN,"kamimine.saga.jp",4,2
"kanzaki.saga.jp",ICANN,"*.kanzaki.saga.jp",4,2
"kanzaki.saga.jp",ICANN,"kanzaki.saga.jp",4,2
"karatsu.saga.jp",ICANN,"*.karatsu.saga.jp",4,2
"karatsu.saga.jp",ICANN,"karatsu.saga.jp",4,2
"kashima.saga.jp",ICANN,"*.kashima.saga.jp",4,2
"kashima.saga.jp",ICANN,"kashima.saga.jp",4,2
"kitagata.saga.jp",ICANN,"*.kitagata.saga.jp",4,2
"kitagata.saga.jp",ICANN,"kitagata.saga.jp",4,2
"kitahata.saga.jp",ICANN,"*.kitahata.saga.jp",4,2
"kitahata.saga.jp",ICANN,"kitahata.saga.jp",4,2
"kiyama.saga.jp",ICANN,"*.kiyama.saga.jp",4,2
"kiyama.saga.jp",ICANN,"kiyama.saga.jp",4,2
"kouhoku.saga.jp",ICANN,"*.kouhoku.saga.jp",4,2
"kouhoku.saga.jp",ICANN,"kouhoku.saga.jp",4,2
"kyuragi.saga.jp",ICANN,"*.kyuragi.saga.jp",4,2
"kyuragi.saga.jp",ICANN,"kyuragi.saga.jp",4,2
"nishiarita.saga.jp",ICANN,"*.nishiarita.saga.jp",4,2
"nishiarita.saga.jp",ICANN,"nishiarita.saga.jp",4,2
"ogi.saga.jp",ICANN,"*.ogi.saga.jp",4,2
"ogi.saga.jp",ICANN,"ogi.saga.jp",4,2
"omachi.saga.jp",ICANN,"*.omachi.saga.jp",4,2
"omachi.saga.jp",ICANN,"omachi.saga.jp",4,2
"ouchi.saga.jp",ICANN,"*.ouchi.saga.jp",4,2
"ouchi.saga.jp",ICANN,"ouchi.saga.jp",4,2
"saga.saga.jp",ICANN,"*.saga.saga.jp",4,2
"saga.saga.jp",ICANN,"saga.saga.jp",4,2
"shiroishi.saga.jp",ICANN,"*.shiroishi.saga.jp",4,2
"shiroishi.saga.jp",ICANN,"shiroishi.saga.jp",4,2
"taku.saga.jp",ICANN,"*.taku.saga.jp",4,2
"taku.saga.jp",ICANN,"taku.saga.jp",4,2
"tara.saga.jp",ICANN,"*.tara.saga.jp",4,2
"tara.saga.jp",ICANN,"tara.saga.jp",4,2
"tosu.saga.jp",ICANN,"*.tosu.saga.jp",4,2
"tosu.saga.jp",ICANN,"tosu.saga.jp",4,2
"yoshinogari.saga.jp",ICANN,"*.yoshinogari.saga.jp",4,2
"yoshinogari.saga.jp",ICANN,"yoshinogari.saga.jp",4,2
"arakawa.saitama.jp",ICANN,"*.arakawa.saitama.jp",4,2
"arakawa.saitama.jp",ICANN,"arakawa.saitama.jp",4,2
"asaka.saitama.jp",ICANN,"*.asaka.saitama.jp",4,2
"asaka.saitama.jp",ICANN,"asaka.saitama.jp",4,2
"chichibu.saitama.jp",ICANN,"*.chichibu.saitama.jp",4,2
"chichibu.saitama.jp",ICANN,"chichibu.saitama.jp",4,2
"fujimi.saitama.jp",ICANN,"*.fujimi.saitama.jp",4,2
"fujimi.saitama.jp",ICANN,"fujimi.saitama.jp",4,2
"fujimino.saitama.jp",ICANN,"*.fujimino.saitama.jp",4,2
"fujimino.saitama.jp",ICANN,"fujimino.saitama.jp",4,2
"fukaya.saitama.jp",ICANN,"*.fukaya.saitama.jp",4,2
"fukaya.saitama.jp",ICANN,"fukaya.saitama.jp",4,2
"hanno.saitama.jp",ICANN,"*.hanno.saitama.jp",4,2
"hanno.saitama.jp",ICANN,"hanno.saitama.jp",4,2
"hanyu.saitama.jp",ICANN,"*.hanyu.saitama.jp",4,2
"hanyu.saitama.jp",ICANN,"hanyu.saitama.jp",4,2
"hasuda.saitama.jp",ICANN,"*.hasuda.saitama.jp",4,2
"hasuda.saitama.jp",ICANN,"hasuda.saitama.jp",4,2
"hatogaya.saitama.jp",ICANN,"*.hatogaya.saitama.jp",4,2
"hatogaya.saitama.jp",ICANN,"hatogaya.saitama.jp",4,2
"hatoyama.saitama.jp",ICANN,"*.hatoyama.saitama.jp",4,2
"hatoyama.saitama.jp",ICANN,"hatoyama.saitama.jp",4,2
"hidaka.saitama.jp",ICANN,"*.hidaka.saitama.jp",4,2
"hidaka.saitama.jp",ICANN,"hidaka.saitama.jp",4,2
"higashichichibu.saitama.jp",ICANN,"*.higashichichibu.saitama.jp",4,2
"higashichichibu.saitama.jp",ICANN,"higashichichibu.saitama.jp",4,2
"higashimatsuyama.saitama.jp",ICANN,"*.higashimatsuyama.saitama.jp",4,2
"higashimatsuyama.saitama.jp",ICANN,"higashimatsuyama.saitama.jp",4,2
"honjo.saitama.jp",ICANN,"*.honjo.saitama.jp",4,2
"honjo.saitama.jp",ICANN,"honjo.saitama.jp",4,2
"ina.saitama.jp",ICANN,"*.ina.saitama.jp",4,2
"ina.saitama.jp",ICANN,"ina.saitama.jp",4,2
"iruma.saitama.jp",ICANN,"*.iruma.saitama.jp",4,2
"iruma.saitama.jp",ICANN,"iruma.saitama.jp",4,2
"iwatsuki.saitama.jp",ICANN,"*.iwatsuki.saitama.jp",4,2
"iwatsuki.saitama.jp",ICANN,"iwatsuki.saitama.jp",4,2
"kamiizumi.saitama.jp",ICANN,"*.kamiizumi.saitama.jp",4,2
"kamiizumi.saitama.jp",ICANN,"kamiizumi.saitama.jp",4,2
"kamikawa.saitama.jp",ICANN,"*.kamikawa.saitama.jp",4,2
"kamikawa.saitama.jp",ICANN,"kamikawa.saitama.jp",4,2
"kamisato.saitama.jp",ICANN,"*.kamisato.saitama.jp",4,2
"kamisato.saitama.jp",ICANN,"kamisato.saitama.jp",4,2
"kasukabe.saitama.jp",ICANN,"*.kasukabe.saitama.jp",4,2
"kasukabe.saitama.jp",ICANN,"kasukabe.saitama.jp",4,2
"kawagoe.saitama.jp",ICANN,"*.kawagoe.saitama.jp",4,2
"kawagoe.saitama.jp",ICANN,"kawagoe.saitama.jp",4,2
"kawaguchi.saitama.jp",ICANN,"*.kawaguchi.saitama.jp",4,2
"kawaguchi.saitama.jp",ICANN,"kawaguchi.saitama.jp",4,2
"kawajima.saitama.jp",ICANN,"*.kawajima.saitama.jp",4,2
"kawajima.saitama.jp",ICANN,"kawajima.saitama.jp",4,2
"kazo.saitama.jp",ICANN,"*.kazo.saitama.jp",4,2
"kazo.saitama.jp",ICANN,"kazo.saitama.jp",4,2
"kitamoto.saitama.jp",ICANN,"*.kitamoto.saitama.jp",4,2
"kitamoto.saitama.jp",ICANN,"kitamoto.saitama.jp",4,2
"koshigaya.saitama.jp",ICANN,"*.koshigaya.saitama.jp",4,2
"koshigaya.saitama.jp",ICANN,"koshigaya.saitama.jp",4,2
"kounosu.saitama.jp",ICANN,"*.kounosu.saitama.jp",4,2
"kounosu.saitama.jp",ICANN,"kounosu.saitama.jp",4,2
"kuki.saitama.jp",ICANN,"*.kuki.saitama.jp",4,2
"kuki.saitama.jp",ICANN,"kuki.saitama.jp",4,2
"kumagaya.saitama.jp",ICANN,"*.kumagaya.saitama.jp",4,2
"kumagaya.saitama.jp",ICANN,"kumagaya.saitama.jp",4,2
"matsubushi.saitama.jp",ICANN,"*.matsubushi.saitama.jp",4,2
"matsubushi.saitama.jp",ICANN,"matsubushi.saitama.jp",4,2
"minano.saitama.jp",ICANN,"*.minano.saitama.jp",4,2
"minano.saitama.jp",ICANN,"minano.saitama.jp",4,2
"misato.saitama.jp",ICANN,"*.misato.saitama.jp",4,2
"misato.saitama.jp",ICANN,"misato.saitama.jp",4,2
"miyashiro.saitama.jp",ICANN,"*.miyashiro.saitama.jp",4,2
"miyashiro.saitama.jp",ICANN,"miyashiro.saitama.jp",4,2
"miyoshi.saitama.jp",ICANN,"*.miyoshi.saitama.jp",4,2
"miyoshi.saitama.jp",ICANN,"miyoshi.saitama.jp",4,2
"moroyama.saitama.jp",ICANN,"*.moroyama.saitama.jp",4,2
"moroyama.saitama.jp",ICANN,"moroyama.saitama.jp",4,2
"nagatoro.saitama.jp",ICANN,"*.nagatoro.saitama.jp",4,2
"nagatoro.saitama.jp",ICANN,"nagatoro.saitama.jp",4,2
"namegawa.saitama.jp",ICANN,"*.namegawa.saitama.jp",4,2
"namegawa.saitama.jp",ICANN,"namegawa.saitama.jp",4,2
"niiza.saitama.jp",ICANN,"*.niiza.saitama.jp",4,2
"niiza.saitama.jp",ICANN,"niiza.saitama.jp",4,2
"ogano.saitama.jp",ICANN,"*.ogano.saitama.jp",4,2
"ogano.saitama.jp",ICANN,"ogano.saitama.jp",4,2
"ogawa.saitama.jp",ICANN,"*.ogawa.saitama.jp",4,2
"ogawa.saitama.jp",ICANN,"ogawa.saitama.jp",4,2
"ogose.saitama.jp",ICANN,"*.ogose.saitama.jp",4,2
"ogose.saitama.jp",ICANN,"ogose.saitama.jp",4,2
"okegawa.saitama.jp",ICANN,"*.okegawa.saitama.jp",4,2
"okegawa.saitama.jp",ICANN,"okegawa.saitama.jp",4,2
"omiya.saitama.jp",ICANN,"*.omiya.saitama.jp",4,2
"omiya.saitama.jp",ICANN,"omiya.saitama.jp",4,2
"otaki.saitama.jp",ICANN,"*.otaki.saitama.jp",4,2
"otaki.saitama.jp",ICANN,"otaki.saitama.jp",4,2
"ranzan.saitama.jp",ICANN,"*.ranzan.saitama.jp",4,2
"ranzan.saitama.jp",ICANN,"ranzan.saitama.jp",4,2
"ryokami.saitama.jp",ICANN,"*.ryokami.saitama.jp",4,2
"ryokami.saitama.jp",ICANN,"ryokami.saitama.jp",4,2
"saitama.saitama.jp",ICANN,"*.saitama.saitama.jp",4,2
"saitama.saitama.jp",ICANN,"saitama.saitama.jp",4,2
"sakado.saitama.jp",ICANN,"*.sakado.saitama.jp",4,2
"sakado.saitama.jp",ICANN,"sakado.saitama.jp",4,2
"satte.saitama.jp",ICANN,"*.satte.saitama.jp",4,2
"satte.saitama.jp",ICANN,"satte.saitama.jp",4,2
"sayama.saitama.jp",ICANN,"*.sayama.saitama.jp",4,2
"sayama.saitama.jp",ICANN,"sayama.saitama.jp",4,2
"shiki.saitama.jp",ICANN,"*.shiki.saitama.jp",4,2
"shiki.saitama.jp",ICANN,"shiki.saitama.jp",4,2
"shiraoka.saitama.jp",ICANN,"*.shiraoka.saitama.jp",4,2
"shiraoka.saitama.jp",ICANN,"shiraoka.saitama.jp",4,2
"soka.saitama.jp",ICANN,"*.soka.saitama.jp",4,2
"soka.saitama.jp",ICANN,"soka.saitama.jp",4,2
"sugito.saitama.jp",ICANN,"*.sugito.saitama.jp",4,2
"sugito.saitama.jp",ICANN,"sugito.saitama.jp",4,2
"toda.saitama.jp",ICANN,"*.toda.saitama.jp",4,2
"toda.saitama.jp",ICANN,"toda.saitama.jp",4,2
"tokigawa.saitama.jp",ICANN,"*.tokigawa.saitama.jp",4,2
"tokigawa.saitama.jp",ICANN,"tokigawa.saitama.jp",4,2
"tokorozawa.saitama.jp",ICANN,"*.tokorozawa.saitama.jp",4,2
"tokorozawa.saitama.jp",ICANN,"tokorozawa.saitama.jp",4,2
"tsurugashima.saitama.jp",ICANN,"*.tsurugashima.saitama.jp",4,2
"tsurugashima.saitama.jp",ICANN,"tsurugashima.saitama.jp",4,2
"urawa.saitama.jp",ICANN,"*.urawa.saitama.jp",4,2
"urawa.saitama.jp",ICANN,"urawa.saitama.jp",4,2
"warabi.saitama.jp",ICANN,"*.warabi.saitama.jp",4,2
"warabi.saitama.jp",ICANN,"warabi.saitama.jp",4,2
"yashio.saitama.jp",ICANN,"*.yashio.saitama.jp",4,2
"yashio.saitama.jp",ICANN,"yashio.saitama.jp",4,2
"yokoze.saitama.jp",ICANN,"*.yokoze.saitama.jp",4,2
"yokoze.saitama.jp",ICANN,"yokoze.saitama.jp",4,2
"yono.saitama.jp",ICANN,"*.yono.saitama.jp",4,2
"yono.saitama.jp",ICANN,"yono.saitama.jp",4,2
"yorii.saitama.jp",ICANN,"*.yorii.saitama.jp",4,2
"yorii.saitama.jp",ICANN,"yorii.saitama.jp",4,2
"yoshida.saitama.jp",ICANN,"*.yoshida.saitama.jp",4,2
"yoshida.saitama.jp",ICANN,"yoshida.saitama.jp",4,2
"yoshikawa.saitama.jp",ICANN,"*.yoshikawa.saitama.jp",4,2
"yoshikawa.saitama.jp",ICANN,"yoshikawa.saitama.jp",4,2
"yoshimi.saitama.jp",ICANN,"*.yoshimi.saitama.jp",4,2
"yoshimi.saitama.jp",ICANN,"yoshimi.saitama.jp",4,2
"aisho.shiga.jp",ICANN,"*.aisho.shiga.jp",4,2
"aisho.shiga.jp",ICANN,"aisho.shiga.jp",4,2
"gamo.shiga.jp",ICANN,"*.gamo.shiga.jp",4,2
"gamo.shiga.jp",ICANN,"gamo.shiga.jp",4,2
"higashiomi.shiga.jp",ICANN,"*.higashiomi.shiga.jp",4,2
"higashiomi.shiga.jp",ICANN,"higashiomi.shiga.jp",4,2
"hikone.shiga.jp",ICANN,"*.hikone.shiga.jp",4,2
"hikone.shiga.jp",ICANN,"hikone.shiga.jp",4,2
"koka.shiga.jp",ICANN,"*.koka.shiga.jp",4,2
"koka.shiga.jp",ICANN,"koka.shiga.jp",4,2
"konan.shiga.jp",ICANN,"*.konan.shiga.jp",4,2
"konan.shiga.jp",ICANN,"konan.shiga.jp",4,2
"kosei.shiga.jp",ICANN,"*.kosei.shiga.jp",4,2
"kosei.shiga.jp",ICANN,"kosei.shiga.jp",4,2
"koto.shiga.jp",ICANN,"*.koto.shiga.jp",4,2
"koto.shiga.jp",ICANN,"koto.shiga.jp",4,2
"kusatsu.shiga.jp",ICANN,"*.kusatsu.shiga.jp",4,2
"kusatsu.shiga.jp",ICANN,"kusatsu.shiga.jp",4,2
"maibara.shiga.jp",ICANN,"*.maibara.shiga.jp",4,2
"maibara.shiga.jp",ICANN,"maibara.shiga.jp",4,2
"moriyama.shiga.jp",ICANN,"*.moriyama.shiga.jp",4,2
"moriyama.shiga.jp",ICANN,"moriyama.shiga.jp",4,2
"nagahama.shiga.jp",ICANN,"*.nagahama.shiga.jp",4,2
"nagahama.shiga.jp",ICANN,"nagahama.shiga.jp",4,2
"nishiazai.shiga.jp",ICANN,"*.nishiazai.shiga.jp",4,2
"nishiazai.shiga.jp",ICANN,"nishiazai.shiga.jp",4,2
"notogawa.shiga.jp",ICANN,"*.notogawa.shiga.jp",4,2
"notogawa.shiga.jp",ICANN,"notogawa.shiga.jp",4,2
"omihachiman.shiga.jp",ICANN,"*.omihachiman.shiga.jp",4,2
"omihachiman.shiga.jp",ICANN,"omihachiman.shiga.jp",4,2
"otsu.shiga.jp",ICANN,"*.otsu.shiga.jp",4,2
"otsu.shiga.jp",ICANN,"otsu.shiga.jp",4,2
"ritto.shiga.jp",ICANN,"*.ritto.shiga.jp",4,2
"ritto.shiga.jp",ICANN,"ritto.shiga.jp",4,2
"ryuoh.shiga.jp",ICANN,"*.ryuoh.shiga.jp",4,2
"ryuoh.shiga.jp",ICANN,"ryuoh.shiga.jp",4,2
"takashima.shiga.jp",ICANN,"*.takashima.shiga.jp",4,2
"takashima.shiga.jp",ICANN,"takashima.shiga.jp",4,2
"takatsuki.shiga.jp",ICANN,"*.takatsuki.shiga.jp",4,2
"takatsuki.shiga.jp",ICANN,"takatsuki.shiga.jp",4,2
"torahime.shiga.jp",ICANN,"*.torahime.shiga.jp",4,2
"torahime.shiga.jp",ICANN,"torahime.shiga.jp",4,2
"toyosato.shiga.jp",ICANN,"*.toyosato.shiga.jp",4,2
"toyosato.shiga.jp",ICANN,"toyosato.shiga.jp",4,2
"yasu.shiga.jp",ICANN,"*.yasu.shiga.jp",4,2
"yasu.shiga.jp",ICANN,"yasu.shiga.jp",4,2
"akagi.shimane.jp",ICANN,"*.akagi.shimane.jp",4,2
"akagi.shimane.jp",ICANN,"akagi.shimane.jp",4,2
"ama.shimane.jp",ICANN,"*.ama.shimane.jp",4,2
"ama.shimane.jp",ICANN,"ama.shimane.jp",4,2
"gotsu.shimane.jp",ICANN,"*.gotsu.shimane.jp",4,2
"gotsu.shimane.jp",ICANN,"gotsu.shimane.jp",4,2
"hamada.shimane.jp",ICANN,"*.hamada.shimane.jp",4,2
"hamada.shimane.jp",ICANN,"hamada.shimane.jp",4,2
"higashiizumo.shimane.jp",ICANN,"*.higashiizumo.shimane.jp",4,2
"higashiizumo.shimane.jp",ICANN,"higashiizumo.shimane.jp",4,2
"hikawa.shimane.jp",ICANN,"*.hikawa.shimane.jp",4,2
"hikawa.shimane.jp",ICANN,"hikawa.shimane.jp",4,2
"hikimi.shimane.jp",ICANN,"*.hikimi.shimane.jp",4,2
"hikimi.shimane.jp",ICANN,"hikimi.shimane.jp",4,2
"izumo.shimane.jp",ICANN,"*.izumo.shimane.jp",4,2
"izumo.shimane.jp",ICANN,"izumo.shimane.jp",4,2
"kakinoki.shimane.jp",ICANN,"*.kakinoki.shimane.jp",4,2
"kakinoki.shimane.jp",ICANN,"kakinoki.shimane.jp",4,2
"masuda.shimane.jp",ICANN,"*.masuda.shimane.jp",4,2
"masuda.shimane.jp",ICANN,"masuda.shimane.jp",4,2
"matsue.shimane.jp",ICANN,"*.matsue.shimane.jp",4,2
"matsue.shimane.jp",ICANN,"matsue.shimane.jp",4,2
"misato.shimane.jp",ICANN,"*.misato.shimane.jp",4,2
"misato.shimane.jp",ICANN,"misato.shimane.jp",4,2
"nishinoshima.shimane.jp",ICANN,"*.nishinoshima.shimane.jp",4,2
"nishinoshima.shimane.jp",ICANN,"nishinoshima.shimane.jp",4,2
"ohda.shimane.jp",ICANN,"*.ohda.shimane.jp",4,2
"ohda.shimane.jp",ICANN,"ohda.shimane.jp",4,2
"okinoshima.shimane.jp",ICANN,"*.okinoshima.shimane.jp",4,2
"okinoshima.shimane.jp",ICANN,"okinoshima.shimane.jp",4,2
"okuizumo.shimane.jp",ICANN,"*.okuizumo.shimane.jp",4,2
"okuizumo.shimane.jp",ICANN,"okuizumo.shimane.jp",4,2
"shimane.shimane.jp",ICANN,"*.shimane.shimane.jp",4,2
"shimane.shimane.jp",ICANN,"shimane.shimane.jp",4,2
"tamayu.shimane.jp",ICANN,"*.tamayu.shimane.jp",4,2
"tamayu.shimane.jp",ICANN,"tamayu.shimane.jp",4,2
"tsuwano.shimane.jp",ICANN,"*.tsuwano.shimane.jp",4,2
"tsuwano.shimane.jp",ICANN,"tsuwano.shimane.jp",4,2
"unnan.shimane.jp",ICANN,"*.unnan.shimane.jp",4,2
"unnan.shimane.jp",ICANN,"unnan.shimane.jp",4,2
"yakumo.shimane.jp",ICANN,"*.yakumo.shimane.jp",4,2
"yakumo.shimane.jp",ICANN,"yakumo.shimane.jp",4,2
"yasugi.shimane.jp",ICANN,"*.yasugi.shimane.jp",4,2
"yasugi.shimane.jp",ICANN,"yasugi.shimane.jp",4,2
"yatsuka.shimane.jp",ICANN,"*.yatsuka.shimane.jp",4,2
"yatsuka.shimane.jp",ICANN,"yatsuka.shimane.jp",4,2
"arai.shizuoka.jp",ICANN,"*.arai.shizuoka.jp",4,2
"arai.shizuoka.jp",ICANN,"arai.shizuoka.jp",4,2
"atami.shizuoka.jp",ICANN,"*.atami.shizuoka.jp",4,2
"atami.shizuoka.jp",ICANN,"atami.shizuoka.jp",4,2
"fuji.shizuoka.jp",ICANN,"*.fuji.shizuoka.jp",4,2
"fuji.shizuoka.jp",ICANN,"fuji.shizuoka.jp",4,2
"fujieda.shizuoka.jp",ICANN,"*.fujieda.shizuoka.jp",4,2
"fujieda.shizuoka.jp",ICANN,"fujieda.shizuoka.jp",4,2
"fujikawa.shizuoka.jp",ICANN,"*.fujikawa.shizuoka.jp",4,2
"fujikawa.shizuoka.jp",ICANN,"fujikawa.shizuoka.jp",4,2
"fujinomiya.shizuoka.jp",ICANN,"*.fujinomiya.shizuoka.jp",4,2
"fujinomiya.shizuoka.jp",ICANN,"fujinomiya.shizuoka.jp",4,2
"fukuroi.shizuoka.jp",ICANN,"*.fukuroi.shizuoka.jp",4,2
"fukuroi.shizuoka.jp",ICANN,"fukuroi.shizuoka.jp",4,2
"gotemba.shizuoka.jp",ICANN,"*.gotemba.shizuoka.jp",4,2
"gotemba.shizuoka.jp",ICANN,"gotemba.shizuoka.jp",4,2
"haibara.shizuoka.jp",ICANN,"*.haibara.shizuoka.jp",4,2
"haibara.shizuoka.jp",ICANN,"haibara.shizuoka.jp",4,2
"hamamatsu.shizuoka.jp",ICANN,"*.hamamatsu.shizuoka.jp",4,2
"hamamatsu.shizuoka.jp",ICANN,"hamamatsu.shizuoka.jp",4,2
"higashiizu.shizuoka.jp",ICANN,"*.higashiizu.shizuoka.jp",4,2
"higashiizu.shizuoka.jp",ICANN,"higashiizu.shizuoka.jp",4,2
"ito.shizuoka.jp",ICANN,"*.ito.shizuoka.jp",4,2
"ito.shizuoka.jp",ICANN,"ito.shizuoka.jp",4,2
"iwata.shizuoka.jp",ICANN,"*.iwata.shizuoka.jp",4,2
"iwata.shizuoka.jp",ICANN,"iwata.shizuoka.jp",4,2
"izu.shizuoka.jp",ICANN,"*.izu.shizuoka.jp",4,2
"izu.shizuoka.jp",ICANN,"izu.shizuoka.jp",4,2
"izunokuni.shizuoka.jp",ICANN,"*.izunokuni.shizuoka.jp",4,2
"izunokuni.shizuoka.jp",ICANN,"izunokuni.shizuoka.jp",4,2
"kakegawa.shizuoka.jp",ICANN,"*.kakegawa.shizuoka.jp",4,2
"kakegawa.shizuoka.jp",ICANN,"kakegawa.shizuoka.jp",4,2
"kannami.shizuoka.jp",ICANN,"*.kannami.shizuoka.jp",4,2
"kannami.shizuoka.jp",ICANN,"kannami.shizuoka.jp",4,2
"kawanehon.shizuoka.jp",ICANN,"*.kawanehon.shizuoka.jp",4,2
"kawanehon.shizuoka.jp",ICANN,"kawanehon.shizuoka.jp",4,2
"kawazu.shizuoka.jp",ICANN,"*.kawazu.shizuoka.jp",4,2
"kawazu.shizuoka.jp",ICANN,"kawazu.shizuoka.jp",4,2
"kikugawa.shizuoka.jp",ICANN,"*.kikugawa.shizuoka.jp",4,2
"kikugawa.shizuoka.jp",ICANN,"kikugawa.shizuoka.jp",4,2
"kosai.shizuoka.jp",ICANN,"*.kosai.shizuoka.jp",4,2
"kosai.shizuoka.jp",ICANN,"kosai.shizuoka.jp",4,2
"makinohara.shizuoka.jp",ICANN,"*.makinohara.shizuoka.jp",4,2
"makinohara.shizuoka.jp",ICANN,"makinohara.shizuoka.jp",4,2
"matsuzaki.shizuoka.jp",ICANN,"*.matsuzaki.shizuoka.jp",4,2
"matsuzaki.shizuoka.jp",ICANN,"matsuzaki.shizuoka.jp",4,2
"minamiizu.shizuoka.jp",ICANN,"*.minamiizu.shizuoka.jp",4,2
"minamiizu.shizuoka.jp",ICANN,"minamiizu.shizuoka.jp",4,2
"mishima.shizuoka.jp",ICANN,"*.mishima.shizuoka.jp",4,2
"mishima.shizuoka.jp",ICANN,"mishima.shizuoka.jp",4,2
"morimachi.shizuoka.jp",ICANN,"*.morimachi.shizuoka.jp",4,2
"morimachi.shizuoka.jp",ICANN,"morimachi.shizuoka.jp",4,2
"nishiizu.shizuoka.jp",ICANN,"*.nishiizu.shizuoka.jp",4,2
"nishiizu.shizuoka.jp",ICANN,"nishiizu.shizuoka.jp",4,2
"numazu.shizuoka.jp",ICANN,"*.numazu.shizuoka.jp",4,2
"numazu.shizuoka.jp",ICANN,"numazu.shizuoka.jp",4,2
"omaezaki.shizuoka.jp",ICANN,"*.omaezaki.shizuoka.jp",4,2
"omaezaki.shizuoka.jp",ICANN,"omaezaki.shizuoka.jp",4,2
"shimada.shizuoka.jp",ICANN,"*.shimada.shizuoka.jp",4,2
"shimada.shizuoka.jp",ICANN,"shimada.shizuoka.jp",4,2
"shimizu.shizuoka.jp",ICANN,"*.shimizu.shizuoka.jp",4,2
"shimizu.shizuoka.jp",ICANN,"shimizu.shizuoka.jp",4,2
"shimoda.shizuoka.jp",ICANN,"*.shimoda.shizuoka.jp",4,2
"shimoda.shizuoka.jp",ICANN,"shimoda.shizuoka.jp",4,2
"shizuoka.shizuoka.jp",ICANN,"*.shizuoka.shizuoka.jp",4,2
"shizuoka.shizuoka.jp",ICANN,"shizuoka.shizuoka.jp",4,2
"susono.shizuoka.jp",ICANN,"*.susono.shizuoka.jp",4,2
"susono.shizuoka.jp",ICANN,"susono.shizuoka.jp",4,2
"yaizu.shizuoka.jp",ICANN,"*.yaizu.shizuoka.jp",4,2
"yaizu.shizuoka.jp",ICANN,"yaizu.shizuoka.jp",4,2
"yoshida.shizuoka.jp",ICANN,"*.yoshida.shizuoka.jp",4,2
"yoshida.shizuoka.jp",ICANN,"yoshida.shizuoka.jp",4,2
"ashikaga.tochigi.jp",ICANN,"*.ashikaga.tochigi.jp",4,2
"ashikaga.tochigi.jp",ICANN,"ashikaga.tochigi.jp",4,2
"bato.tochigi.jp",ICANN,"*.bato.tochigi.jp",4,2
"bato.tochigi.jp",ICANN,"bato.tochigi.jp",4,2
"haga.tochigi.jp",ICANN,"*.haga.tochigi.jp",4,2
"haga.tochigi.jp",ICANN,"haga.tochigi.jp",4,2
"ichikai.tochigi.jp",ICANN,"*.ichikai.tochigi.jp",4,2
"ichikai.tochigi.jp",ICANN,"ichikai.tochigi.jp",4,2
"iwafune.tochigi.jp",ICANN,"*.iwafune.tochigi.jp",4,2
"iwafune.tochigi.jp",ICANN,"iwafune.tochigi.jp",4,2
"kaminokawa.tochigi.jp",ICANN,"*.kaminokawa.tochigi.jp",4,2
"kaminokawa.tochigi.jp",ICANN,"kaminokawa.tochigi.jp",4,2
"kanuma.tochigi.jp",ICANN,"*.kanuma.tochigi.jp",4,2
"kanuma.tochigi.jp",ICANN,"kanuma.tochigi.jp",4,2
"karasuyama.tochigi.jp",ICANN,"*.karasuyama.tochigi.jp",4,2
"karasuyama.tochigi.jp",ICANN,"karasuyama.tochigi.jp",4,2
"kuroiso.tochigi.jp",ICANN,"*.kuroiso.tochigi.jp",4,2
"kuroiso.tochigi.jp",ICANN,"kuroiso.tochigi.jp",4,2
"mashiko.tochigi.jp",ICANN,"*.mashiko.tochigi.jp",4,2
"mashiko.tochigi.jp",ICANN,"mashiko.tochigi.jp",4,2
"mibu.tochigi.jp",ICANN,"*.mibu.tochigi.jp",4,2
"mibu.tochigi.jp",ICANN,"mibu.tochigi.jp",4,2
"moka.tochigi.jp",ICANN,"*.moka.tochigi.jp",4,2
"moka.tochigi.jp",ICANN,"moka.tochigi.jp",4,2
"motegi.tochigi.jp",ICANN,"*.motegi.tochigi.jp",4,2
"motegi.tochigi.jp",ICANN,"motegi.tochigi.jp",4,2
"nasu.tochigi.jp",ICANN,"*.nasu.tochigi.jp",4,2
"nasu.tochigi.jp",ICANN,"nasu.tochigi.jp",4,2
"nasushiobara.tochigi.jp",ICANN,"*.nasushiobara.tochigi.jp",4,2
"nasushiobara.tochigi.jp",ICANN,"nasushiobara.tochigi.jp",4,2
"nikko.tochigi.jp",ICANN,"*.nikko.tochigi.jp",4,2
"nikko.tochigi.jp",ICANN,"nikko.tochigi.jp",4,2
"nishikata.tochigi.jp",ICANN,"*.nishikata.tochigi.jp",4,2
"nishikata.tochigi.jp",ICANN,"nishikata.tochigi.jp",4,2
"nogi.tochigi.jp",ICANN,"*.nogi.tochigi.jp",4,2
"nogi.tochigi.jp",ICANN,"nogi.tochigi.jp",4,2
"ohira.tochigi.jp",ICANN,"*.ohira.tochigi.jp",4,2
"ohira.tochigi.jp",ICANN,"ohira.tochigi.jp",4,2
"ohtawara.tochigi.jp",ICANN,"*.ohtawara.tochigi.jp",4,2
"ohtawara.tochigi.jp",ICANN,"ohtawara.tochigi.jp",4,2
"oyama.tochigi.jp",ICANN,"*.oyama.tochigi.jp",4,2
"oyama.tochigi.jp",ICANN,"oyama.tochigi.jp",4,2
"sakura.tochigi.jp",ICANN,"*.sakura.tochigi.jp",4,2
"sakura.tochigi.jp",ICANN,"sakura.tochigi.jp",4,2
"sano.tochigi.jp",ICANN,"*.sano.tochigi.jp",4,2
"sano.tochigi.jp",ICANN,"sano.tochigi.jp",4,2
"shimotsuke.tochigi.jp",ICANN,"*.shimotsuke.tochigi.jp",4,2
"shimotsuke.tochigi.jp",ICANN,"shimotsuke.tochigi.jp",4,2
"shioya.tochigi.jp",ICANN,"*.shioya.tochigi.jp",4,2
"shioya.tochigi.jp",ICANN,"shioya.tochigi.jp",4,2
"takanezawa.tochigi.jp",ICANN,"*.takanezawa.tochigi.jp",4,2
"takanezawa.tochigi.jp",ICANN,"takanezawa.tochigi.jp",4,2
"tochigi.tochigi.jp",ICANN,"*.tochigi.tochigi.jp",4,2
"tochigi.tochigi.jp",ICANN,"tochigi.tochigi.jp",4,2
"tsuga.tochigi.jp",ICANN,"*.tsuga.tochigi.jp",4,2
"tsuga.tochigi.jp",ICANN,"tsuga.tochigi.jp",4,2
"ujiie.tochigi.jp",ICANN,"*.ujiie.tochigi.jp",4,2
"ujiie.tochigi.jp",ICANN,"ujiie.tochigi.jp",4,2
"utsunomiya.tochigi.jp",ICANN,"*.utsunomiya.tochigi.jp",4,2
"utsunomiya.tochigi.jp",ICANN,"utsunomiya.tochigi.jp",4,2
"yaita.tochigi.jp",ICANN,"*.yaita.tochigi.jp",4,2
"yaita.tochigi.jp",ICANN,"yaita.tochigi.jp",4,2
"aizumi.tokushima.jp",ICANN,"*.aizumi.tokushima.jp",4,2
"aizumi.tokushima.jp",ICANN,"aizumi.tokushima.jp",4,2
"anan.tokushima.jp",ICANN,"*.anan.tokushima.jp",4,2
"anan.tokushima.jp",ICANN,"anan.tokushima.jp",4,2
"ichiba.tokushima.jp",ICANN,"*.ichiba.tokushima.jp",4,2
"ichiba.tokushima.jp",ICANN,"ichiba.tokushima.jp",4,2
"itano.tokushima.jp",ICANN,"*.itano.tokushima.jp",4,2
"itano.tokushima.jp",ICANN,"itano.tokushima.jp",4,2
"kainan.tokushima.jp",ICANN,"*.kainan.tokushima.jp",4,2
"kainan.tokushima.jp",ICANN,"kainan.tokushima.jp",4,2
"komatsushima.tokushima.jp",ICANN,"*.komatsushima.tokushima.jp",4,2
"komatsushima.tokushima.jp",ICANN,"komatsushima.tokushima.jp",4,2
"matsushige.tokushima.jp",ICANN,"*.matsushige.tokushima.jp",4,2
"matsushige.tokushima.jp",ICANN,"matsushige.tokushima.jp",4,2
"mima.tokushima.jp",ICANN,"*.mima.tokushima.jp",4,2
"mima.tokushima.jp",ICANN,"mima.tokushima.jp",4,2
"minami.tokushima.jp",ICANN,"*.minami.tokushima.jp",4,2
"minami.tokushima.jp",ICANN,"minami.tokushima.jp",4,2
"miyoshi.tokushima.jp",ICANN,"*.miyoshi.tokushima.jp",4,2
"miyoshi.tokushima.jp",ICANN,"miyoshi.tokushima.jp",4,2
"mugi.tokushima.jp",ICANN,"*.mugi.tokushima.jp",4,2
"mugi.tokushima.jp",ICANN,"mugi.tokushima.jp",4,2
"nakagawa.tokushima.jp",ICANN,"*.nakagawa.tokushima.jp",4,2
"nakagawa.tokushima.jp",ICANN,"nakagawa.tokushima.jp",4,2
"naruto.tokushima.jp",ICANN,"*.naruto.tokushima.jp",4,2
"naruto.tokushima.jp",ICANN,"naruto.tokushima.jp",4,2
"sanagochi.tokushima.jp",ICANN,"*.sanagochi.tokushima.jp",4,2
"sanagochi.tokushima.jp",ICANN,"sanagochi.tokushima.jp",4,2
"shishikui.tokushima.jp",ICANN,"*.shishikui.tokushima.jp",4,2
"shishikui.tokushima.jp",ICANN,"shishikui.tokushima.jp",4,2
"tokushima.tokushima.jp",ICANN,"*.tokushima.tokushima.jp",4,2
"tokushima.tokushima.jp",ICANN,"tokushima.tokushima.jp",4,2
"wajiki.tokushima.jp",ICANN,"*.wajiki.tokushima.jp",4,2
"wajiki.tokushima.jp",ICANN,"wajiki.tokushima.jp",4,2
"adachi.tokyo.jp",ICANN,"*.adachi.tokyo.jp",4,2
"adachi.tokyo.jp",ICANN,"adachi.tokyo.jp",4,2
"akiruno.tokyo.jp",ICANN,"*.akiruno.tokyo.jp",4,2
"akiruno.tokyo.jp",ICANN,"akiruno.tokyo.jp",4,2
"akishima.tokyo.jp",ICANN,"*.akishima.tokyo.jp",4,2
"akishima.tokyo.jp",ICANN,"akishima.tokyo.jp",4,2
"aogashima.tokyo.jp",ICANN,"*.aogashima.tokyo.jp",4,2
"aogashima.tokyo.jp",ICANN,"aogashima.tokyo.jp",4,2
"arakawa.tokyo.jp",ICANN,"*.arakawa.tokyo.jp",4,2
"arakawa.tokyo.jp",ICANN,"arakawa.tokyo.jp",4,2
"bunkyo.tokyo.jp",ICANN,"*.bunkyo.tokyo.jp",4,2
"bunkyo.tokyo.jp",ICANN,"bunkyo.tokyo.jp",4,2
"chiyoda.tokyo.jp",ICANN,"*.chiyoda.tokyo.jp",4,2
"chiyoda.tokyo.jp",ICANN,"chiyoda.tokyo.jp",4,2
"chofu.tokyo.jp",ICANN,"*.chofu.tokyo.jp",4,2
"chofu.tokyo.jp",ICANN,"chofu.tokyo.jp",4,2
"chuo.tokyo.jp",ICANN,"*.chuo.tokyo.jp",4,2
"chuo.tokyo.jp",ICANN,"chuo.tokyo.jp",4,2
"edogawa.tokyo.jp",ICANN,"*.edogawa.tokyo.jp",4,2
"edogawa.tokyo.jp",ICANN,"edogawa.tokyo.jp",4,2
"fuchu.tokyo.jp",ICANN,"*.fuchu.tokyo.jp",4,2
"fuchu.tokyo.jp",ICANN,"fuchu.tokyo.jp",4,2
"fussa.tokyo.jp",ICANN,"*.fussa.tokyo.jp",4,2
"fussa.tokyo.jp",ICANN,"fussa.tokyo.jp",4,2
"hachijo.tokyo.jp",ICANN,"*.hachijo.tokyo.jp",4,2
"hachijo.tokyo.jp",ICANN,"hachijo.tokyo.jp",4,2
"hachioji.tokyo.jp",ICANN,"*.hachioji.tokyo.jp",4,2
"hachioji.tokyo.jp",ICANN,"hachioji.tokyo.jp",4,2
"hamura.tokyo.jp",ICANN,"*.hamura.tokyo.jp",4,2
"hamura.tokyo.jp",ICANN,"hamura.tokyo.jp",4,2
"higashikurume.tokyo.jp",ICANN,"*.higashikurume.tokyo.jp",4,2
"higashikurume.tokyo.jp",ICANN,"higashikurume.tokyo.jp",4,2
"higashimurayama.tokyo.jp",ICANN,"*.higashimurayama.tokyo.jp",4,2
"higashimurayama.tokyo.jp",ICANN,"higashimurayama.tokyo.jp",4,2
"higashiyamato.tokyo.jp",ICANN,"*.higashiyamato.tokyo.jp",4,2
"higashiyamato.tokyo.jp",ICANN,"higashiyamato.tokyo.jp",4,2
"hino.tokyo.jp",ICANN,"*.hino.tokyo.jp",4,2
"hino.tokyo.jp",ICANN,"hino.tokyo.jp",4,2
"hinode.tokyo.jp",ICANN,"*.hinode.tokyo.jp",4,2
"hinode.tokyo.jp",ICANN,"hinode.tokyo.jp",4,2
"hinohara.tokyo.jp",ICANN,"*.hinohara.tokyo.jp",4,2
"hinohara.tokyo.jp",ICANN,"hinohara.tokyo.jp",4,2
"inagi.tokyo.jp",ICANN,"*.inagi.tokyo.jp",4,2
"inagi.tokyo.jp",ICANN,"inagi.tokyo.jp",4,2
"itabashi.tokyo.jp",ICANN,"*.itabashi.tokyo.jp",4,2
"itabashi.tokyo.jp",ICANN,"itabashi.tokyo.jp",4,2
"katsushika.tokyo.jp",ICANN,"*.katsushika.tokyo.jp",4,2
"katsushika.tokyo.jp",ICANN,"katsushika.tokyo.jp",4,2
"kita.tokyo.jp",ICANN,"*.kita.tokyo.jp",4,2
"kita.tokyo.jp",ICANN,"kita.tokyo.jp",4,2
"kiyose.tokyo.jp",ICANN,"*.kiyose.tokyo.jp",4,2
"kiyose.tokyo.jp",ICANN,"kiyose.tokyo.jp",4,2
"kodaira.tokyo.jp",ICANN,"*.kodaira.tokyo.jp",4,2
"kodaira.tokyo.jp",ICANN,"kodaira.tokyo.jp",4,2
"koganei.tokyo.jp",ICANN,"*.koganei.tokyo.jp",4,2
"koganei.tokyo.jp",ICANN,"koganei.tokyo.jp",4,2
"kokubunji.tokyo.jp",ICANN,"*.kokubunji.tokyo.jp",4,2
"kokubunji.tokyo.jp",ICANN,"kokubunji.tokyo.jp",4,2
"komae.tokyo.jp",ICANN,"*.komae.tokyo.jp",4,2
"komae.tokyo.jp",ICANN,"komae.tokyo.jp",4,2
"koto.tokyo.jp",ICANN,"*.koto.tokyo.jp",4,2
"koto.tokyo.jp",ICANN,"koto.tokyo.jp",4,2
"kouzushima.tokyo.jp",ICANN,"*.kouzushima.tokyo.jp",4,2
"kouzushima.tokyo.jp",ICANN,"kouzushima.tokyo.jp",4,2
"kunitachi.tokyo.jp",ICANN,"*.kunitachi.tokyo.jp",4,2
"kunitachi.tokyo.jp",ICANN,"kunitachi.tokyo.jp",4,2
"machida.tokyo.jp",ICANN,"*.machida.tokyo.jp",4,2
"machida.tokyo.jp",ICANN,"machida.tokyo.jp",4,2
"meguro.tokyo.jp",ICANN,"*.meguro.tokyo.jp",4,2
"meguro.tokyo.jp",ICANN,"meguro.tokyo.jp",4,2
"minato.tokyo.jp",ICANN,"*.minato.tokyo.jp",4,2
"minato.tokyo.jp",ICANN,"minato.tokyo.jp",4,2
"mitaka.tokyo.jp",ICANN,"*.mitaka.tokyo.jp",4,2
"mitaka.tokyo.jp",ICANN,"mitaka.tokyo.jp",4,2
"mizuho.tokyo.jp",ICANN,"*.mizuho.tokyo.jp",4,2
"mizuho.tokyo.jp",ICANN,"mizuho.tokyo.jp",4,2
"musashimurayama.tokyo.jp",ICANN,"*.musashimurayama.tokyo.jp",4,2
"musashimurayama.tokyo.jp",ICANN,"musashimurayama.tokyo.jp",4,2
"musashino.tokyo.jp",ICANN,"*.musashino.tokyo.jp",4,2
"musashino.tokyo.jp",ICANN,"musashino.tokyo.jp",4,2
"nakano.tokyo.jp",ICANN,"*.nakano.tokyo.jp",4,2
"nakano.tokyo.jp",ICANN,"nakano.tokyo.jp",4,2
"nerima.tokyo.jp",ICANN,"*.nerima.tokyo.jp",4,2
"nerima.tokyo.jp",ICANN,"nerima.tokyo.jp",4,2
"ogasawara.tokyo.jp",ICANN,"*.ogasawara.tokyo.jp",4,2
"ogasawara.tokyo.jp",ICANN,"ogasawara.tokyo.jp",4,2
"okutama.tokyo.jp",ICANN,"*.okutama.tokyo.jp",4,2
"okutama.tokyo.jp",ICANN,"okutama.tokyo.jp",4,2
"ome.tokyo.jp",ICANN,"*.ome.tokyo.jp",4,2
"ome.tokyo.jp",ICANN,"ome.tokyo.jp",4,2
"oshima.tokyo.jp",ICANN,"*.oshima.tokyo.jp",4,2
"oshima.tokyo.jp",ICANN,"oshima.tokyo.jp",4,2
"ota.tokyo.jp",ICANN,"*.ota.tokyo.jp",4,2
"ota.tokyo.jp",ICANN,"ota.tokyo.jp",4,2
"setagaya.tokyo.jp",ICANN,"*.setagaya.tokyo.jp",4,2
"setagaya.tokyo.jp",ICANN,"setagaya.tokyo.jp",4,2
"shibuya.tokyo.jp",ICANN,"*.shibuya.tokyo.jp",4,2
"shibuya.tokyo.jp",ICANN,"shibuya.tokyo.jp",4,2
"shinagawa.tokyo.jp",ICANN,"*.shinagawa.tokyo.jp",4,2
"shinagawa.tokyo.jp",ICANN,"shinagawa.tokyo.jp",4,2
"shinjuku.tokyo.jp",ICANN,"*.shinjuku.tokyo.jp",4,2
"shinjuku.tokyo.jp",ICANN,"shinjuku.tokyo.jp",4,2
"suginami.tokyo.jp",ICANN,"*.suginami.tokyo.jp",4,2
"suginami.tokyo.jp",ICANN,"suginami.tokyo.jp",4,2
"sumida.tokyo.jp",ICANN,"*.sumida.tokyo.jp",4,2
"sumida.tokyo.jp",ICANN,"sumida.tokyo.jp",4,2
"tachikawa.tokyo.jp",ICANN,"*.tachikawa.tokyo.jp",4,2
"tachikawa.tokyo.jp",ICANN,"tachikawa.tokyo.jp",4,2
"taito.tokyo.jp",ICANN,"*.taito.tokyo.jp",4,2
"taito.tokyo.jp",ICANN,"taito.tokyo.jp",4,2
"tama.tokyo.jp",ICANN,"*.tama.tokyo.jp",4,2
"tama.tokyo.jp",ICANN,"tama.tokyo.jp",4,2
"toshima.tokyo.jp",ICANN,"*.toshima.tokyo.jp",4,2
"toshima.tokyo.jp",ICANN,"toshima.tokyo.jp",4,2
"chizu.tottori.jp",ICANN,"*.chizu.tottori.jp",4,2
"chizu.tottori.jp",ICANN,"chizu.tottori.jp",4,2
"hino.tottori.jp",ICANN,"*.hino.tottori.jp",4,2
"hino.tottori.jp",ICANN,"hino.tottori.jp",4,2
"kawahara.tottori.jp",ICANN,"*.kawahara.tottori.jp",4,2
"kawahara.tottori.jp",ICANN,"kawahara.tottori.jp",4,2
"koge.tottori.jp",ICANN,"*.koge.tottori.jp",4,2
"koge.tottori.jp",ICANN,"koge.tottori.jp",4,2
"kotoura.tottori.jp",ICANN,"*.kotoura.tottori.jp",4,2
"kotoura.tottori.jp",ICANN,"kotoura.tottori.jp",4,2
"misasa.tottori.jp",ICANN,"*.misasa.tottori.jp",4,2
"misasa.tottori.jp",ICANN,"misasa.tottori.jp",4,2
"nanbu.tottori.jp",ICANN,"*.nanbu.tottori.jp",4,2
"nanbu.tottori.jp",ICANN,"nanbu.tottori.jp",4,2
"nichinan.tottori.jp",ICANN,"*.nichinan.tottori.jp",4,2
"nichinan.tottori.jp",ICANN,"nichinan.tottori.jp",4,2
"sakaiminato.tottori.jp",ICANN,"*.sakaiminato.tottori.jp",4,2
"sakaiminato.tottori.jp",ICANN,"sakaiminato.tottori.jp",4,2
"tottori.tottori.jp",ICANN,"*.tottori.tottori.jp",4,2
"tottori.tottori.jp",ICANN,"tottori.tottori.jp",4,2
"wakasa.tottori.jp",ICANN,"*.wakasa.tottori.jp",4,2
"wakasa.tottori.jp",ICANN,"wakasa.tottori.jp",4,2
"yazu.tottori.jp",ICANN,"*.yazu.tottori.jp",4,2
"yazu.tottori.jp",ICANN,"yazu.tottori.jp",4,2
"yonago.tottori.jp",ICANN,"*.yonago.tottori.jp",4,2
"yonago.tottori.jp",ICANN,"yonago.tottori.jp",4,2
"asahi.toyama.jp",ICANN,"*.asahi.toyama.jp",4,2
"asahi.toyama.jp",ICANN,"asahi.toyama.jp",4,2
"fuchu.toyama.jp",ICANN,"*.fuchu.toyama.jp",4,2
"fuchu.toyama.jp",ICANN,"fuchu.toyama.jp",4,2
"fukumitsu.toyama.jp",ICANN,"*.fukumitsu.toyama.jp",4,2
"fukumitsu.toyama.jp",ICANN,"fukumitsu.toyama.jp",4,2
"funahashi.toyama.jp",ICANN,"*.funahashi.toyama.jp",4,2
"funahashi.toyama.jp",ICANN,"funahashi.toyama.jp",4,2
"himi.toyama.jp",ICANN,"*.himi.toyama.jp",4,2
"himi.toyama.jp",ICANN,"himi.toyama.jp",4,2
"imizu.toyama.jp",ICANN,"*.imizu.toyama.jp",4,2
"imizu.toyama.jp",ICANN,"imizu.toyama.jp",4,2
"inami.toyama.jp",ICANN,"*.inami.toyama.jp",4,2
"inami.toyama.jp",ICANN,"inami.toyama.jp",4,2
"johana.toyama.jp",ICANN,"*.johana.toyama.jp",4,2
"johana.toyama.jp",ICANN,"johana.toyama.jp",4,2
"kamiichi.toyama.jp",ICANN,"*.kamiichi.toyama.jp",4,2
"kamiichi.toyama.jp",ICANN,"kamiichi.toyama.jp",4,2
"kurobe.toyama.jp",ICANN,"*.kurobe.toyama.jp",4,2
"kurobe.toyama.jp",ICANN,"kurobe.toyama.jp",4,2
"nakaniikawa.toyama.jp",ICANN,"*.nakaniikawa.toyama.jp",4,2
"nakaniikawa.toyama.jp",ICANN,"nakaniikawa.toyama.jp",4,2
"namerikawa.toyama.jp",ICANN,"*.namerikawa.toyama.jp",4,2
"namerikawa.toyama.jp",ICANN,"namerikawa.toyama.jp",4,2
"nanto.toyama.jp",ICANN,"*.nanto.toyama.jp",4,2
"nanto.toyama.jp",ICANN,"nanto.toyama.jp",4,2
"nyuzen.toyama.jp",ICANN,"*.nyuzen.toyama.jp",4,2
"nyuzen.toyama.jp",ICANN,"nyuzen.toyama.jp",4,2
"oyabe.toyama.jp",ICANN,"*.oyabe.toyama.jp",4,2
"oyabe.toyama.jp",ICANN,"oyabe.toyama.jp",4,2
"taira.toyama.jp",ICANN,"*.taira.toyama.jp",4,2
"taira.toyama.jp",ICANN,"taira.toyama.jp",4,2
"takaoka.toyama.jp",ICANN,"*.takaoka.toyama.jp",4,2
"takaoka.toyama.jp",ICANN,"takaoka.toyama.jp",4,2
"tateyama.toyama.jp",ICANN,"*.tateyama.toyama.jp",4,2
"tateyama.toyama.jp",ICANN,"tateyama.toyama.jp",4,2
"toga.toyama.jp",ICANN,"*.toga.toyama.jp",4,2
"toga.toyama.jp",ICANN,"toga.toyama.jp",4,2
"tonami.toyama.jp",ICANN,"*.tonami.toyama.jp",4,2
"tonami.toyama.jp",ICANN,"tonami.toyama.jp",4,2
"toyama.toyama.jp",ICANN,"*.toyama.toyama.jp",4,2
"toyama.toyama.jp",ICANN,"toyama.toyama.jp",4,2
"unazuki.toyama.jp",ICANN,"*.unazuki.toyama.jp",4,2
"unazuki.toyama.jp",ICANN,"unazuki.toyama.jp",4,2
"uozu.toyama.jp",ICANN,"*.uozu.toyama.jp",4,2
"uozu.toyama.jp",ICANN,"uozu.toyama.jp",4,2
"yamada.toyama.jp",ICANN,"*.yamada.toyama.jp",4,2
"yamada.toyama.jp",ICANN,"yamada.toyama.jp",4,2
"arida.wakayama.jp",ICANN,"*.arida.wakayama.jp",4,2
"arida.wakayama.jp",ICANN,"arida.wakayama.jp",4,2
"aridagawa.wakayama.jp",ICANN,"*.aridagawa.wakayama.jp",4,2
"aridagawa.wakayama.jp",ICANN,"aridagawa.wakayama.jp",4,2
"gobo.wakayama.jp",ICANN,"*.gobo.wakayama.jp",4,2
"gobo.wakayama.jp",ICANN,"gobo.wakayama.jp",4,2
"hashimoto.wakayama.jp",ICANN,"*.hashimoto.wakayama.jp",4,2
"hashimoto.wakayama.jp",ICANN,"hashimoto.wakayama.jp",4,2
"hidaka.wakayama.jp",ICANN,"*.hidaka.wakayama.jp",4,2
"hidaka.wakayama.jp",ICANN,"hidaka.wakayama.jp",4,2
"hirogawa.wakayama.jp",ICANN,"*.hirogawa.wakayama.jp",4,2
"hirogawa.wakayama.jp",ICANN,"hirogawa.wakayama.jp",4,2
"inami.wakayama.jp",ICANN,"*.inami.wakayama.jp",4,2
"inami.wakayama.jp",ICANN,"inami.wakayama.jp",4,2
"iwade.wakayama.jp",ICANN,"*.iwade.wakayama.jp",4,2
"iwade.wakayama.jp",ICANN,"iwade.wakayama.jp",4,2
"kainan.wakayama.jp",ICANN,"*.kainan.wakayama.jp",4,2
"kainan.wakayama.jp",ICANN,"kainan.wakayama.jp",4,2
"kamitonda.wakayama.jp",ICANN,"*.kamitonda.wakayama.jp",4,2
"kamitonda.wakayama.jp",ICANN,"kamitonda.wakayama.jp",4,2
"katsuragi.wakayama.jp",ICANN,"*.katsuragi.wakayama.jp",4,2
"katsuragi.wakayama.jp",ICANN,"katsuragi.wakayama.jp",4,2
"kimino.wakayama.jp",ICANN,"*.kimino.wakayama.jp",4,2
"kimino.wakayama.jp",ICANN,"kimino.wakayama.jp",4,2
"kinokawa.wakayama.jp",ICANN,"*.kinokawa.wakayama.jp",4,2
"kinokawa.wakayama.jp",ICANN,"kinokawa.wakayama.jp",4,2
"kitayama.wakayama.jp",ICANN,"*.kitayama.wakayama.jp",4,2
"kitayama.wakayama.jp",ICANN,"kitayama.wakayama.jp",4,2
"koya.wakayama.jp",ICANN,"*.koya.wakayama.jp",4,2
"koya.wakayama.jp",ICANN,"koya.wakayama.jp",4,2
"koza.wakayama.jp",ICANN,"*.koza.wakayama.jp",4,2
"koza.wakayama.jp",ICANN,"koza.wakayama.jp",4,2
"kozagawa.wakayama.jp",ICANN,"*.kozagawa.wakayama.jp",4,2
"kozagawa.wakayama.jp",ICANN,"kozagawa.wakayama.jp",4,2
"kudoyama.wakayama.jp",ICANN,"*.kudoyama.wakayama.jp",4,2
"kudoyama.wakayama.jp",ICANN,"kudoyama.wakayama.jp",4,2
"kushimoto.wakayama.jp",ICANN,"*.kushimoto.wakayama.jp",4,2
"kushimoto.wakayama.jp",ICANN,"kushimoto.wakayama.jp",4,2
"mihama.wakayama.jp",ICANN,"*.mihama.wakayama.jp",4,2
"mihama.wakayama.jp",ICANN,"mihama.wakayama.jp",4,2
"misato.wakayama.jp",ICANN,"*.misato.wakayama.jp",4,2
"misato.wakayama.jp",ICANN,"misato.wakayama.jp",4,2
"nachikatsuura.wakayama.jp",ICANN,"*.nachikatsuura.wakayama.jp",4,2
"nachikatsuura.wakayama.jp",ICANN,"nachikatsuura.wakayama.jp",4,2
"shingu.wakayama.jp",ICANN,"*.shingu.wakayama.jp",4,2
"shingu.wakayama.jp",ICANN,"shingu.wakayama.jp",4,2
"shirahama.wakayama.jp",ICANN,"*.shirahama.wakayama.jp",4,2
"shirahama.wakayama.jp",ICANN,"shirahama.wakayama.jp",4,2
"taiji.wakayama.jp",ICANN,"*.taiji.wakayama.jp",4,2
"taiji.wakayama.jp",ICANN,"taiji.wakayama.jp",4,2
"tanabe.wakayama.jp",ICANN,"*.tanabe.wakayama.jp",4,2
"tanabe.wakayama.jp",ICANN,"tanabe.wakayama.jp",4,2
"wakayama.wakayama.jp",ICANN,"*.wakayama.wakayama.jp",4,2
"wakayama.wakayama.jp",ICANN,"wakayama.wakayama.jp",4,2
"yuasa.wakayama.jp",ICANN,"*.yuasa.wakayama.jp",4,2
"yuasa.wakayama.jp",ICANN,"yuasa.wakayama.jp",4,2
"yura.wakayama.jp",ICANN,"*.yura.wakayama.jp",4,2
"yura.wakayama.jp",ICANN,"yura.wakayama.jp",4,2
"asahi.yamagata.jp",ICANN,"*.asahi.yamagata.jp",4,2
"asahi.yamagata.jp",ICANN,"asahi.yamagata.jp",4,2
"funagata.yamagata.jp",ICANN,"*.funagata.yamagata.jp",4,2
"funagata.yamagata.jp",ICANN,"funagata.yamagata.jp",4,2
"higashine.yamagata.jp",ICANN,"*.higashine.yamagata.jp",4,2
"higashine.yamagata.jp",ICANN,"higashine.yamagata.jp",4,2
"iide.yamagata.jp",ICANN,"*.iide.yamagata.jp",4,2
"iide.yamagata.jp",ICANN,"iide.yamagata.jp",4,2
"kahoku.yamagata.jp",ICANN,"*.kahoku.yamagata.jp",4,2
"kahoku.yamagata.jp",ICANN,"kahoku.yamagata.jp",4,2
"kaminoyama.yamagata.jp",ICANN,"*.kaminoyama.yamagata.jp",4,2
"kaminoyama.yamagata.jp",ICANN,"kaminoyama.yamagata.jp",4,2
"kaneyama.yamagata.jp",ICANN,"*.kaneyama.yamagata.jp",4,2
"kaneyama.yamagata.jp",ICANN,"kaneyama.yamagata.jp",4,2
"kawanishi.yamagata.jp",ICANN,"*.kawanishi.yamagata.jp",4,2
"kawanishi.yamagata.jp",ICANN,"kawanishi.yamagata.jp",4,2
"mamurogawa.yamagata.jp",ICANN,"*.mamurogawa.yamagata.jp",4,2
"mamurogawa.yamagata.jp",ICANN,"mamurogawa.yamagata.jp",4,2
"mikawa.yamagata.jp",ICANN,"*.mikawa.yamagata.jp",4,2
"mikawa.yamagata.jp",ICANN,"mikawa.yamagata.jp",4,2
"murayama.yamagata.jp",ICANN,"*.murayama.yamagata.jp",4,2
"murayama.yamagata.jp",ICANN,"murayama.yamagata.jp",4,2
"nagai.yamagata.jp",ICANN,"*.nagai.yamagata.jp",4,2
"nagai.yamagata.jp",ICANN,"nagai.yamagata.jp",4,2
"nakayama.yamagata.jp",ICANN,"*.nakayama.yamagata.jp",4,2
"nakayama.yamagata.jp",ICANN,"nakayama.yamagata.jp",4,2
"nanyo.yamagata.jp",ICANN,"*.nanyo.yamagata.jp",4,2
"nanyo.yamagata.jp",ICANN,"nanyo.yamagata.jp",4,2
"nishikawa.yamagata.jp",ICANN,"*.nishikawa.yamagata.jp",4,2
"nishikawa.yamagata.jp",ICANN,"nishikawa.yamagata.jp",4,2
"obanazawa.yamagata.jp",ICANN,"*.obanazawa.yamagata.jp",4,2
"obanazawa.yamagata.jp",ICANN,"obanazawa.yamagata.jp",4,2
"oe.yamagata.jp",ICANN,"*.oe.yamagata.jp",4,2
"oe.yamagata.jp",ICANN,"oe.yamagata.jp",4,2
"oguni.yamagata.jp",ICANN,"*.oguni.yamagata.jp",4,2
"oguni.yamagata.jp",ICANN,"oguni.yamagata.jp",4,2
"ohkura.yamagata.jp",ICANN,"*.ohkura.yamagata.jp",4,2
"ohkura.yamagata.jp",ICANN,"ohkura.yamagata.jp",4,2
"oishida.yamagata.jp",ICANN,"*.oishida.yamagata.jp",4,2
"oishida.yamagata.jp",ICANN,"oishida.yamagata.jp",4,2
"sagae.yamagata.jp",ICANN,"*.sagae.yamagata.jp",4,2
"sagae.yamagata.jp",ICANN,"sagae.yamagata.jp",4,2
"sakata.yamagata.jp",ICANN,"*.sakata.yamagata.jp",4,2
"sakata.yamagata.jp",ICANN,"sakata.yamagata.jp",4,2
"sakegawa.yamagata.jp",ICANN,"*.sakegawa.yamagata.jp",4,2
"sakegawa.yamagata.jp",ICANN,"sakegawa.yamagata.jp",4,2
"shinjo.yamagata.jp",ICANN,"*.shinjo.yamagata.jp",4,2
"shinjo.yamagata.jp",ICANN,"shinjo.yamagata.jp",4,2
"shirataka.yamagata.jp",ICANN,"*.shirataka.yamagata.jp",4,2
"shirataka.yamagata.jp",ICANN,"shirataka.yamagata.jp",4,2
"shonai.yamagata.jp",ICANN,"*.shonai.yamagata.jp",4,2
"shonai.yamagata.jp",ICANN,"shonai.yamagata.jp",4,2
"takahata.yamagata.jp",ICANN,"*.takahata.yamagata.jp",4,2
"takahata.yamagata.jp",ICANN,"takahata.yamagata.jp",4,2
"tendo.yamagata.jp",ICANN,"*.tendo.yamagata.jp",4,2
"tendo.yamagata.jp",ICANN,"tendo.yamagata.jp",4,2
"tozawa.yamagata.jp",ICANN,"*.tozawa.yamagata.jp",4,2
"tozawa.yamagata.jp",ICANN,"tozawa.yamagata.jp",4,2
"tsuruoka.yamagata.jp",ICANN,"*.tsuruoka.yamagata.jp",4,2
"tsuruoka.yamagata.jp",ICANN,"tsuruoka.yamagata.jp",4,2
"yamagata.yamagata.jp",ICANN,"*.yamagata.yamagata.jp",4,2
"yamagata.yamagata.jp",ICANN,"yamagata.yamagata.jp",4,2
"yamanobe.yamagata.jp",ICANN,"*.yamanobe.yamagata.jp",4,2
"yamanobe.yamagata.jp",ICANN,"yamanobe.yamagata.jp",4,2
"yonezawa.yamagata.jp",ICANN,"*.yonezawa.yamagata.jp",4,2
"yonezawa.yamagata.jp",ICANN,"yonezawa.yamagata.jp",4,2
"yuza.yamagata.jp",ICANN,"*.yuza.yamagata.jp",4,2
"yuza.yamagata.jp",ICANN,"yuza.yamagata.jp",4,2
"abu.yamaguchi.jp",ICANN,"*.abu.yamaguchi.jp",4,2
"abu.yamaguchi.jp",ICANN,"abu.yamaguchi.jp",4,2
"hagi.yamaguchi.jp",ICANN,"*.hagi.yamaguchi.jp",4,2
"hagi.yamaguchi.jp",ICANN,"hagi.yamaguchi.jp",4,2
"hikari.yamaguchi.jp",ICANN,"*.hikari.yamaguchi.jp",4,2
"hikari.yamaguchi.jp",ICANN,"hikari.yamaguchi.jp",4,2
"hofu.yamaguchi.jp",ICANN,"*.hofu.yamaguchi.jp",4,2
"hofu.yamaguchi.jp",ICANN,"hofu.yamaguchi.jp",4,2
"iwakuni.yamaguchi.jp",ICANN,"*.iwakuni.yamaguchi.jp",4,2
"iwakuni.yamaguchi.jp",ICANN,"iwakuni.yamaguchi.jp",4,2
"kudamatsu.yamaguchi.jp",ICANN,"*.kudamatsu.yamaguchi.jp",4,2
"kudamatsu.yamaguchi.jp",ICANN,"kudamatsu.yamaguchi.jp",4,2
"mitou.yamaguchi.jp",ICANN,"*.mitou.yamaguchi.jp",4,2
"mitou.yamaguchi.jp",ICANN,"mitou.yamaguchi.jp",4,2
"nagato.yamaguchi.jp",ICANN,"*.nagato.yamaguchi.jp",4,2
"nagato.yamaguchi.jp",ICANN,"nagato.yamaguchi.jp",4,2
"oshima.yamaguchi.jp",ICANN,"*.oshima.yamaguchi.jp",4,2
"oshima.yamaguchi.jp",ICANN,"oshima.yamaguchi.jp",4,2
"shimonoseki.yamaguchi.jp",ICANN,"*.shimonoseki.yamaguchi.jp",4,2
"shimonoseki.yamaguchi.jp",ICANN,"shimonoseki.yamaguchi.jp",4,2
"shunan.yamaguchi.jp",ICANN,"*.shunan.yamaguchi.jp",4,2
"shunan.yamaguchi.jp",ICANN,"shunan.yamaguchi.jp",4,2
"tabuse.yamaguchi.jp",ICANN,"*.tabuse.yamaguchi.jp",4,2
"tabuse.yamaguchi.jp",ICANN,"tabuse.yamaguchi.jp",4,2
"tokuyama.yamaguchi.jp",ICANN,"*.tokuyama.yamaguchi.jp",4,2
"tokuyama.yamaguchi.jp",ICANN,"tokuyama.yamaguchi.jp",4,2
"toyota.yamaguchi.jp",ICANN,"*.toyota.yamaguchi.jp",4,2
"toyota.yamaguchi.jp",ICANN,"toyota.yamaguchi.jp",4,2
"ube.yamaguchi.jp",ICANN,"*.ube.yamaguchi.jp",4,2
"ube.yamaguchi.jp",ICANN,"ube.yamaguchi.jp",4,2
"yuu.yamaguchi.jp",ICANN,"*.yuu.yamaguchi.jp",4,2
"yuu.yamaguchi.jp",ICANN,"yuu.yamaguchi.jp",4,2
"chuo.yamanashi.jp",ICANN,"*.chuo.yamanashi.jp",4,2
"chuo.yamanashi.jp",ICANN,"chuo.yamanashi.jp",4,2
"doshi.yamanashi.jp",ICANN,"*.doshi.yamanashi.jp",4,2
"doshi.yamanashi.jp",ICANN,"doshi.yamanashi.jp",4,2
"fuefuki.yamanashi.jp",ICANN,"*.fuefuki.yamanashi.jp",4,2
"fuefuki.yamanashi.jp",ICANN,"fuefuki.yamanashi.jp",4,2
"fujikawa.yamanashi.jp",ICANN,"*.fujikawa.yamanashi.jp",4,2
"fujikawa.yamanashi.jp",ICANN,"fujikawa.yamanashi.jp",4,2
"fujikawaguchiko.yamanashi.jp",ICANN,"*.fujikawaguchiko.yamanashi.jp",4,2
"fujikawaguchiko.yamanashi.jp",ICANN,"fujikawaguchiko.yamanashi.jp",4,2
"fujiyoshida.yamanashi.jp",ICANN,"*.fujiyoshida.yamanashi.jp",4,2
"fujiyoshida.yamanashi.jp",ICANN,"fujiyoshida.yamanashi.jp",4,2
"hayakawa.yamanashi.jp",ICANN,"*.hayakawa.yamanashi.jp",4,2
"hayakawa.yamanashi.jp",ICANN,"hayakawa.yamanashi.jp",4,2
"hokuto.yamanashi.jp",ICANN,"*.hokuto.yamanashi.jp",4,2
"hokuto.yamanashi.jp",ICANN,"hokuto.yamanashi.jp",4,2
"ichikawamisato.yamanashi.jp",ICANN,"*.ichikawamisato.yamanashi.jp",4,2
"ichikawamisato.yamanashi.jp",ICANN,"ichikawamisato.yamanashi.jp",4,2
"kai.yamanashi.jp",ICANN,"*.kai.yamanashi.jp",4,2
"kai.yamanashi.jp",ICANN,"kai.yamanashi.jp",4,2
"kofu.yamanashi.jp",ICANN,"*.kofu.yamanashi.jp",4,2
"kofu.yamanashi.jp",ICANN,"kofu.yamanashi.jp",4,2
"koshu.yamanashi.jp",ICANN,"*.koshu.yamanashi.jp",4,2
"koshu.yamanashi.jp",ICANN,"koshu.yamanashi.jp",4,2
"kosuge.yamanashi.jp",ICANN,"*.kosuge.yamanashi.jp",4,2
"kosuge.yamanashi.jp",ICANN,"kosuge.yamanashi.jp",4,2
"minami-alps.yamanashi.jp",ICANN,"*.minami-alps.yamanashi.jp",4,2
"minami-alps.yamanashi.jp",ICANN,"minami-alps.yamanashi.jp",4,2
"minobu.yamanashi.jp",ICANN,"*.minobu.yamanashi.jp",4,2
"minobu.yamanashi.jp",ICANN,"minobu.yamanashi.jp",4,2
"nakamichi.yamanashi.jp",ICANN,"*.nakamichi.yamanashi.jp",4,2
"nakamichi.yamanashi.jp",ICANN,"nakamichi.yamanashi.jp",4,2
"nanbu.yamanashi.jp",ICANN,"*.nanbu.yamanashi.jp",4,2
"nanbu.yamanashi.jp",ICANN,"nanbu.yamanashi.jp",4,2
"narusawa.yamanashi.jp",ICANN,"*.narusawa.yamanashi.jp",4,2
"narusawa.yamanashi.jp",ICANN,"narusawa.yamanashi.jp",4,2
"nirasaki.yamanashi.jp",ICANN,"*.nirasaki.yamanashi.jp",4,2
"nirasaki.yamanashi.jp",ICANN,"nirasaki.yamanashi.jp",4,2
"nishikatsura.yamanashi.jp",ICANN,"*.nishikatsura.yamanashi.jp",4,2
"nishikatsura.yamanashi.jp",ICANN,"nishikatsura.yamanashi.jp",4,2
"oshino.yamanashi.jp",ICANN,"*.oshino.yamanashi.jp",4,2
"oshino.yamanashi.jp",ICANN,"oshino.yamanashi.jp",4,2
"otsuki.yamanashi.jp",ICANN,"*.otsuki.yamanashi.jp",4,2
"otsuki.yamanashi.jp",ICANN,"otsuki.yamanashi.jp",4,2
"showa.yamanashi.jp",ICANN,"*.showa.yamanashi.jp",4,2
"showa.yamanashi.jp",ICANN,"showa.yamanashi.jp",4,2
"tabayama.yamanashi.jp",ICANN,"*.tabayama.yamanashi.jp",4,2
"tabayama.yamanashi.jp",ICANN,"tabayama.yamanashi.jp",4,2
"tsuru.yamanashi.jp",ICANN,"*.tsuru.yamanashi.jp",4,2
"tsuru.yamanashi.jp",ICANN,"tsuru.yamanashi.jp",4,2
"uenohara.yamanashi.jp",ICANN,"*.uenohara.yamanashi.jp",4,2
"uenohara.yamanashi.jp",ICANN,"uenohara.yamanashi.jp",4,2
"yamanakako.yamanashi.jp",ICANN,"*.yamanakako.yamanashi.jp",4,2
"yamanakako.yamanashi.jp",ICANN,"yamanakako.yamanashi.jp",4,2
"yamanashi.yamanashi.jp",ICANN,"*.yamanashi.yamanashi.jp",4,2
"yamanashi.yamanashi.jp",ICANN,"yamanashi.yamanashi.jp",4,2
"gs.aa.no",ICANN,"*.gs.aa.no",4,2
"gs.aa.no",ICANN,"gs.aa.no",4,2
"gs.ah.no",ICANN,"*.gs.ah.no",4,2
"gs.ah.no",ICANN,"gs.ah.no",4,2
"gs.bu.no",ICANN,"*.gs.bu.no",4,2
"gs.bu.no",ICANN,"gs.bu.no",4,2
"gs.fm.no",ICANN,"*.gs.fm.no",4,2
"gs.fm.no",ICANN,"gs.fm.no",4,2
"gs.hl.no",ICANN,"*.gs.hl.no",4,2
"gs.hl.no",ICANN,"gs.hl.no",4,2
"gs.hm.no",ICANN,"*.gs.hm.no",4,2
"gs.hm.no",ICANN,"gs.hm.no",4,2
"gs.jan-mayen.no",ICANN,"*.gs.jan-mayen.no",4,2
"gs.jan-mayen.no",ICANN,"gs.jan-mayen.no",4,2
"gs.mr.no",ICANN,"*.gs.mr.no",4,2
"gs.mr.no",ICANN,"gs.mr.no",4,2
"gs.nl.no",ICANN,"*.gs.nl.no",4,2
"gs.nl.no",ICANN,"gs.nl.no",4,2
"gs.nt.no",ICANN,"*.gs.nt.no",4,2
"gs.nt.no",ICANN,"gs.nt.no",4,2
"gs.of.no",ICANN,"*.gs.of.no",4,2
"gs.of.no",ICANN,"gs.of.no",4,2
"gs.ol.no",ICANN,"*.gs.ol.no",4,2
"gs.ol.no",ICANN,"gs.ol.no",4,2
"gs.oslo.no",ICANN,"*.gs.oslo.no",4,2
"gs.oslo.no",ICANN,"gs.oslo.no",4,2
"gs.rl.no",ICANN,"*.gs.rl.no",4,2
"gs.rl.no",ICANN,"gs.rl.no",4,2
"gs.sf.no",ICANN,"*.gs.sf.no",4,2
"gs.sf.no",ICANN,"gs.sf.no",4,2
"gs.st.no",ICANN,"*.gs.st.no",4,2
"gs.st.no",ICANN,"gs.st.no",4,2
"gs.svalbard.no",ICANN,"*.gs.svalbard.no",4,2
"gs.svalbard.no",ICANN,"gs.svalbard.no",4,2
"gs.tm.no",ICANN,"*.gs.tm.no",4,2
"gs.tm.no",ICANN,"gs.tm.no",4,2
"gs.tr.no",ICANN,"*.gs.tr.no",4,2
"gs.tr.no",ICANN,"gs.tr.no",4,2
"gs.va.no",ICANN,"*.gs.va.no",4,2
"gs.va.no",ICANN,"gs.va.no",4,2
"gs.vf.no",ICANN,"*.gs.vf.no",4,2
"gs.vf.no",ICANN,"gs.vf.no",4,2
"nes.akershus.no",ICANN,"*.nes.akershus.no",4,2
"nes.akershus.no",ICANN,"nes.akershus.no",4,2
"nes.buskerud.no",ICANN,"*.nes.buskerud.no",4,2
"nes.buskerud.no",ICANN,"nes.buskerud.no",4,2
"os.hedmark.no",ICANN,"*.os.hedmark.no",4,2
"os.hedmark.no",ICANN,"os.hedmark.no",4,2
"valer.hedmark.no",ICANN,"*.valer.hedmark.no",4,2
"valer.hedmark.no",ICANN,"valer.hedmark.no",4,2
"våler.hedmark.no",ICANN,"*.våler.hedmark.no",4,2
"våler.hedmark.no",ICANN,"våler.hedmark.no",4,2
"våler.hedmark.no",ICANN,"*.xn--vler-qoa.hedmark.no",4,2
"våler.hedmark.no",ICANN,"xn--vler-qoa.hedmark.no",4,2
"os.hordaland.no",ICANN,"*.os.hordaland.no",4,2
"os.hordaland.no",ICANN,"os.hordaland.no",4,2
"heroy.more-og-romsdal.no",ICANN,"*.heroy.more-og-romsdal.no",4,2
"heroy.more-og-romsdal.no",ICANN,"heroy.more-og-romsdal.no",4,2
"sande.more-og-romsdal.no",ICANN,"*.sande.more-og-romsdal.no",4,2
"sande.more-og-romsdal.no",ICANN,"sande.more-og-romsdal.no",4,2
"herøy.møre-og-romsdal.no",ICANN,"*.herøy.møre-og-romsdal.no",4,2
"herøy.møre-og-romsdal.no",ICANN,"herøy.møre-og-romsdal.no",4,2
"herøy.møre-og-romsdal.no",ICANN,"*.xn--hery-ira.xn--mre-og-romsdal-qqb.no",4,2
"herøy.møre-og-romsdal.no",ICANN,"xn--hery-ira.xn--mre-og-romsdal-qqb.no",4,2
"sande.møre-og-romsdal.no",ICANN,"*.sande.møre-og-romsdal.no",4,2
"sande.møre-og-romsdal.no",ICANN,"sande.møre-og-romsdal.no",4,2
"sande.møre-og-romsdal.no",ICANN,"*.sande.xn--mre-og-romsdal-qqb.no",4,2
"sande.møre-og-romsdal.no",ICANN,"sande.xn--mre-og-romsdal-qqb.no",4,2
"bo.nordland.no",ICANN,"*.bo.nordland.no",4,2
"bo.nordland.no",ICANN,"bo.nordland.no",4,2
"bø.nordland.no",ICANN,"*.bø.nordland.no",4,2
"bø.nordland.no",ICANN,"bø.nordland.no",4,2
"bø.nordland.no",ICANN,"*.xn--b-5ga.nordland.no",4,2
"bø.nordland.no",ICANN,"xn--b-5ga.nordland.no",4,2
"heroy.nordland.no",ICANN,"*.heroy.nordland.no",4,2
"heroy.nordland.no",ICANN,"heroy.nordland.no",4,2
"herøy.nordland.no",ICANN,"*.herøy.nordland.no",4,2
"herøy.nordland.no",ICANN,"herøy.nordland.no",4,2
"herøy.nordland.no",ICANN,"*.xn--hery-ira.nordland.no",4,2
"herøy.nordland.no",ICANN,"xn--hery-ira.nordland.no",4,2
"valer.ostfold.no",ICANN,"*.valer.ostfold.no",4,2
"valer.ostfold.no",ICANN,"valer.ostfold.no",4,2
"våler.østfold.no",ICANN,"*.våler.østfold.no",4,2
"våler.østfold.no",ICANN,"våler.østfold.no",4,2
"våler.østfold.no",ICANN,"*.xn--vler-qoa.xn--stfold-9xa.no",4,2
"våler.østfold.no",ICANN,"xn--vler-qoa.xn--stfold-9xa.no",4,2
"bo.telemark.no",ICANN,"*.bo.telemark.no",4,2
"bo.telemark.no",ICANN,"bo.telemark.no",4,2
"bø.telemark.no",ICANN,"*.bø.telemark.no",4,2
"bø.telemark.no",ICANN,"bø.telemark.no",4,2
"bø.telemark.no",ICANN,"*.xn--b-5ga.telemark.no",4,2
"bø.telemark.no",ICANN,"xn--b-5ga.telemark.no",4,2
"sande.vestfold.no",ICANN,"*.sande.vestfold.no",4,2
"sande.vestfold.no",ICANN,"sande.vestfold.no",4,2
"ap.gov.pl",ICANN,"*.ap.gov.pl",4,2
"ap.gov.pl",ICANN,"ap.gov.pl",4,2
"griw.gov.pl",ICANN,"*.griw.gov.pl",4,2
"griw.gov.pl",ICANN,"griw.gov.pl",4,2
"ic.gov.pl",ICANN,"*.ic.gov.pl",4,2
"ic.gov.pl",ICANN,"ic.gov.pl",4,2
"is.gov.pl",ICANN,"*.is.gov.pl",4,2
"is.gov.pl",ICANN,"is.gov.pl",4,2
"kmpsp.gov.pl",ICANN,"*.kmpsp.gov.pl",4,2
"kmpsp.gov.pl",ICANN,"kmpsp.gov.pl",4,2
"konsulat.gov.pl",ICANN,"*.konsulat.gov.pl",4,2
"konsulat.gov.pl",ICANN,"konsulat.gov.pl",4,2
"kppsp.gov.pl",ICANN,"*.kppsp.gov.pl",4,2
"kppsp.gov.pl",ICANN,"kppsp.gov.pl",4,2
"kwp.gov.pl",ICANN,"*.kwp.gov.pl",4,2
"kwp.gov.pl",ICANN,"kwp.gov.pl",4,2
"kwpsp.gov.pl",ICANN,"*.kwpsp.gov.pl",4,2
"kwpsp.gov.pl",ICANN,"kwpsp.gov.pl",4,2
"mup.gov.pl",ICANN,"*.mup.gov.pl",4,2
"mup.gov.pl",ICANN,"mup.gov.pl",4,2
"mw.gov.pl",ICANN,"*.mw.gov.pl",4,2
"mw.gov.pl",ICANN,"mw.gov.pl",4,2
"oia.gov.pl",ICANN,"*.oia.gov.pl",4,2
"oia.gov.pl",ICANN,"oia.gov.pl",4,2
"oirm.gov.pl",ICANN,"*.oirm.gov.pl",4,2
"oirm.gov.pl",ICANN,"oirm.gov.pl",4,2
"oke.gov.pl",ICANN,"*.oke.gov.pl",4,2
"oke.gov.pl",ICANN,"oke.gov.pl",4,2
"oow.gov.pl",ICANN,"*.oow.gov.pl",4,2
"oow.gov.pl",ICANN,"oow.gov.pl",4,2
"oschr.gov.pl",ICANN,"*.oschr.gov.pl",4,2
"oschr.gov.pl",ICANN,"oschr.gov.pl",4,2
"oum.gov.pl",ICANN,"*.oum.gov.pl",4,2
"oum.gov.pl",ICANN,"oum.gov.pl",4,2
"pa.gov.pl",ICANN,"*.pa.gov.pl",4,2
"pa.gov.pl",ICANN,"pa.gov.pl",4,2
"pinb.gov.pl",ICANN,"*.pinb.gov.pl",4,2
"pinb.gov.pl",ICANN,"pinb.gov.pl",4,2
"piw.gov.pl",ICANN,"*.piw.gov.pl",4,2
"piw.gov.pl",ICANN,"piw.gov.pl",4,2
"po.gov.pl",ICANN,"*.po.gov.pl",4,2
"po.gov.pl",ICANN,"po.gov.pl",4,2
"pr.gov.pl",ICANN,"*.pr.gov.pl",4,2
"pr.gov.pl",ICANN,"pr.gov.pl",4,2
"psp.gov.pl",ICANN,"*.psp.gov.pl",4,2
"psp.gov.pl",ICANN,"psp.gov.pl",4,2
"psse.gov.pl",ICANN,"*.psse.gov.pl",4,2
"psse.gov.pl",ICANN,"psse.gov.pl",4,2
"pup.gov.pl",ICANN,"*.pup.gov.pl",4,2
"pup.gov.pl",ICANN,"pup.gov.pl",4,2
"rzgw.gov.pl",ICANN,"*.rzgw.gov.pl",4,2
"rzgw.gov.pl",ICANN,"rzgw.gov.pl",4,2
"sa.gov.pl",ICANN,"*.sa.gov.pl",4,2
"sa.gov.pl",ICANN,"sa.gov.pl",4,2
"sdn.gov.pl",ICANN,"*.sdn.gov.pl",4,2
"sdn.gov.pl",ICANN,"sdn.gov.pl",4,2
"sko.gov.pl",ICANN,"*.sko.gov.pl",4,2
"sko.gov.pl",ICANN,"sko.gov.pl",4,2
"so.gov.pl",ICANN,"*.so.gov.pl",4,2
"so.gov.pl",ICANN,"so.gov.pl",4,2
"sr.gov.pl",ICANN,"*.sr.gov.pl",4,2
"sr.gov.pl",ICANN,"sr.gov.pl",4,2
"starostwo.gov.pl",ICANN,"*.starostwo.gov.pl",4,2
"starostwo.gov.pl",ICANN,"starostwo.gov.pl",4,2
"ug.gov.pl",ICANN,"*.ug.gov.pl",4,2
"ug.gov.pl",ICANN,"ug.gov.pl",4,2
"ugim.gov.pl",ICANN,"*.ugim.gov.pl",4,2
"ugim.gov.pl",ICANN,"ugim.gov.pl",4,2
"um.gov.pl",ICANN,"*.um.gov.pl",4,2
"um.gov.pl",ICANN,"um.gov.pl",4,2
"umig.gov.pl",ICANN,"*.umig.gov.pl",4,2
"umig.gov.pl",ICANN,"umig.gov.pl",4,2
"upow.gov.pl",ICANN,"*.upow.gov.pl",4,2
"upow.gov.pl",ICANN,"upow.gov.pl",4,2
"uppo.gov.pl",ICANN,"*.uppo.gov.pl",4,2
"uppo.gov.pl",ICANN,"uppo.gov.pl",4,2
"us.gov.pl",ICANN,"*.us.gov.pl",4,2
"us.gov.pl",ICANN,"us.gov.pl",4,2
"uw.gov.pl",ICANN,"*.uw.gov.pl",4,2
"uw.gov.pl",ICANN,"uw.gov.pl",4,2
"uzs.gov.pl",ICANN,"*.uzs.gov.pl",4,2
"uzs.gov.pl",ICANN,"uzs.gov.pl",4,2
"wif.gov.pl",ICANN,"*.wif.gov.pl",4,2
"wif.gov.pl",ICANN,"wif.gov.pl",4,2
"wiih.gov.pl",ICANN,"*.wiih.gov.pl",4,2
"wiih.gov.pl",ICANN,"wiih.gov.pl",4,2
"winb.gov.pl",ICANN,"*.winb.gov.pl",4,2
"winb.gov.pl",ICANN,"winb.gov.pl",4,2
"wios.gov.pl",ICANN,"*.wios.gov.pl",4,2
"wios.gov.pl",ICANN,"wios.gov.pl",4,2
"witd.gov.pl",ICANN,"*.witd.gov.pl",4,2
"witd.gov.pl",ICANN,"witd.gov.pl",4,2
"wiw.gov.pl",ICANN,"*.wiw.gov.pl",4,2
"wiw.gov.pl",ICANN,"wiw.gov.pl",4,2
"wkz.gov.pl",ICANN,"*.wkz.gov.pl",4,2
"wkz.gov.pl",ICANN,"wkz.gov.pl",4,2
"wsa.gov.pl",ICANN,"*.wsa.gov.pl",4,2
"wsa.gov.pl",ICANN,"wsa.gov.pl",4,2
"wskr.gov.pl",ICANN,"*.wskr.gov.pl",4,2
"wskr.gov.pl",ICANN,"wskr.gov.pl",4,2
"wsse.gov.pl",ICANN,"*.wsse.gov.pl",4,2
"wsse.gov.pl",ICANN,"wsse.gov.pl",4,2
"wuoz.gov.pl",ICANN,"*.wuoz.gov.pl",4,2
"wuoz.gov.pl",ICANN,"wuoz.gov.pl",4,2
"wzmiuw.gov.pl",ICANN,"*.wzmiuw.gov.pl",4,2
"wzmiuw.gov.pl",ICANN,"wzmiuw.gov.pl",4,2
"zp.gov.pl",ICANN,"*.zp.gov.pl",4,2
"zp.gov.pl",ICANN,"zp.gov.pl",4,2
"zpisdn.gov.pl",ICANN,"*.zpisdn.gov.pl",4,2
"zpisdn.gov.pl",ICANN,"zpisdn.gov.pl",4,2
"gov.nc.tr",ICANN,"*.gov.nc.tr",4,2
"gov.nc.tr",ICANN,"gov.nc.tr",4,2
"k12.ak.us",ICANN,"*.k12.ak.us",4,2
"k12.ak.us",ICANN,"k12.ak.us",4,2
"k12.al.us",ICANN,"*.k12.al.us",4,2
"k12.al.us",ICANN,"k12.al.us",4,2
"k12.ar.us",ICANN,"*.k12.ar.us",4,2
"k12.ar.us",ICANN,"k12.ar.us",4,2
"k12.as.us",ICANN,"*.k12.as.us",4,2
"k12.as.us",ICANN,"k12.as.us",4,2
"k12.az.us",ICANN,"*.k12.az.us",4,2
"k12.az.us",ICANN,"k12.az.us",4,2
"k12.ca.us",ICANN,"*.k12.ca.us",4,2
"k12.ca.us",ICANN,"k12.ca.us",4,2
"k12.co.us",ICANN,"*.k12.co.us",4,2
"k12.co.us",ICANN,"k12.co.us",4,2
"k12.ct.us",ICANN,"*.k12.ct.us",4,2
"k12.ct.us",ICANN,"k12.ct.us",4,2
"k12.dc.us",ICANN,"*.k12.dc.us",4,2
"k12.dc.us",ICANN,"k12.dc.us",4,2
"k12.fl.us",ICANN,"*.k12.fl.us",4,2
"k12.fl.us",ICANN,"k12.fl.us",4,2
"k12.ga.us",ICANN,"*.k12.ga.us",4,2
"k12.ga.us",ICANN,"k12.ga.us",4,2
"k12.gu.us",ICANN,"*.k12.gu.us",4,2
"k12.gu.us",ICANN,"k12.gu.us",4,2
"k12.ia.us",ICANN,"*.k12.ia.us",4,2
"k12.ia.us",ICANN,"k12.ia.us",4,2
"k12.id.us",ICANN,"*.k12.id.us",4,2
"k12.id.us",ICANN,"k12.id.us",4,2
"k12.il.us",ICANN,"*.k12.il.us",4,2
"k12.il.us",ICANN,"k12.il.us",4,2
"k12.in.us",ICANN,"*.k12.in.us",4,2
"k12.in.us",ICANN,"k12.in.us",4,2
"k12.ks.us",ICANN,"*.k12.ks.us",4,2
"k12.ks.us",ICANN,"k12.ks.us",4,2
"k12.ky.us",ICANN,"*.k12.ky.us",4,2
"k12.ky.us",ICANN,"k12.ky.us",4,2
"k12.la.us",ICANN,"*.k12.la.us",4,2
"k12.la.us",ICANN,"k12.la.us",4,2
"k12.ma.us",ICANN,"*.k12.ma.us",4,2
"k12.ma.us",ICANN,"k12.ma.us",4,2
"k12.md.us",ICANN,"*.k12.md.us",4,2
"k12.md.us",ICANN,"k12.md.us",4,2
"k12.me.us",ICANN,"*.k12.me.us",4,2
"k12.me.us",ICANN,"k12.me.us",4,2
"k12.mi.us",ICANN,"*.k12.mi.us",4,2
"k12.mi.us",ICANN,"k12.mi.us",4,2
"k12.mn.us",ICANN,"*.k12.mn.us",4,2
"k12.mn.us",ICANN,"k12.mn.us",4,2
"k12.mo.us",ICANN,"*.k12.mo.us",4,2
"k12.mo.us",ICANN,"k12.mo.us",4,2
"k12.ms.us",ICANN,"*.k12.ms.us",4,2
"k12.ms.us",ICANN,"k12.ms.us",4,2
"k12.mt.us",ICANN,"*.k12.mt.us",4,2
"k12.mt.us",ICANN,"k12.mt.us",4,2
"k12.nc.us",ICANN,"*.k12.nc.us",4,2
"k12.nc.us",ICANN,"k12.nc.us",4,2
"k12.ne.us",ICANN,"*.k12.ne.us",4,2
"k12.ne.us",ICANN,"k12.ne.us",4,2
"k12.nh.us",ICANN,"*.k12.nh.us",4,2
"k12.nh.us",ICANN,"k12.nh.us",4,2
"k12.nj.us",ICANN,"*.k12.nj.us",4,2
"k12.nj.us",ICANN,"k12.nj.us",4,2
"k12.nm.us",ICANN,"*.k12.nm.us",4,2
"k12.nm.us",ICANN,"k12.nm.us",4,2
"k12.nv.us",ICANN,"*.k12.nv.us",4,2
"k12.nv.us",ICANN,"k12.nv.us",4,2
"k12.ny.us",ICANN,"*.k12.ny.us",4,2
"k12.ny.us",ICANN,"k12.ny.us",4,2
"k12.oh.us",ICANN,"*.k12.oh.us",4,2
"k12.oh.us",ICANN,"k12.oh.us",4,2
"k12.ok.us",ICANN,"*.k12.ok.us",4,2
"k12.ok.us",ICANN,"k12.ok.us",4,2
"k12.or.us",ICANN,"*.k12.or.us",4,2
"k12.or.us",ICANN,"k12.or.us",4,2
"k12.pa.us",ICANN,"*.k12.pa.us",4,2
"k12.pa.us",ICANN,"k12.pa.us",4,2
"k12.pr.us",ICANN,"*.k12.pr.us",4,2
"k12.pr.us",ICANN,"k12.pr.us",4,2
"k12.sc.us",ICANN,"*.k12.sc.us",4,2
"k12.sc.us",ICANN,"k12.sc.us",4,2
"k12.tn.us",ICANN,"*.k12.tn.us",4,2
"k12.tn.us",ICANN,"k12.tn.us",4,2
"k12.tx.us",ICANN,"*.k12.tx.us",4,2
"k12.tx.us",ICANN,"k12.tx.us",4,2
"k12.ut.us",ICANN,"*.k12.ut.us",4,2
"k12.ut.us",ICANN,"k12.ut.us",4,2
"k12.va.us",ICANN,"*.k12.va.us",4,2
"k12.va.us",ICANN,"k12.va.us",4,2
"k12.vi.us",ICANN,"*.k12.vi.us",4,2
"k12.vi.us",ICANN,"k12.vi.us",4,2
"k12.vt.us",ICANN,"*.k12.vt.us",4,2
"k12.vt.us",ICANN,"k12.vt.us",4,2
"k12.wa.us",ICANN,"*.k12.wa.us",4,2
"k12.wa.us",ICANN,"k12.wa.us",4,2
"k12.wi.us",ICANN,"*.k12.wi.us",4,2
"k12.wi.us",ICANN,"k12.wi.us",4,2
"cc.ak.us",ICANN,"*.cc.ak.us",4,2
"cc.ak.us",ICANN,"cc.ak.us",4,2
"lib.ak.us",ICANN,"*.lib.ak.us",4,2
"lib.ak.us",ICANN,"lib.ak.us",4,2
"cc.al.us",ICANN,"*.cc.al.us",4,2
"cc.al.us",ICANN,"cc.al.us",4,2
"lib.al.us",ICANN,"*.lib.al.us",4,2
"lib.al.us",ICANN,"lib.al.us",4,2
"cc.ar.us",ICANN,"*.cc.ar.us",4,2
"cc.ar.us",ICANN,"cc.ar.us",4,2
"lib.ar.us",ICANN,"*.lib.ar.us",4,2
"lib.ar.us",ICANN,"lib.ar.us",4,2
"cc.as.us",ICANN,"*.cc.as.us",4,2
"cc.as.us",ICANN,"cc.as.us",4,2
"lib.as.us",ICANN,"*.lib.as.us",4,2
"lib.as.us",ICANN,"lib.as.us",4,2
"cc.az.us",ICANN,"*.cc.az.us",4,2
"cc.az.us",ICANN,"cc.az.us",4,2
"lib.az.us",ICANN,"*.lib.az.us",4,2
"lib.az.us",ICANN,"lib.az.us",4,2
"cc.ca.us",ICANN,"*.cc.ca.us",4,2
"cc.ca.us",ICANN,"cc.ca.us",4,2
"lib.ca.us",ICANN,"*.lib.ca.us",4,2
"lib.ca.us",ICANN,"lib.ca.us",4,2
"cc.co.us",ICANN,"*.cc.co.us",4,2
"cc.co.us",ICANN,"cc.co.us",4,2
"lib.co.us",ICANN,"*.lib.co.us",4,2
"lib.co.us",ICANN,"lib.co.us",4,2
"cc.ct.us",ICANN,"*.cc.ct.us",4,2
"cc.ct.us",ICANN,"cc.ct.us",4,2
"lib.ct.us",ICANN,"*.lib.ct.us",4,2
"lib.ct.us",ICANN,"lib.ct.us",4,2
"cc.dc.us",ICANN,"*.cc.dc.us",4,2
"cc.dc.us",ICANN,"cc.dc.us",4,2
"lib.dc.us",ICANN,"*.lib.dc.us",4,2
"lib.dc.us",ICANN,"lib.dc.us",4,2
"cc.de.us",ICANN,"*.cc.de.us",4,2
"cc.de.us",ICANN,"cc.de.us",4,2
"cc.fl.us",ICANN,"*.cc.fl.us",4,2
"cc.fl.us",ICANN,"cc.fl.us",4,2
"lib.fl.us",ICANN,"*.lib.fl.us",4,2
"lib.fl.us",ICANN,"lib.fl.us",4,2
"cc.ga.us",ICANN,"*.cc.ga.us",4,2
"cc.ga.us",ICANN,"cc.ga.us",4,2
"lib.ga.us",ICANN,"*.lib.ga.us",4,2
"lib.ga.us",ICANN,"lib.ga.us",4,2
"cc.gu.us",ICANN,"*.cc.gu.us",4,2
"cc.gu.us",ICANN,"cc.gu.us",4,2
"lib.gu.us",ICANN,"*.lib.gu.us",4,2
"lib.gu.us",ICANN,"lib.gu.us",4,2
"cc.hi.us",ICANN,"*.cc.hi.us",4,2
"cc.hi.us",ICANN,"cc.hi.us",4,2
"lib.hi.us",ICANN,"*.lib.hi.us",4,2
"lib.hi.us",ICANN,"lib.hi.us",4,2
"cc.ia.us",ICANN,"*.cc.ia.us",4,2
"cc.ia.us",ICANN,"cc.ia.us",4,2
"lib.ia.us",ICANN,"*.lib.ia.us",4,2
"lib.ia.us",ICANN,"lib.ia.us",4,2
"cc.id.us",ICANN,"*.cc.id.us",4,2
"cc.id.us",ICANN,"cc.id.us",4,2
"lib.id.us",ICANN,"*.lib.id.us",4,2
"lib.id.us",ICANN,"lib.id.us",4,2
"cc.il.us",ICANN,"*.cc.il.us",4,2
"cc.il.us",ICANN,"cc.il.us",4,2
"lib.il.us",ICANN,"*.lib.il.us",4,2
"lib.il.us",ICANN,"lib.il.us",4,2
"cc.in.us",ICANN,"*.cc.in.us",4,2
"cc.in.us",ICANN,"cc.in.us",4,2
"lib.in.us",ICANN,"*.lib.in.us",4,2
"lib.in.us",ICANN,"lib.in.us",4,2
"cc.ks.us",ICANN,"*.cc.ks.us",4,2
"cc.ks.us",ICANN,"cc.ks.us",4,2
"lib.ks.us",ICANN,"*.lib.ks.us",4,2
"lib.ks.us",ICANN,"lib.ks.us",4,2
"cc.ky.us",ICANN,"*.cc.ky.us",4,2
"cc.ky.us",ICANN,"cc.ky.us",4,2
"lib.ky.us",ICANN,"*.lib.ky.us",4,2
"lib.ky.us",ICANN,"lib.ky.us",4,2
"cc.la.us",ICANN,"*.cc.la.us",4,2
"cc.la.us",ICANN,"cc.la.us",4,2
"lib.la.us",ICANN,"*.lib.la.us",4,2
"lib.la.us",ICANN,"lib.la.us",4,2
"cc.ma.us",ICANN,"*.cc.ma.us",4,2
"cc.ma.us",ICANN,"cc.ma.us",4,2
"lib.ma.us",ICANN,"*.lib.ma.us",4,2
"lib.ma.us",ICANN,"lib.ma.us",4,2
"cc.md.us",ICANN,"*.cc.md.us",4,2
"cc.md.us",ICANN,"cc.md.us",4,2
"lib.md.us",ICANN,"*.lib.md.us",4,2
"lib.md.us",ICANN,"lib.md.us",4,2
"cc.me.us",ICANN,"*.cc.me.us",4,2
"cc.me.us",ICANN,"cc.me.us",4,2
"lib.me.us",ICANN,"*.lib.me.us",4,2
"lib.me.us",ICANN,"lib.me.us",4,2
"cc.mi.us",ICANN,"*.cc.mi.us",4,2
"cc.mi.us",ICANN,"cc.mi.us",4,2
"lib.mi.us",ICANN,"*.lib.mi.us",4,2
"lib.mi.us",ICANN,"lib.mi.us",4,2
"cc.mn.us",ICANN,"*.cc.mn.us",4,2
"cc.mn.us",ICANN,"cc.mn.us",4,2
"lib.mn.us",ICANN,"*.lib.mn.us",4,2
"lib.mn.us",ICANN,"lib.mn.us",4,2
"cc.mo.us",ICANN,"*.cc.mo.us",4,2
"cc.mo.us",ICANN,"cc.mo.us",4,2
"lib.mo.us",ICANN,"*.lib.mo.us",4,2
"lib.mo.us",ICANN,"lib.mo.us",4,2
"cc.ms.us",ICANN,"*.cc.ms.us",4,2
"cc.ms.us",ICANN,"cc.ms.us",4,2
"cc.mt.us",ICANN,"*.cc.mt.us",4,2
"cc.mt.us",ICANN,"cc.mt.us",4,2
"lib.mt.us",ICANN,"*.lib.mt.us",4,2
"lib.mt.us",ICANN,"lib.mt.us",4,2
"cc.nc.us",ICANN,"*.cc.nc.us",4,2
"cc.nc.us",ICANN,"cc.nc.us",4,2
"lib.nc.us",ICANN,"*.lib.nc.us",4,2
"lib.nc.us",ICANN,"lib.nc.us",4,2
"cc.nd.us",ICANN,"*.cc.nd.us",4,2
"cc.nd.us",ICANN,"cc.nd.us",4,2
"lib.nd.us",ICANN,"*.lib.nd.us",4,2
"lib.nd.us",ICANN,"lib.nd.us",4,2
"cc.ne.us",ICANN,"*.cc.ne.us",4,2
"cc.ne.us",ICANN,"cc.ne.us",4,2
"lib.ne.us",ICANN,"*.lib.ne.us",4,2
"lib.ne.us",ICANN,"lib.ne.us",4,2
"cc.nh.us",ICANN,"*.cc.nh.us",4,2
"cc.nh.us",ICANN,"cc.nh.us",4,2
"lib.nh.us",ICANN,"*.lib.nh.us",4,2
"lib.nh.us",ICANN,"lib.nh.us",4,2
"cc.nj.us",ICANN,"*.cc.nj.us",4,2
"cc.nj.us",ICANN,"cc.nj.us",4,2
"lib.nj.us",ICANN,"*.lib.nj.us",4,2
"lib.nj.us",ICANN,"lib.nj.us",4,2
"cc.nm.us",ICANN,"*.cc.nm.us",4,2
"cc.nm.us",ICANN,"cc.nm.us",4,2
"lib.nm.us",ICANN,"*.lib.nm.us",4,2
"lib.nm.us",ICANN,"lib.nm.us",4,2
"cc.nv.us",ICANN,"*.cc.nv.us",4,2
"cc.nv.us",ICANN,"cc.nv.us",4,2
"lib.nv.us",ICANN,"*.lib.nv.us",4,2
"lib.nv.us",ICANN,"lib.nv.us",4,2
"cc.ny.us",ICANN,"*.cc.ny.us",4,2
"cc.ny.us",ICANN,"cc.ny.us",4,2
"lib.ny.us",ICANN,"*.lib.ny.us",4,2
"lib.ny.us",ICANN,"lib.ny.us",4,2
"cc.oh.us",ICANN,"*.cc.oh.us",4,2
"cc.oh.us",ICANN,"cc.oh.us",4,2
"lib.oh.us",ICANN,"*.lib.oh.us",4,2
"lib.oh.us",ICANN,"lib.oh.us",4,2
"cc.ok.us",ICANN,"*.cc.ok.us",4,2
"cc.ok.us",ICANN,"cc.ok.us",4,2
"lib.ok.us",ICANN,"*.lib.ok.us",4,2
"lib.ok.us",ICANN,"lib.ok.us",4,2
"cc.or.us",ICANN,"*.cc.or.us",4,2
"cc.or.us",ICANN,"cc.or.us",4,2
"lib.or.us",ICANN,"*.lib.or.us",4,2
"lib.or.us",ICANN,"lib.or.us",4,2
"cc.pa.us",ICANN,"*.cc.pa.us",4,2
"cc.pa.us",ICANN,"cc.pa.us",4,2
"lib.pa.us",ICANN,"*.lib.pa.us",4,2
"lib.pa.us",ICANN,"lib.pa.us",4,2
"cc.pr.us",ICANN,"*.cc.pr.us",4,2
"cc.pr.us",ICANN,"cc.pr.us",4,2
"lib.pr.us",ICANN,"*.lib.pr.us",4,2
"lib.pr.us",ICANN,"lib.pr.us",4,2
"cc.ri.us",ICANN,"*.cc.ri.us",4,2
"cc.ri.us",ICANN,"cc.ri.us",4,2
"lib.ri.us",ICANN,"*.lib.ri.us",4,2
"lib.ri.us",ICANN,"lib.ri.us",4,2
"cc.sc.us",ICANN,"*.cc.sc.us",4,2
"cc.sc.us",ICANN,"cc.sc.us",4,2
"lib.sc.us",ICANN,"*.lib.sc.us",4,2
"lib.sc.us",ICANN,"lib.sc.us",4,2
"cc.sd.us",ICANN,"*.cc.sd.us",4,2
"cc.sd.us",ICANN,"cc.sd.us",4,2
"lib.sd.us",ICANN,"*.lib.sd.us",4,2
"lib.sd.us",ICANN,"lib.sd.us",4,2
"cc.tn.us",ICANN,"*.cc.tn.us",4,2
"cc.tn.us",ICANN,"cc.tn.us",4,2
"lib.tn.us",ICANN,"*.lib.tn.us",4,2
"lib.tn.us",ICANN,"lib.tn.us",4,2
"cc.tx.us",ICANN,"*.cc.tx.us",4,2
"cc.tx.us",ICANN,"cc.tx.us",4,2
"lib.tx.us",ICANN,"*.lib.tx.us",4,2
"lib.tx.us",ICANN,"lib.tx.us",4,2
"cc.ut.us",ICANN,"*.cc.ut.us",4,2
"cc.ut.us",ICANN,"cc.ut.us",4,2
"lib.ut.us",ICANN,"*.lib.ut.us",4,2
"lib.ut.us",ICANN,"lib.ut.us",4,2
"cc.va.us",ICANN,"*.cc.va.us",4,2
"cc.va.us",ICANN,"cc.va.us",4,2
"lib.va.us",ICANN,"*.lib.va.us",4,2
"lib.va.us",ICANN,"lib.va.us",4,2
"cc.vi.us",ICANN,"*.cc.vi.us",4,2
"cc.vi.us",ICANN,"cc.vi.us",4,2
"lib.vi.us",ICANN,"*.lib.vi.us",4,2
"lib.vi.us",ICANN,"lib.vi.us",4,2
"cc.vt.us",ICANN,"*.cc.vt.us",4,2
"cc.vt.us",ICANN,"cc.vt.us",4,2
"lib.vt.us",ICANN,"*.lib.vt.us",4,2
"lib.vt.us",ICANN,"lib.vt.us",4,2
"cc.wa.us",ICANN,"*.cc.wa.us",4,2
"cc.wa.us",ICANN,"cc.wa.us",4,2
"lib.wa.us",ICANN,"*.lib.wa.us",4,2
"lib.wa.us",ICANN,"lib.wa.us",4,2
"cc.wi.us",ICANN,"*.cc.wi.us",4,2
"cc.wi.us",ICANN,"cc.wi.us",4,2
"lib.wi.us",ICANN,"*.lib.wi.us",4,2
"lib.wi.us",ICANN,"lib.wi.us",4,2
"cc.wv.us",ICANN,"*.cc.wv.us",4,2
"cc.wv.us",ICANN,"cc.wv.us",4,2
"cc.wy.us",ICANN,"*.cc.wy.us",4,2
"cc.wy.us",ICANN,"cc.wy.us",4,2
"k12.wy.us",ICANN,"*.k12.wy.us",4,2
"k12.wy.us",ICANN,"k12.wy.us",4,2
"lib.wy.us",ICANN,"*.lib.wy.us",4,2
"lib.wy.us",ICANN,"lib.wy.us",4,2
"ann-arbor.mi.us",ICANN,"*.ann-arbor.mi.us",4,2
"ann-arbor.mi.us",ICANN,"ann-arbor.mi.us",4,2
"cog.mi.us",ICANN,"*.cog.mi.us",4,2
"cog.mi.us",ICANN,"cog.mi.us",4,2
"dst.mi.us",ICANN,"*.dst.mi.us",4,2
"dst.mi.us",ICANN,"dst.mi.us",4,2
"eaton.mi.us",ICANN,"*.eaton.mi.us",4,2
"eaton.mi.us",ICANN,"eaton.mi.us",4,2
"gen.mi.us",ICANN,"*.gen.mi.us",4,2
"gen.mi.us",ICANN,"gen.mi.us",4,2
"mus.mi.us",ICANN,"*.mus.mi.us",4,2
"mus.mi.us",ICANN,"mus.mi.us",4,2
"tec.mi.us",ICANN,"*.tec.mi.us",4,2
"tec.mi.us",ICANN,"tec.mi.us",4,2
"washtenaw.mi.us",ICANN,"*.washtenaw.mi.us",4,2
"washtenaw.mi.us",ICANN,"washtenaw.mi.us",4,2
"dyn.addr.tools",PRIVATE,"*.dyn.addr.tools",4,2
"dyn.addr.tools",PRIVATE,"dyn.addr.tools",4,2
"*.dev.adobeaemcloud.com",PRIVATE,"*.dev.adobeaemcloud.com",5,2
"*.dev.adobeaemcloud.com",PRIVATE,"dev.adobeaemcloud.com",5,2
"*.compute.amazonaws.com",PRIVATE,"*.compute.amazonaws.com",5,2
"*.compute.amazonaws.com",PRIVATE,"compute.amazonaws.com",5,2
"*.compute-1.amazonaws.com",PRIVATE,"*.compute-1.amazonaws.com",5,2
"*.compute-1.amazonaws.com",PRIVATE,"compute-1.amazonaws.com",5,2
"us-east-1.amazonaws.com",PRIVATE,"*.us-east-1.amazonaws.com",4,2
"us-east-1.amazonaws.com",PRIVATE,"us-east-1.amazonaws.com",4,2
"s3.amazonaws.com",PRIVATE,"*.s3.amazonaws.com",4,2
"s3.amazonaws.com",PRIVATE,"s3.amazonaws.com",4,2
"s3-1.amazonaws.com",PRIVATE,"*.s3-1.amazonaws.com",4,2
"s3-1.amazonaws.com",PRIVATE,"s3-1.amazonaws.com",4,2
"s3-ap-east-1.amazonaws.com",PRIVATE,"*.s3-ap-east-1.amazonaws.com",4,2
"s3-ap-east-1.amazonaws.com",PRIVATE,"s3-ap-east-1.amazonaws.com",4,2
"s3-ap-northeast-1.amazonaws.com",PRIVATE,"*.s3-ap-northeast-1.amazonaws.com",4,2
"s3-ap-northeast-1.amazonaws.com",PRIVATE,"s3-ap-northeast-1.amazonaws.com",4,2
"s3-ap-northeast-2.amazonaws.com",PRIVATE,"*.s3-ap-northeast-2.amazonaws.com",4,2
"s3-ap-northeast-2.amazonaws.com",PRIVATE,"s3-ap-northeast-2.amazonaws.com",4,2
"s3-ap-northeast-3.amazonaws.com",PRIVATE,"*.s3-ap-northeast-3.amazonaws.com",4,2
"s3-ap-northeast-3.amazonaws.com",PRIVATE,"s3-ap-northeast-3.amazonaws.com",4,2
"s3-ap-south-1.amazonaws.com",PRIVATE,"*.s3-ap-south-1.amazonaws.com",4,2
"s3-ap-south-1.amazonaws.com",PRIVATE,"s3-ap-south-1.amazonaws.com",4,2
"s3-ap-southeast-1.amazonaws.com",PRIVATE,"*.s3-ap-southeast-1.amazonaws.com",4,2
"s3-ap-southeast-1.amazonaws.com",PRIVATE,"s3-ap-southeast-1.amazonaws.com",4,2
"s3-ap-southeast-2.amazonaws.com",PRIVATE,"*.s3-ap-southeast-2.amazonaws.com",4,2
"s3-ap-southeast-2.amazonaws.com",PRIVATE,"s3-ap-southeast-2.amazonaws.com",4,2
"s3-ca-central-1.amazonaws.com",PRIVATE,"*.s3-ca-central-1.amazonaws.com",4,2
"s3-ca-central-1.amazonaws.com",PRIVATE,"s3-ca-central-1.amazonaws.com",4,2
"s3-eu-central-1.amazonaws.com",PRIVATE,"*.s3-eu-central-1.amazonaws.com",4,2
"s3-eu-central-1.amazonaws.com",PRIVATE,"s3-eu-central-1.amazonaws.com",4,2
"s3-eu-north-1.amazonaws.com",PRIVATE,"*.s3-eu-north-1.amazonaws.com",4,2
"s3-eu-north-1.amazonaws.com",PRIVATE,"s3-eu-north-1.amazonaws.com",4,2
"s3-eu-west-1.amazonaws.com",PRIVATE,"*.s3-eu-west-1.amazonaws.com",4,2
"s3-eu-west-1.amazonaws.com",PRIVATE,"s3-eu-west-1.amazonaws.com",4,2
"s3-eu-west-2.amazonaws.com",PRIVATE,"*.s3-eu-west-2.amazonaws.com",4,2
"s3-eu-west-2.amazonaws.com",PRIVATE,"s3-eu-west-2.amazonaws.com",4,2
"s3-eu-west-3.amazonaws.com",PRIVATE,"*.s3-eu-west-3.amazonaws.com",4,2
"s3-eu-west-3.amazonaws.com",PRIVATE,"s3-eu-west-3.amazonaws.com",4,2
"s3-external-1.amazonaws.com",PRIVATE,"*.s3-external-1.amazonaws.com",4,2
"s3-external-1.amazonaws.com",PRIVATE,"s3-external-1.amazonaws.com",4,2
"s3-fips-us-gov-east-1.amazonaws.com",PRIVATE,"*.s3-fips-us-gov-east-1.amazonaws.com",4,2
"s3-fips-us-gov-east-1.amazonaws.com",PRIVATE,"s3-fips-us-gov-east-1.amazonaws.com",4,2
"s3-fips-us-gov-west-1.amazonaws.com",PRIVATE,"*.s3-fips-us-gov-west-1.amazonaws.com",4,2
"s3-fips-us-gov-west-1.amazonaws.com",PRIVATE,"s3-fips-us-gov-west-1.amazonaws.com",4,2
"s3-me-south-1.amazonaws.com",PRIVATE,"*.s3-me-south-1.amazonaws.com",4,2
"s3-me-south-1.amazonaws.com",PRIVATE,"s3-me-south-1.amazonaws.com",4,2
"s3-sa-east-1.amazonaws.com",PRIVATE,"*.s3-sa-east-1.amazonaws.com",4,2
"s3-sa-east-1.amazonaws.com",PRIVATE,"s3-sa-east-1.amazonaws.com",4,2
"s3-us-east-2.amazonaws.com",PRIVATE,"*.s3-us-east-2.amazonaws.com",4,2
"s3-us-east-2.amazonaws.com",PRIVATE,"s3-us-east-2.amazonaws.com",4,2
"s3-us-gov-east-1.amazonaws.com",PRIVATE,"*.s3-us-gov-east-1.amazonaws.com",4,2
"s3-us-gov-east-1.amazonaws.com",PRIVATE,"s3-us-gov-east-1.amazonaws.com",4,2
"s3-us-gov-west-1.amazonaws.com",PRIVATE,"*.s3-us-gov-west-1.amazonaws.com",4,2
"s3-us-gov-west-1.amazonaws.com",PRIVATE,"s3-us-gov-west-1.amazonaws.com",4,2
"s3-us-west-1.amazonaws.com",PRIVATE,"*.s3-us-west-1.amazonaws.com",4,2
"s3-us-west-1.amazonaws.com",PRIVATE,"s3-us-west-1.amazonaws.com",4,2
"s3-us-west-2.amazonaws.com",PRIVATE,"*.s3-us-west-2.amazonaws.com",4,2
"s3-us-west-2.amazonaws.com",PRIVATE,"s3-us-west-2.amazonaws.com",4,2
"s3-website-ap-northeast-1.amazonaws.com",PRIVATE,"*.s3-website-ap-northeast-1.amazonaws.com",4,2
"s3-website-ap-northeast-1.amazonaws.com",PRIVATE,"s3-website-ap-northeast-1.amazonaws.com",4,2
"s3-website-ap-southeast-1.amazonaws.com",PRIVATE,"*.s3-website-ap-southeast-1.amazonaws.com",4,2
"s3-website-ap-southeast-1.amazonaws.com",PRIVATE,"s3-website-ap-southeast-1.amazonaws.com",4,2
"s3-website-ap-southeast-2.amazonaws.com",PRIVATE,"*.s3-website-ap-southeast-2.amazonaws.com",4,2
"s3-website-ap-southeast-2.amazonaws.com",PRIVATE,"s3-website-ap-southeast-2.amazonaws.com",4,2
"s3-website-eu-west-1.amazonaws.com",PRIVATE,"*.s3-website-eu-west-1.amazonaws.com",4,2
"s3-website-eu-west-1.amazonaws.com",PRIVATE,"s3-website-eu-west-1.amazonaws.com",4,2
"s3-website-sa-east-1.amazonaws.com",PRIVATE,"*.s3-website-sa-east-1.amazonaws.com",4,2
"s3-website-sa-east-1.amazonaws.com",PRIVATE,"s3-website-sa-east-1.amazonaws.com",4,2
"s3-website-us-east-1.amazonaws.com",PRIVATE,"*.s3-website-us-east-1.amazonaws.com",4,2
"s3-website-us-east-1.amazonaws.com",PRIVATE,"s3-website-us-east-1.amazonaws.com",4,2
"s3-website-us-gov-west-1.amazonaws.com",PRIVATE,"*.s3-website-us-gov-west-1.amazonaws.com",4,2
"s3-website-us-gov-west-1.amazonaws.com",PRIVATE,"s3-website-us-gov-west-1.amazonaws.com",4,2
"s3-website-us-west-1.amazonaws.com",PRIVATE,"*.s3-website-us-west-1.amazonaws.com",4,2
"s3-website-us-west-1.amazonaws.com",PRIVATE,"s3-website-us-west-1.amazonaws.com",4,2
"s3-website-us-west-2.amazonaws.com",PRIVATE,"*.s3-website-us-west-2.amazonaws.com",4,2
"s3-website-us-west-2.amazonaws.com",PRIVATE,"s3-website-us-west-2.amazonaws.com",4,2
"*.experiments.sagemaker.aws",PRIVATE,"*.experiments.sagemaker.aws",5,2
"*.experiments.sagemaker.aws",PRIVATE,"experiments.sagemaker.aws",5,2
"af-south-1.elasticbeanstalk.com",PRIVATE,"*.af-south-1.elasticbeanstalk.com",4,2
"af-south-1.elasticbeanstalk.com",PRIVATE,"af-south-1.elasticbeanstalk.com",4,2
"ap-east-1.elasticbeanstalk.com",PRIVATE,"*.ap-east-1.elasticbeanstalk.com",4,2
"ap-east-1.elasticbeanstalk.com",PRIVATE,"ap-east-1.elasticbeanstalk.com",4,2
"ap-northeast-1.elasticbeanstalk.com",PRIVATE,"*.ap-northeast-1.elasticbeanstalk.com",4,2
"ap-northeast-1.elasticbeanstalk.com",PRIVATE,"ap-northeast-1.elasticbeanstalk.com",4,2
"ap-northeast-2.elasticbeanstalk.com",PRIVATE,"*.ap-northeast-2.elasticbeanstalk.com",4,2
"ap-northeast-2.elasticbeanstalk.com",PRIVATE,"ap-northeast-2.elasticbeanstalk.com",4,2
"ap-northeast-3.elasticbeanstalk.com",PRIVATE,"*.ap-northeast-3.elasticbeanstalk.com",4,2
"ap-northeast-3.elasticbeanstalk.com",PRIVATE,"ap-northeast-3.elasticbeanstalk.com",4,2
"ap-south-1.elasticbeanstalk.com",PRIVATE,"*.ap-south-1.elasticbeanstalk.com",4,2
"ap-south-1.elasticbeanstalk.com",PRIVATE,"ap-south-1.elasticbeanstalk.com",4,2
"ap-southeast-1.elasticbeanstalk.com",PRIVATE,"*.ap-southeast-1.elasticbeanstalk.com",4,2
"ap-southeast-1.elasticbeanstalk.com",PRIVATE,"ap-southeast-1.elasticbeanstalk.com",4,2
"ap-southeast-2.elasticbeanstalk.com",PRIVATE,"*.ap-southeast-2.elasticbeanstalk.com",4,2
"ap-southeast-2.elasticbeanstalk.com",PRIVATE,"ap-southeast-2.elasticbeanstalk.com",4,2
"ap-southeast-3.elasticbeanstalk.com",PRIVATE,"*.ap-southeast-3.elasticbeanstalk.com",4,2
"ap-southeast-3.elasticbeanstalk.com",PRIVATE,"ap-southeast-3.elasticbeanstalk.com",4,2
"ca-central-1.elasticbeanstalk.com",PRIVATE,"*.ca-central-1.elasticbeanstalk.com",4,2
"ca-central-1.elasticbeanstalk.com",PRIVATE,"ca-central-1.elasticbeanstalk.com",4,2
"eu-central-1.elasticbeanstalk.com",PRIVATE,"*.eu-central-1.elasticbeanstalk.com",4,2
"eu-central-1.elasticbeanstalk.com",PRIVATE,"eu-central-1.elasticbeanstalk.com",4,2
"eu-north-1.elasticbeanstalk.com",PRIVATE,"*.eu-north-1.elasticbeanstalk.com",4,2
"eu-north-1.elasticbeanstalk.com",PRIVATE,"eu-north-1.elasticbeanstalk.com",4,2
"eu-south-1.elasticbeanstalk.com",PRIVATE,"*.eu-south-1.elasticbeanstalk.com",4,2
"eu-south-1.elasticbeanstalk.com",PRIVATE,"eu-south-1.elasticbeanstalk.com",4,2
"eu-west-1.elasticbeanstalk.com",PRIVATE,"*.eu-west-1.elasticbeanstalk.com",4,2
"eu-west-1.elasticbeanstalk.com",PRIVATE,"eu-west-1.elasticbeanstalk.com",4,2
"eu-west-2.elasticbeanstalk.com",PRIVATE,"*.eu-west-2.elasticbeanstalk.com",4,2
"eu-west-2.elasticbeanstalk.com",PRIVATE,"eu-west-2.elasticbeanstalk.com",4,2
"eu-west-3.elasticbeanstalk.com",PRIVATE,"*.eu-west-3.elasticbeanstalk.com",4,2
"eu-west-3.elasticbeanstalk.com",PRIVATE,"eu-west-3.elasticbeanstalk.com",4,2
"il-central-1.elasticbeanstalk.com",PRIVATE,"*.il-central-1.elasticbeanstalk.com",4,2
"il-central-1.elasticbeanstalk.com",PRIVATE,"il-central-1.elasticbeanstalk.com",4,2
"me-south-1.elasticbeanstalk.com",PRIVATE,"*.me-south-1.elasticbeanstalk.com",4,2
"me-south-1.elasticbeanstalk.com",PRIVATE,"me-south-1.elasticbeanstalk.com",4,2
"sa-east-1.elasticbeanstalk.com",PRIVATE,"*.sa-east-1.elasticbeanstalk.com",4,2
"sa-east-1.elasticbeanstalk.com",PRIVATE,"sa-east-1.elasticbeanstalk.com",4,2
"us-east-1.elasticbeanstalk.com",PRIVATE,"*.us-east-1.elasticbeanstalk.com",4,2
"us-east-1.elasticbeanstalk.com",PRIVATE,"us-east-1.elasticbeanstalk.com",4,2
"us-east-2.elasticbeanstalk.com",PRIVATE,"*.us-east-2.elasticbeanstalk.com",4,2
"us-east-2.elasticbeanstalk.com",PRIVATE,"us-east-2.elasticbeanstalk.com",4,2
"us-gov-east-1.elasticbeanstalk.com",PRIVATE,"*.us-gov-east-1.elasticbeanstalk.com",4,2
"us-gov-east-1.elasticbeanstalk.com",PRIVATE,"us-gov-east-1.elasticbeanstalk.com",4,2
"us-gov-west-1.elasticbeanstalk.com",PRIVATE,"*.us-gov-west-1.elasticbeanstalk.com",4,2
"us-gov-west-1.elasticbeanstalk.com",PRIVATE,"us-gov-west-1.elasticbeanstalk.com",4,2
"us-west-1.elasticbeanstalk.com",PRIVATE,"*.us-west-1.elasticbeanstalk.com",4,2
"us-west-1.elasticbeanstalk.com",PRIVATE,"us-west-1.elasticbeanstalk.com",4,2
"us-west-2.elasticbeanstalk.com",PRIVATE,"*.us-west-2.elasticbeanstalk.com",4,2
"us-west-2.elasticbeanstalk.com",PRIVATE,"us-west-2.elasticbeanstalk.com",4,2
"*.elb.amazonaws.com",PRIVATE,"*.elb.amazonaws.com",5,2
"*.elb.amazonaws.com",PRIVATE,"elb.amazonaws.com",5,2
"*.private.repost.aws",PRIVATE,"*.private.repost.aws",5,2
"*.private.repost.aws",PRIVATE,"private.repost.aws",5,2
"d.gv.vc",PRIVATE,"*.d.gv.vc",4,2
"d.gv.vc",PRIVATE,"d.gv.vc",4,2
"user.party.eus",PRIVATE,"*.user.party.eus",4,2
"user.party.eus",PRIVATE,"user.party.eus",4,2
"*.s.brave.app",PRIVATE,"*.s.brave.app",5,2
"*.s.brave.app",PRIVATE,"s.brave.app",5,2
"*.s.brave.io",PRIVATE,"*.s.brave.io",5,2
"*.s.brave.io",PRIVATE,"s.brave.io",5,2
"shop.brendly.ba",PRIVATE,"*.shop.brendly.ba",4,2
"shop.brendly.ba",PRIVATE,"shop.brendly.ba",4,2
"shop.brendly.hr",PRIVATE,"*.shop.brendly.hr",4,2
"shop.brendly.hr",PRIVATE,"shop.brendly.hr",4,2
"shop.brendly.rs",PRIVATE,"*.shop.brendly.rs",4,2
"shop.brendly.rs",PRIVATE,"shop.brendly.rs",4,2
"cdn.bubble.io",PRIVATE,"*.cdn.bubble.io",4,2
"cdn.bubble.io",PRIVATE,"cdn.bubble.io",4,2
"uk0.bigv.io",PRIVATE,"*.uk0.bigv.io",4,2
"uk0.bigv.io",PRIVATE,"uk0.bigv.io",4,2
"my.canvasite.cn",PRIVATE,"*.my.canvasite.cn",4,2
"my.canvasite.cn",PRIVATE,"my.canvasite.cn",4,2
"my.canva.site",PRIVATE,"*.my.canva.site",4,2
"my.canva.site",PRIVATE,"my.canva.site",4,2
"api.gov.uk",PRIVATE,"*.api.gov.uk",4,2
"api.gov.uk",PRIVATE,"api.gov.uk",4,2
"rsc.contentproxy9.cz",PRIVATE,"*.rsc.contentproxy9.cz",4,2
"rsc.contentproxy9.cz",PRIVATE,"rsc.contentproxy9.cz",4,2
"r.cdn77.net",PRIVATE,"*.r.cdn77.net",4,2
"r.cdn77.net",PRIVATE,"r.cdn77.net",4,2
"c.cdn77.org",PRIVATE,"*.c.cdn77.org",4,2
"c.cdn77.org",PRIVATE,"c.cdn77.org",4,2
"rsc.cdn77.org",PRIVATE,"*.rsc.cdn77.org",4,2
"rsc.cdn77.org",PRIVATE,"rsc.cdn77.org",4,2
"*.services.clever-cloud.com",PRIVATE,"*.services.clever-cloud.com",5,2
"*.services.clever-cloud.com",PRIVATE,"services.clever-cloud.com",5,2
"cdn.cloudflare.net",PRIVATE,"*.cdn.cloudflare.net",4,2
"cdn.cloudflare.net",PRIVATE,"cdn.cloudflare.net",4,2
"cdn.cloudflareanycast.net",PRIVATE,"*.cdn.cloudflareanycast.net",4,2
"cdn.cloudflareanycast.net",PRIVATE,"cdn.cloudflareanycast.net",4,2
"cdn.cloudflarecn.net",PRIVATE,"*.cdn.cloudflarecn.net",4,2
"cdn.cloudflarecn.net",PRIVATE,"cdn.cloudflarecn.net",4,2
"cdn.cloudflareglobal.net",PRIVATE,"*.cdn.cloudflareglobal.net",4,2
"cdn.cloudflareglobal.net",PRIVATE,"cdn.cloudflareglobal.net",4,2
"cust.cloudscale.ch",PRIVATE,"*.cust.cloudscale.ch",4,2
"cust.cloudscale.ch",PRIVATE,"cust.cloudscale.ch",4,2
"lpg.objectstorage.ch",PRIVATE,"*.lpg.objectstorage.ch",4,2
"lpg.objectstorage.ch",PRIVATE,"lpg.objectstorage.ch",4,2
"rma.objectstorage.ch",PRIVATE,"*.rma.objectstorage.ch",4,2
"rma.objectstorage.ch",PRIVATE,"rma.objectstorage.ch",4,2
"preview.csb.app",PRIVATE,"*.preview.csb.app",4,2
"preview.csb.app",PRIVATE,"preview.csb.app",4,2
"dyn.cosidns.de",PRIVATE,"*.dyn.cosidns.de",4,2
"dyn.cosidns.de",PRIVATE,"dyn.cosidns.de",4,2
"on.crisp.email",PRIVATE,"*.on.crisp.email",4,2
"on.crisp.email",PRIVATE,"on.crisp.email",4,2
"dyndns.dappnode.io",PRIVATE,"*.dyndns.dappnode.io",4,2
"dyndns.dappnode.io",PRIVATE,"dyndns.dappnode.io",4,2
"demo.datadetect.com",PRIVATE,"*.demo.datadetect.com",4,2
"demo.datadetect.com",PRIVATE,"demo.datadetect.com",4,2
"instance.datadetect.com",PRIVATE,"*.instance.datadetect.com",4,2
"instance.datadetect.com",PRIVATE,"instance.datadetect.com",4,2
"dyn.ddnss.de",PRIVATE,"*.dyn.ddnss.de",4,2
"dyn.ddnss.de",PRIVATE,"dyn.ddnss.de",4,2
"dyndns.ddnss.de",PRIVATE,"*.dyndns.ddnss.de",4,2
"dyndns.ddnss.de",PRIVATE,"dyndns.ddnss.de",4,2
"dyn.home-webserver.de",PRIVATE,"*.dyn.home-webserver.de",4,2
"dyn.home-webserver.de",PRIVATE,"dyn.home-webserver.de",4,2
"*.raw.icp0.io",PRIVATE,"*.raw.icp0.io",5,2
"*.raw.icp0.io",PRIVATE,"raw.icp0.io",5,2
"*.raw.icp1.io",PRIVATE,"*.raw.icp1.io",5,2
"*.raw.icp1.io",PRIVATE,"raw.icp1.io",5,2
"forgot.her.name",PRIVATE,"*.forgot.her.name",4,2
"forgot.her.name",PRIVATE,"forgot.her.name",4,2
"forgot.his.name",PRIVATE,"*.forgot.his.name",4,2
"forgot.his.name",PRIVATE,"forgot.his.name",4,2
"go.dyndns.org",PRIVATE,"*.go.dyndns.org",4,2
"go.dyndns.org",PRIVATE,"go.dyndns.org",4,2
"home.dyndns.org",PRIVATE,"*.home.dyndns.org",4,2
"home.dyndns.org",PRIVATE,"home.dyndns.org",4,2
"mymailer.com.tw",PRIVATE,"*.mymailer.com.tw",4,2
"mymailer.com.tw",PRIVATE,"mymailer.com.tw",4,2
"at.emf.camp",PRIVATE,"*.at.emf.camp",4,2
"at.emf.camp",PRIVATE,"at.emf.camp",4,2
"frontend.encr.app",PRIVATE,"*.frontend.encr.app",4,2
"frontend.encr.app",PRIVATE,"frontend.encr.app",4,2
"api.lp.dev",PRIVATE,"*.api.lp.dev",4,2
"api.lp.dev",PRIVATE,"api.lp.dev",4,2
"objects.lp.dev",PRIVATE,"*.objects.lp.dev",4,2
"objects.lp.dev",PRIVATE,"objects.lp.dev",4,2
"eu.encoway.cloud",PRIVATE,"*.eu.encoway.cloud",4,2
"eu.encoway.cloud",PRIVATE,"eu.encoway.cloud",4,2
"al.eu.org",PRIVATE,"*.al.eu.org",4,2
"al.eu.org",PRIVATE,"al.eu.org",4,2
"asso.eu.org",PRIVATE,"*.asso.eu.org",4,2
"asso.eu.org",PRIVATE,"asso.eu.org",4,2
"at.eu.org",PRIVATE,"*.at.eu.org",4,2
"at.eu.org",PRIVATE,"at.eu.org",4,2
"au.eu.org",PRIVATE,"*.au.eu.org",4,2
"au.eu.org",PRIVATE,"au.eu.org",4,2
"be.eu.org",PRIVATE,"*.be.eu.org",4,2
"be.eu.org",PRIVATE,"be.eu.org",4,2
"bg.eu.org",PRIVATE,"*.bg.eu.org",4,2
"bg.eu.org",PRIVATE,"bg.eu.org",4,2
"ca.eu.org",PRIVATE,"*.ca.eu.org",4,2
"ca.eu.org",PRIVATE,"ca.eu.org",4,2
"cd.eu.org",PRIVATE,"*.cd.eu.org",4,2
"cd.eu.org",PRIVATE,"cd.eu.org",4,2
"ch.eu.org",PRIVATE,"*.ch.eu.org",4,2
"ch.eu.org",PRIVATE,"ch.eu.org",4,2
"cn.eu.org",PRIVATE,"*.cn.eu.org",4,2
"cn.eu.org",PRIVATE,"cn.eu.org",4,2
"cy.eu.org",PRIVATE,"*.cy.eu.org",4,2
"cy.eu.org",PRIVATE,"cy.eu.org",4,2
"cz.eu.org",PRIVATE,"*.cz.eu.org",4,2
"cz.eu.org",PRIVATE,"cz.eu.org",4,2
"de.eu.org",PRIVATE,"*.de.eu.org",4,2
"de.eu.org",PRIVATE,"de.eu.org",4,2
"dk.eu.org",PRIVATE,"*.dk.eu.org",4,2
"dk.eu.org",PRIVATE,"dk.eu.org",4,2
"edu.eu.org",PRIVATE,"*.edu.eu.org",4,2
"edu.eu.org",PRIVATE,"edu.eu.org",4,2
"ee.eu.org",PRIVATE,"*.ee.eu.org",4,2
"ee.eu.org",PRIVATE,"ee.eu.org",4,2
"es.eu.org",PRIVATE,"*.es.eu.org",4,2
"es.eu.org",PRIVATE,"es.eu.org",4,2
"fi.eu.org",PRIVATE,"*.fi.eu.org",4,2
"fi.eu.org",PRIVATE,"fi.eu.org",4,2
"fr.eu.org",PRIVATE,"*.fr.eu.org",4,2
"fr.eu.org",PRIVATE,"fr.eu.org",4,2
"gr.eu.org",PRIVATE,"*.gr.eu.org",4,2
"gr.eu.org",PRIVATE,"gr.eu.org",4,2
"hr.eu.org",PRIVATE,"*.hr.eu.org",4,2
"hr.eu.org",PRIVATE,"hr.eu.org",4,2
"hu.eu.org",PRIVATE,"*.hu.eu.org",4,2
"hu.eu.org",PRIVATE,"hu.eu.org",4,2
"ie.eu.org",PRIVATE,"*.ie.eu.org",4,2
"ie.eu.org",PRIVATE,"ie.eu.org",4,2
"il.eu.org",PRIVATE,"*.il.eu.org",4,2
"il.eu.org",PRIVATE,"il.eu.org",4,2
"in.eu.org",PRIVATE,"*.in.eu.org",4,2
"in.eu.org",PRIVATE,"in.eu.org",4,2
"int.eu.org",PRIVATE,"*.int.eu.org",4,2
"int.eu.org",PRIVATE,"int.eu.org",4,2
"is.eu.org",PRIVATE,"*.is.eu.org",4,2
"is.eu.org",PRIVATE,"is.eu.org",4,2
"it.eu.org",PRIVATE,"*.it.eu.org",4,2
"it.eu.org",PRIVATE,"it.eu.org",4,2
"jp.eu.org",PRIVATE,"*.jp.eu.org",4,2
"jp.eu.org",PRIVATE,"jp.eu.org",4,2
"kr.eu.org",PRIVATE,"*.kr.eu.org",4,2
"kr.eu.org",PRIVATE,"kr.eu.org",4,2
"lt.eu.org",PRIVATE,"*.lt.eu.org",4,2
"lt.eu.org",PRIVATE,"lt.eu.org",4,2
"lu.eu.org",PRIVATE,"*.lu.eu.org",4,2
"lu.eu.org",PRIVATE,"lu.eu.org",4,2
"lv.eu.org",PRIVATE,"*.lv.eu.org",4,2
"lv.eu.org",PRIVATE,"lv.eu.org",4,2
"me.eu.org",PRIVATE,"*.me.eu.org",4,2
"me.eu.org",PRIVATE,"me.eu.org",4,2
"mk.eu.org",PRIVATE,"*.mk.eu.org",4,2
"mk.eu.org",PRIVATE,"mk.eu.org",4,2
"mt.eu.org",PRIVATE,"*.mt.eu.org",4,2
"mt.eu.org",PRIVATE,"mt.eu.org",4,2
"my.eu.org",PRIVATE,"*.my.eu.org",4,2
"my.eu.org",PRIVATE,"my.eu.org",4,2
"net.eu.org",PRIVATE,"*.net.eu.org",4,2
"net.eu.org",PRIVATE,"net.eu.org",4,2
"ng.eu.org",PRIVATE,"*.ng.eu.org",4,2
"ng.eu.org",PRIVATE,"ng.eu.org",4,2
"nl.eu.org",PRIVATE,"*.nl.eu.org",4,2
"nl.eu.org",PRIVATE,"nl.eu.org",4,2
"no.eu.org",PRIVATE,"*.no.eu.org",4,2
"no.eu.org",PRIVATE,"no.eu.org",4,2
"nz.eu.org",PRIVATE,"*.nz.eu.org",4,2
"nz.eu.org",PRIVATE,"nz.eu.org",4,2
"pl.eu.org",PRIVATE,"*.pl.eu.org",4,2
"pl.eu.org",PRIVATE,"pl.eu.org",4,2
"pt.eu.org",PRIVATE,"*.pt.eu.org",4,2
"pt.eu.org",PRIVATE,"pt.eu.org",4,2
"ro.eu.org",PRIVATE,"*.ro.eu.org",4,2
"ro.eu.org",PRIVATE,"ro.eu.org",4,2
"ru.eu.org",PRIVATE,"*.ru.eu.org",4,2
"ru.eu.org",PRIVATE,"ru.eu.org",4,2
"se.eu.org",PRIVATE,"*.se.eu.org",4,2
"se.eu.org",PRIVATE,"se.eu.org",4,2
"si.eu.org",PRIVATE,"*.si.eu.org",4,2
"si.eu.org",PRIVATE,"si.eu.org",4,2
"sk.eu.org",PRIVATE,"*.sk.eu.org",4,2
"sk.eu.org",PRIVATE,"sk.eu.org",4,2
"tr.eu.org",PRIVATE,"*.tr.eu.org",4,2
"tr.eu.org",PRIVATE,"tr.eu.org",4,2
"uk.eu.org",PRIVATE,"*.uk.eu.org",4,2
"uk.eu.org",PRIVATE,"uk.eu.org",4,2
"us.eu.org",PRIVATE,"*.us.eu.org",4,2
"us.eu.org",PRIVATE,"us.eu.org",4,2
"eu-1.evennode.com",PRIVATE,"*.eu-1.evennode.com",4,2
"eu-1.evennode.com",PRIVATE,"eu-1.evennode.com",4,2
"eu-2.evennode.com",PRIVATE,"*.eu-2.evennode.com",4,2
"eu-2.evennode.com",PRIVATE,"eu-2.evennode.com",4,2
"eu-3.evennode.com",PRIVATE,"*.eu-3.evennode.com",4,2
"eu-3.evennode.com",PRIVATE,"eu-3.evennode.com",4,2
"eu-4.evennode.com",PRIVATE,"*.eu-4.evennode.com",4,2
"eu-4.evennode.com",PRIVATE,"eu-4.evennode.com",4,2
"us-1.evennode.com",PRIVATE,"*.us-1.evennode.com",4,2
"us-1.evennode.com",PRIVATE,"us-1.evennode.com",4,2
"us-2.evennode.com",PRIVATE,"*.us-2.evennode.com",4,2
"us-2.evennode.com",PRIVATE,"us-2.evennode.com",4,2
"us-3.evennode.com",PRIVATE,"*.us-3.evennode.com",4,2
"us-3.evennode.com",PRIVATE,"us-3.evennode.com",4,2
"us-4.evennode.com",PRIVATE,"*.us-4.evennode.com",4,2
"us-4.evennode.com",PRIVATE,"us-4.evennode.com",4,2
"relay.evervault.app",PRIVATE,"*.relay.evervault.app",4,2
"relay.evervault.app",PRIVATE,"relay.evervault.app",4,2
"relay.evervault.dev",PRIVATE,"*.relay.evervault.dev",4,2
"relay.evervault.dev",PRIVATE,"relay.evervault.dev",4,2
"staging.expo.app",PRIVATE,"*.staging.expo.app",4,2
"staging.expo.app",PRIVATE,"staging.expo.app",4,2
"u.channelsdvr.net",PRIVATE,"*.u.channelsdvr.net",4,2
"u.channelsdvr.net",PRIVATE,"u.channelsdvr.net",4,2
"freetls.fastly.net",PRIVATE,"*.freetls.fastly.net",4,2
"freetls.fastly.net",PRIVATE,"freetls.fastly.net",4,2
"map.fastly.net",PRIVATE,"*.map.fastly.net",4,2
"map.fastly.net",PRIVATE,"map.fastly.net",4,2
"map.fastlylb.net",PRIVATE,"*.map.fastlylb.net",4,2
"map.fastlylb.net",PRIVATE,"map.fastlylb.net",4,2
"cloud.fedoraproject.org",PRIVATE,"*.cloud.fedoraproject.org",4,2
"cloud.fedoraproject.org",PRIVATE,"cloud.fedoraproject.org",4,2
"id.forgerock.io",PRIVATE,"*.id.forgerock.io",4,2
"id.forgerock.io",PRIVATE,"id.forgerock.io",4,2
"wien.funkfeuer.at",PRIVATE,"*.wien.funkfeuer.at",4,2
"wien.funkfeuer.at",PRIVATE,"wien.funkfeuer.at",4,2
"*.ex.futurecms.at",PRIVATE,"*.ex.futurecms.at",5,2
"*.ex.futurecms.at",PRIVATE,"ex.futurecms.at",5,2
"*.in.futurecms.at",PRIVATE,"*.in.futurecms.at",5,2
"*.in.futurecms.at",PRIVATE,"in.futurecms.at",5,2
"*.ex.ortsinfo.at",PRIVATE,"*.ex.ortsinfo.at",5,2
"*.ex.ortsinfo.at",PRIVATE,"ex.ortsinfo.at",5,2
"*.kunden.ortsinfo.at",PRIVATE,"*.kunden.ortsinfo.at",5,2
"*.kunden.ortsinfo.at",PRIVATE,"kunden.ortsinfo.at",5,2
"campaign.gov.uk",PRIVATE,"*.campaign.gov.uk",4,2
"campaign.gov.uk",PRIVATE,"campaign.gov.uk",4,2
"service.gov.uk",PRIVATE,"*.service.gov.uk",4,2
"service.gov.uk",PRIVATE,"service.gov.uk",4,2
"gehirn.ne.jp",PRIVATE,"*.gehirn.ne.jp",4,2
"gehirn.ne.jp",PRIVATE,"gehirn.ne.jp",4,2
"*.mtls.run.app",PRIVATE,"*.mtls.run.app",5,2
"*.mtls.run.app",PRIVATE,"mtls.run.app",5,2
"*.r.appspot.com",PRIVATE,"*.r.appspot.com",5,2
"*.r.appspot.com",PRIVATE,"r.appspot.com",5,2
"london.cloudapps.digital",PRIVATE,"*.london.cloudapps.digital",4,2
"london.cloudapps.digital",PRIVATE,"london.cloudapps.digital",4,2
"co.biz.ng",PRIVATE,"*.co.biz.ng",4,2
"co.biz.ng",PRIVATE,"co.biz.ng",4,2
"dl.biz.ng",PRIVATE,"*.dl.biz.ng",4,2
"dl.biz.ng",PRIVATE,"dl.biz.ng",4,2
"go.biz.ng",PRIVATE,"*.go.biz.ng",4,2
"go.biz.ng",PRIVATE,"go.biz.ng",4,2
"lg.biz.ng",PRIVATE,"*.lg.biz.ng",4,2
"lg.biz.ng",PRIVATE,"lg.biz.ng",4,2
"on.biz.ng",PRIVATE,"*.on.biz.ng",4,2
"on.biz.ng",PRIVATE,"on.biz.ng",4,2
"static.hf.space",PRIVATE,"*.static.hf.space",4,2
"static.hf.space",PRIVATE,"static.hf.space",4,2
"ac.leg.br",PRIVATE,"*.ac.leg.br",4,2
"ac.leg.br",PRIVATE,"ac.leg.br",4,2
"al.leg.br",PRIVATE,"*.al.leg.br",4,2
"al.leg.br",PRIVATE,"al.leg.br",4,2
"am.leg.br",PRIVATE,"*.am.leg.br",4,2
"am.leg.br",PRIVATE,"am.leg.br",4,2
"ap.leg.br",PRIVATE,"*.ap.leg.br",4,2
"ap.leg.br",PRIVATE,"ap.leg.br",4,2
"ba.leg.br",PRIVATE,"*.ba.leg.br",4,2
"ba.leg.br",PRIVATE,"ba.leg.br",4,2
"ce.leg.br",PRIVATE,"*.ce.leg.br",4,2
"ce.leg.br",PRIVATE,"ce.leg.br",4,2
"df.leg.br",PRIVATE,"*.df.leg.br",4,2
"df.leg.br",PRIVATE,"df.leg.br",4,2
"es.leg.br",PRIVATE,"*.es.leg.br",4,2
"es.leg.br",PRIVATE,"es.leg.br",4,2
"go.leg.br",PRIVATE,"*.go.leg.br",4,2
"go.leg.br",PRIVATE,"go.leg.br",4,2
"ma.leg.br",PRIVATE,"*.ma.leg.br",4,2
"ma.leg.br",PRIVATE,"ma.leg.br",4,2
"mg.leg.br",PRIVATE,"*.mg.leg.br",4,2
"mg.leg.br",PRIVATE,"mg.leg.br",4,2
"ms.leg.br",PRIVATE,"*.ms.leg.br",4,2
"ms.leg.br",PRIVATE,"ms.leg.br",4,2
"mt.leg.br",PRIVATE,"*.mt.leg.br",4,2
"mt.leg.br",PRIVATE,"mt.leg.br",4,2
"pa.leg.br",PRIVATE,"*.pa.leg.br",4,2
"pa.leg.br",PRIVATE,"pa.leg.br",4,2
"pb.leg.br",PRIVATE,"*.pb.leg.br",4,2
"pb.leg.br",PRIVATE,"pb.leg.br",4,2
"pe.leg.br",PRIVATE,"*.pe.leg.br",4,2
"pe.leg.br",PRIVATE,"pe.leg.br",4,2
"pi.leg.br",PRIVATE,"*.pi.leg.br",4,2
"pi.leg.br",PRIVATE,"pi.leg.br",4,2
"pr.leg.br",PRIVATE,"*.pr.leg.br",4,2
"pr.leg.br",PRIVATE,"pr.leg.br",4,2
"rj.leg.br",PRIVATE,"*.rj.leg.br",4,2
"rj.leg.br",PRIVATE,"rj.leg.br",4,2
"rn.leg.br",PRIVATE,"*.rn.leg.br",4,2
"rn.leg.br",PRIVATE,"rn.leg.br",4,2
"ro.leg.br",PRIVATE,"*.ro.leg.br",4,2
"ro.leg.br",PRIVATE,"ro.leg.br",4,2
"rr.leg.br",PRIVATE,"*.rr.leg.br",4,2
"rr.leg.br",PRIVATE,"rr.leg.br",4,2
"rs.leg.br",PRIVATE,"*.rs.leg.br",4,2
"rs.leg.br",PRIVATE,"rs.leg.br",4,2
"sc.leg.br",PRIVATE,"*.sc.leg.br",4,2
"sc.leg.br",PRIVATE,"sc.leg.br",4,2
"se.leg.br",PRIVATE,"*.se.leg.br",4,2
"se.leg.br",PRIVATE,"se.leg.br",4,2
"sp.leg.br",PRIVATE,"*.sp.leg.br",4,2
"sp.leg.br",PRIVATE,"sp.leg.br",4,2
"to.leg.br",PRIVATE,"*.to.leg.br",4,2
"to.leg.br",PRIVATE,"to.leg.br",4,2
"cloud.interhostsolutions.be",PRIVATE,"*.cloud.interhostsolutions.be",4,2
"cloud.interhostsolutions.be",PRIVATE,"cloud.interhostsolutions.be",4,2
"appengine.flow.ch",PRIVATE,"*.appengine.flow.ch",4,2
"appengine.flow.ch",PRIVATE,"appengine.flow.ch",4,2
"es-1.axarnet.cloud",PRIVATE,"*.es-1.axarnet.cloud",4,2
"es-1.axarnet.cloud",PRIVATE,"es-1.axarnet.cloud",4,2
"vip.jelastic.cloud",PRIVATE,"*.vip.jelastic.cloud",4,2
"vip.jelastic.cloud",PRIVATE,"vip.jelastic.cloud",4,2
"it1.jenv-aruba.cloud",PRIVATE,"*.it1.jenv-aruba.cloud",4,2
"it1.jenv-aruba.cloud",PRIVATE,"it1.jenv-aruba.cloud",4,2
"cs.keliweb.cloud",PRIVATE,"*.cs.keliweb.cloud",4,2
"cs.keliweb.cloud",PRIVATE,"cs.keliweb.cloud",4,2
"tn.oxa.cloud",PRIVATE,"*.tn.oxa.cloud",4,2
"tn.oxa.cloud",PRIVATE,"tn.oxa.cloud",4,2
"uk.oxa.cloud",PRIVATE,"*.uk.oxa.cloud",4,2
"uk.oxa.cloud",PRIVATE,"uk.oxa.cloud",4,2
"uk.primetel.cloud",PRIVATE,"*.uk.primetel.cloud",4,2
"uk.primetel.cloud",PRIVATE,"uk.primetel.cloud",4,2
"ca.reclaim.cloud",PRIVATE,"*.ca.reclaim.cloud",4,2
"ca.reclaim.cloud",PRIVATE,"ca.reclaim.cloud",4,2
"uk.reclaim.cloud",PRIVATE,"*.uk.reclaim.cloud",4,2
"uk.reclaim.cloud",PRIVATE,"uk.reclaim.cloud",4,2
"us.reclaim.cloud",PRIVATE,"*.us.reclaim.cloud",4,2
"us.reclaim.cloud",PRIVATE,"us.reclaim.cloud",4,2
"ch.trendhosting.cloud",PRIVATE,"*.ch.trendhosting.cloud",4,2
"ch.trendhosting.cloud",PRIVATE,"ch.trendhosting.cloud",4,2
"de.trendhosting.cloud",PRIVATE,"*.de.trendhosting.cloud",4,2
"de.trendhosting.cloud",PRIVATE,"de.trendhosting.cloud",4,2
"paas.hosted-by-previder.com",PRIVATE,"*.paas.hosted-by-previder.com",4,2
"paas.hosted-by-previder.com",PRIVATE,"paas.hosted-by-previder.com",4,2
"rag-cloud.hosteur.com",PRIVATE,"*.rag-cloud.hosteur.com",4,2
"rag-cloud.hosteur.com",PRIVATE,"rag-cloud.hosteur.com",4,2
"rag-cloud-ch.hosteur.com",PRIVATE,"*.rag-cloud-ch.hosteur.com",4,2
"rag-cloud-ch.hosteur.com",PRIVATE,"rag-cloud-ch.hosteur.com",4,2
"jcloud.ik-server.com",PRIVATE,"*.jcloud.ik-server.com",4,2
"jcloud.ik-server.com",PRIVATE,"jcloud.ik-server.com",4,2
"jcloud-ver-jpc.ik-server.com",PRIVATE,"*.jcloud-ver-jpc.ik-server.com",4,2
"jcloud-ver-jpc.ik-server.com",PRIVATE,"jcloud-ver-jpc.ik-server.com",4,2
"demo.jelastic.com",PRIVATE,"*.demo.jelastic.com",4,2
"demo.jelastic.com",PRIVATE,"demo.jelastic.com",4,2
"paas.massivegrid.com",PRIVATE,"*.paas.massivegrid.com",4,2
"paas.massivegrid.com",PRIVATE,"paas.massivegrid.com",4,2
"jed.wafaicloud.com",PRIVATE,"*.jed.wafaicloud.com",4,2
"jed.wafaicloud.com",PRIVATE,"jed.wafaicloud.com",4,2
"ryd.wafaicloud.com",PRIVATE,"*.ryd.wafaicloud.com",4,2
"ryd.wafaicloud.com",PRIVATE,"ryd.wafaicloud.com",4,2
"jelastic.dogado.eu",PRIVATE,"*.jelastic.dogado.eu",4,2
"jelastic.dogado.eu",PRIVATE,"jelastic.dogado.eu",4,2
"fi.cloudplatform.fi",PRIVATE,"*.fi.cloudplatform.fi",4,2
"fi.cloudplatform.fi",PRIVATE,"fi.cloudplatform.fi",4,2
"demo.datacenter.fi",PRIVATE,"*.demo.datacenter.fi",4,2
"demo.datacenter.fi",PRIVATE,"demo.datacenter.fi",4,2
"paas.datacenter.fi",PRIVATE,"*.paas.datacenter.fi",4,2
"paas.datacenter.fi",PRIVATE,"paas.datacenter.fi",4,2
"paas.beebyte.io",PRIVATE,"*.paas.beebyte.io",4,2
"paas.beebyte.io",PRIVATE,"paas.beebyte.io",4,2
"sekd1.beebyteapp.io",PRIVATE,"*.sekd1.beebyteapp.io",4,2
"sekd1.beebyteapp.io",PRIVATE,"sekd1.beebyteapp.io",4,2
"jc.neen.it",PRIVATE,"*.jc.neen.it",4,2
"jc.neen.it",PRIVATE,"jc.neen.it",4,2
"fra1-de.cloudjiffy.net",PRIVATE,"*.fra1-de.cloudjiffy.net",4,2
"fra1-de.cloudjiffy.net",PRIVATE,"fra1-de.cloudjiffy.net",4,2
"west1-us.cloudjiffy.net",PRIVATE,"*.west1-us.cloudjiffy.net",4,2
"west1-us.cloudjiffy.net",PRIVATE,"west1-us.cloudjiffy.net",4,2
"jls-sto1.elastx.net",PRIVATE,"*.jls-sto1.elastx.net",4,2
"jls-sto1.elastx.net",PRIVATE,"jls-sto1.elastx.net",4,2
"jls-sto2.elastx.net",PRIVATE,"*.jls-sto2.elastx.net",4,2
"jls-sto2.elastx.net",PRIVATE,"jls-sto2.elastx.net",4,2
"jls-sto3.elastx.net",PRIVATE,"*.jls-sto3.elastx.net",4,2
"jls-sto3.elastx.net",PRIVATE,"jls-sto3.elastx.net",4,2
"jelastic.saveincloud.net",PRIVATE,"*.jelastic.saveincloud.net",4,2
"jelastic.saveincloud.net",PRIVATE,"jelastic.saveincloud.net",4,2
"nordeste-idc.saveincloud.net",PRIVATE,"*.nordeste-idc.saveincloud.net",4,2
"nordeste-idc.saveincloud.net",PRIVATE,"nordeste-idc.saveincloud.net",4,2
"j.scaleforce.net",PRIVATE,"*.j.scaleforce.net",4,2
"j.scaleforce.net",PRIVATE,"j.scaleforce.net",4,2
"phx.enscaled.us",PRIVATE,"*.phx.enscaled.us",4,2
"phx.enscaled.us",PRIVATE,"phx.enscaled.us",4,2
"*.hosting.myjino.ru",PRIVATE,"*.hosting.myjino.ru",5,2
"*.hosting.myjino.ru",PRIVATE,"hosting.myjino.ru",5,2
"*.landing.myjino.ru",PRIVATE,"*.landing.myjino.ru",5,2
"*.landing.myjino.ru",PRIVATE,"landing.myjino.ru",5,2
"*.spectrum.myjino.ru",PRIVATE,"*.spectrum.myjino.ru",5,2
"*.spectrum.myjino.ru",PRIVATE,"spectrum.myjino.ru",5,2
"*.vps.myjino.ru",PRIVATE,"*.vps.myjino.ru",5,2
"*.vps.myjino.ru",PRIVATE,"vps.myjino.ru",5,2
"*.cns.joyent.com",PRIVATE,"*.cns.joyent.com",5,2
"*.cns.joyent.com",PRIVATE,"cns.joyent.com",5,2
"ezproxy.kuleuven.be",PRIVATE,"*.ezproxy.kuleuven.be",4,2
"ezproxy.kuleuven.be",PRIVATE,"ezproxy.kuleuven.be",4,2
"iran.liara.run",PRIVATE,"*.iran.liara.run",4,2
"iran.liara.run",PRIVATE,"iran.liara.run",4,2
"members.linode.com",PRIVATE,"*.members.linode.com",4,2
"members.linode.com",PRIVATE,"members.linode.com",4,2
"*.nodebalancer.linode.com",PRIVATE,"*.nodebalancer.linode.com",5,2
"*.nodebalancer.linode.com",PRIVATE,"nodebalancer.linode.com",5,2
"ip.linodeusercontent.com",PRIVATE,"*.ip.linodeusercontent.com",4,2
"ip.linodeusercontent.com",PRIVATE,"ip.linodeusercontent.com",4,2
"*.user.localcert.dev",PRIVATE,"*.user.localcert.dev",5,2
"*.user.localcert.dev",PRIVATE,"user.localcert.dev",5,2
"glug.org.uk",PRIVATE,"*.glug.org.uk",4,2
"glug.org.uk",PRIVATE,"glug.org.uk",4,2
"lug.org.uk",PRIVATE,"*.lug.org.uk",4,2
"lug.org.uk",PRIVATE,"lug.org.uk",4,2
"lugs.org.uk",PRIVATE,"*.lugs.org.uk",4,2
"lugs.org.uk",PRIVATE,"lugs.org.uk",4,2
"barsy.co.uk",PRIVATE,"*.barsy.co.uk",4,2
"barsy.co.uk",PRIVATE,"barsy.co.uk",4,2
"barsyonline.co.uk",PRIVATE,"*.barsyonline.co.uk",4,2
"barsyonline.co.uk",PRIVATE,"barsyonline.co.uk",4,2
"hb.cldmail.ru",PRIVATE,"*.hb.cldmail.ru",4,2
"hb.cldmail.ru",PRIVATE,"hb.cldmail.ru",4,2
"vps.mcdir.ru",PRIVATE,"*.vps.mcdir.ru",4,2
"vps.mcdir.ru",PRIVATE,"vps.mcdir.ru",4,2
"apps.fbsbx.com",PRIVATE,"*.apps.fbsbx.com",4,2
"apps.fbsbx.com",PRIVATE,"apps.fbsbx.com",4,2
"*.cloud.metacentrum.cz",PRIVATE,"*.cloud.metacentrum.cz",5,2
"*.cloud.metacentrum.cz",PRIVATE,"cloud.metacentrum.cz",5,2
"custom.metacentrum.cz",PRIVATE,"*.custom.metacentrum.cz",4,2
"custom.metacentrum.cz",PRIVATE,"custom.metacentrum.cz",4,2
"eu.meteorapp.com",PRIVATE,"*.eu.meteorapp.com",4,2
"eu.meteorapp.com",PRIVATE,"eu.meteorapp.com",4,2
"1.azurestaticapps.net",PRIVATE,"*.1.azurestaticapps.net",4,2
"1.azurestaticapps.net",PRIVATE,"1.azurestaticapps.net",4,2
"2.azurestaticapps.net",PRIVATE,"*.2.azurestaticapps.net",4,2
"2.azurestaticapps.net",PRIVATE,"2.azurestaticapps.net",4,2
"3.azurestaticapps.net",PRIVATE,"*.3.azurestaticapps.net",4,2
"3.azurestaticapps.net",PRIVATE,"3.azurestaticapps.net",4,2
"4.azurestaticapps.net",PRIVATE,"*.4.azurestaticapps.net",4,2
"4.azurestaticapps.net",PRIVATE,"4.azurestaticapps.net",4,2
"5.azurestaticapps.net",PRIVATE,"*.5.azurestaticapps.net",4,2
"5.azurestaticapps.net",PRIVATE,"5.azurestaticapps.net",4,2
"6.azurestaticapps.net",PRIVATE,"*.6.azurestaticapps.net",4,2
"6.azurestaticapps.net",PRIVATE,"6.azurestaticapps.net",4,2
"7.azurestaticapps.net",PRIVATE,"*.7.azurestaticapps.net",4,2
"7.azurestaticapps.net",PRIVATE,"7.azurestaticapps.net",4,2
"centralus.azurestaticapps.net",PRIVATE,"*.centralus.azurestaticapps.net",4,2
"centralus.azurestaticapps.net",PRIVATE,"centralus.azurestaticapps.net",4,2
"eastasia.azurestaticapps.net",PRIVATE,"*.eastasia.azurestaticapps.net",4,2
"eastasia.azurestaticapps.net",PRIVATE,"eastasia.azurestaticapps.net",4,2
"eastus2.azurestaticapps.net",PRIVATE,"*.eastus2.azurestaticapps.net",4,2
"eastus2.azurestaticapps.net",PRIVATE,"eastus2.azurestaticapps.net",4,2
"westeurope.azurestaticapps.net",PRIVATE,"*.westeurope.azurestaticapps.net",4,2
"westeurope.azurestaticapps.net",PRIVATE,"westeurope.azurestaticapps.net",4,2
"westus2.azurestaticapps.net",PRIVATE,"*.westus2.azurestaticapps.net",4,2
"westus2.azurestaticapps.net",PRIVATE,"westus2.azurestaticapps.net",4,2
"servicebus.windows.net",PRIVATE,"*.servicebus.windows.net",4,2
"servicebus.windows.net",PRIVATE,"servicebus.windows.net",4,2
"sn.mynetname.net",PRIVATE,"*.sn.mynetname.net",4,2
"sn.mynetname.net",PRIVATE,"sn.mynetname.net",4,2
"caracal.mythic-beasts.com",PRIVATE,"*.caracal.mythic-beasts.com",4,2
"caracal.mythic-beasts.com",PRIVATE,"caracal.mythic-beasts.com",4,2
"customer.mythic-beasts.com",PRIVATE,"*.customer.mythic-beasts.com",4,2
"customer.mythic-beasts.com",PRIVATE,"customer.mythic-beasts.com",4,2
"fentiger.mythic-beasts.com",PRIVATE,"*.fentiger.mythic-beasts.com",4,2
"fentiger.mythic-beasts.com",PRIVATE,"fentiger.mythic-beasts.com",4,2
"lynx.mythic-beasts.com",PRIVATE,"*.lynx.mythic-beasts.com",4,2
"lynx.mythic-beasts.com",PRIVATE,"lynx.mythic-beasts.com",4,2
"ocelot.mythic-beasts.com",PRIVATE,"*.ocelot.mythic-beasts.com",4,2
"ocelot.mythic-beasts.com",PRIVATE,"ocelot.mythic-beasts.com",4,2
"oncilla.mythic-beasts.com",PRIVATE,"*.oncilla.mythic-beasts.com",4,2
"oncilla.mythic-beasts.com",PRIVATE,"oncilla.mythic-beasts.com",4,2
"onza.mythic-beasts.com",PRIVATE,"*.onza.mythic-beasts.com",4,2
"onza.mythic-beasts.com",PRIVATE,"onza.mythic-beasts.com",4,2
"sphinx.mythic-beasts.com",PRIVATE,"*.sphinx.mythic-beasts.com",4,2
"sphinx.mythic-beasts.com",PRIVATE,"sphinx.mythic-beasts.com",4,2
"vs.mythic-beasts.com",PRIVATE,"*.vs.mythic-beasts.com",4,2
"vs.mythic-beasts.com",PRIVATE,"vs.mythic-beasts.com",4,2
"x.mythic-beasts.com",PRIVATE,"*.x.mythic-beasts.com",4,2
"x.mythic-beasts.com",PRIVATE,"x.mythic-beasts.com",4,2
"yali.mythic-beasts.com",PRIVATE,"*.yali.mythic-beasts.com",4,2
"yali.mythic-beasts.com",PRIVATE,"yali.mythic-beasts.com",4,2
"ui.nabu.casa",PRIVATE,"*.ui.nabu.casa",4,2
"ui.nabu.casa",PRIVATE,"ui.nabu.casa",4,2
"cloud.nospamproxy.com",PRIVATE,"*.cloud.nospamproxy.com",4,2
"cloud.nospamproxy.com",PRIVATE,"cloud.nospamproxy.com",4,2
"ipfs.nftstorage.link",PRIVATE,"*.ipfs.nftstorage.link",4,2
"ipfs.nftstorage.link",PRIVATE,"ipfs.nftstorage.link",4,2
"ap.ngrok.io",PRIVATE,"*.ap.ngrok.io",4,2
"ap.ngrok.io",PRIVATE,"ap.ngrok.io",4,2
"au.ngrok.io",PRIVATE,"*.au.ngrok.io",4,2
"au.ngrok.io",PRIVATE,"au.ngrok.io",4,2
"eu.ngrok.io",PRIVATE,"*.eu.ngrok.io",4,2
"eu.ngrok.io",PRIVATE,"eu.ngrok.io",4,2
"in.ngrok.io",PRIVATE,"*.in.ngrok.io",4,2
"in.ngrok.io",PRIVATE,"in.ngrok.io",4,2
"jp.ngrok.io",PRIVATE,"*.jp.ngrok.io",4,2
"jp.ngrok.io",PRIVATE,"jp.ngrok.io",4,2
"sa.ngrok.io",PRIVATE,"*.sa.ngrok.io",4,2
"sa.ngrok.io",PRIVATE,"sa.ngrok.io",4,2
"us.ngrok.io",PRIVATE,"*.us.ngrok.io",4,2
"us.ngrok.io",PRIVATE,"us.ngrok.io",4,2
"nh-serv.co.uk",PRIVATE,"*.nh-serv.co.uk",4,2
"nh-serv.co.uk",PRIVATE,"nh-serv.co.uk",4,2
"no-ip.co.uk",PRIVATE,"*.no-ip.co.uk",4,2
"no-ip.co.uk",PRIVATE,"no-ip.co.uk",4,2
"stage.nodeart.io",PRIVATE,"*.stage.nodeart.io",4,2
"stage.nodeart.io",PRIVATE,"stage.nodeart.io",4,2
"static.observableusercontent.com",PRIVATE,"*.static.observableusercontent.com",4,2
"static.observableusercontent.com",PRIVATE,"static.observableusercontent.com",4,2
"simplesite.com.br",PRIVATE,"*.simplesite.com.br",4,2
"simplesite.com.br",PRIVATE,"simplesite.com.br",4,2
"*.oci.customer-oci.com",PRIVATE,"*.oci.customer-oci.com",5,2
"*.oci.customer-oci.com",PRIVATE,"oci.customer-oci.com",5,2
"*.ocp.customer-oci.com",PRIVATE,"*.ocp.customer-oci.com",5,2
"*.ocp.customer-oci.com",PRIVATE,"ocp.customer-oci.com",5,2
"*.ocs.customer-oci.com",PRIVATE,"*.ocs.customer-oci.com",5,2
"*.ocs.customer-oci.com",PRIVATE,"ocs.customer-oci.com",5,2
"*.hosting.ovh.net",PRIVATE,"*.hosting.ovh.net",5,2
"*.hosting.ovh.net",PRIVATE,"hosting.ovh.net",5,2
"*.webpaas.ovh.net",PRIVATE,"*.webpaas.ovh.net",5,2
"*.webpaas.ovh.net",PRIVATE,"webpaas.ovh.net",5,2
"gh.srv.us",PRIVATE,"*.gh.srv.us",4,2
"gh.srv.us",PRIVATE,"gh.srv.us",4,2
"gl.srv.us",PRIVATE,"*.gl.srv.us",4,2
"gl.srv.us",PRIVATE,"gl.srv.us",4,2
"ent.platform.sh",PRIVATE,"*.ent.platform.sh",4,2
"ent.platform.sh",PRIVATE,"ent.platform.sh",4,2
"eu.platform.sh",PRIVATE,"*.eu.platform.sh",4,2
"eu.platform.sh",PRIVATE,"eu.platform.sh",4,2
"us.platform.sh",PRIVATE,"*.us.platform.sh",4,2
"us.platform.sh",PRIVATE,"us.platform.sh",4,2
"mock.pstmn.io",PRIVATE,"*.mock.pstmn.io",4,2
"mock.pstmn.io",PRIVATE,"mock.pstmn.io",4,2
"xen.prgmr.com",PRIVATE,"*.xen.prgmr.com",4,2
"xen.prgmr.com",PRIVATE,"xen.prgmr.com",4,2
"dev.project-study.com",PRIVATE,"*.dev.project-study.com",4,2
"dev.project-study.com",PRIVATE,"dev.project-study.com",4,2
"eu.pythonanywhere.com",PRIVATE,"*.eu.pythonanywhere.com",4,2
"eu.pythonanywhere.com",PRIVATE,"eu.pythonanywhere.com",4,2
"*.sys.qcx.io",PRIVATE,"*.sys.qcx.io",5,2
"*.sys.qcx.io",PRIVATE,"sys.qcx.io",5,2
"site.rb-hosting.io",PRIVATE,"*.site.rb-hosting.io",4,2
"site.rb-hosting.io",PRIVATE,"site.rb-hosting.io",4,2
"up.railway.app",PRIVATE,"*.up.railway.app",4,2
"up.railway.app",PRIVATE,"up.railway.app",4,2
"ravpage.co.il",PRIVATE,"*.ravpage.co.il",4,2
"ravpage.co.il",PRIVATE,"ravpage.co.il",4,2
"instances.spawn.cc",PRIVATE,"*.instances.spawn.cc",4,2
"instances.spawn.cc",PRIVATE,"instances.spawn.cc",4,2
"app.render.com",PRIVATE,"*.app.render.com",4,2
"app.render.com",PRIVATE,"app.render.com",4,2
"id.replit.app",PRIVATE,"*.id.replit.app",4,2
"id.replit.app",PRIVATE,"id.replit.app",4,2
"id.firewalledreplit.co",PRIVATE,"*.id.firewalledreplit.co",4,2
"id.firewalledreplit.co",PRIVATE,"id.firewalledreplit.co",4,2
"id.repl.co",PRIVATE,"*.id.repl.co",4,2
"id.repl.co",PRIVATE,"id.repl.co",4,2
"archer.replit.dev",PRIVATE,"*.archer.replit.dev",4,2
"archer.replit.dev",PRIVATE,"archer.replit.dev",4,2
"bones.replit.dev",PRIVATE,"*.bones.replit.dev",4,2
"bones.replit.dev",PRIVATE,"bones.replit.dev",4,2
"canary.replit.dev",PRIVATE,"*.canary.replit.dev",4,2
"canary.replit.dev",PRIVATE,"canary.replit.dev",4,2
"global.replit.dev",PRIVATE,"*.global.replit.dev",4,2
"global.replit.dev",PRIVATE,"global.replit.dev",4,2
"hacker.replit.dev",PRIVATE,"*.hacker.replit.dev",4,2
"hacker.replit.dev",PRIVATE,"hacker.replit.dev",4,2
"id.replit.dev",PRIVATE,"*.id.replit.dev",4,2
"id.replit.dev",PRIVATE,"id.replit.dev",4,2
"janeway.replit.dev",PRIVATE,"*.janeway.replit.dev",4,2
"janeway.replit.dev",PRIVATE,"janeway.replit.dev",4,2
"kim.replit.dev",PRIVATE,"*.kim.replit.dev",4,2
"kim.replit.dev",PRIVATE,"kim.replit.dev",4,2
"kira.replit.dev",PRIVATE,"*.kira.replit.dev",4,2
"kira.replit.dev",PRIVATE,"kira.replit.dev",4,2
"kirk.replit.dev",PRIVATE,"*.kirk.replit.dev",4,2
"kirk.replit.dev",PRIVATE,"kirk.replit.dev",4,2
"odo.replit.dev",PRIVATE,"*.odo.replit.dev",4,2
"odo.replit.dev",PRIVATE,"odo.replit.dev",4,2
"paris.replit.dev",PRIVATE,"*.paris.replit.dev",4,2
"paris.replit.dev",PRIVATE,"paris.replit.dev",4,2
"picard.replit.dev",PRIVATE,"*.picard.replit.dev",4,2
"picard.replit.dev",PRIVATE,"picard.replit.dev",4,2
"pike.replit.dev",PRIVATE,"*.pike.replit.dev",4,2
"pike.replit.dev",PRIVATE,"pike.replit.dev",4,2
"prerelease.replit.dev",PRIVATE,"*.prerelease.replit.dev",4,2
"prerelease.replit.dev",PRIVATE,"prerelease.replit.dev",4,2
"reed.replit.dev",PRIVATE,"*.reed.replit.dev",4,2
"reed.replit.dev",PRIVATE,"reed.replit.dev",4,2
"riker.replit.dev",PRIVATE,"*.riker.replit.dev",4,2
"riker.replit.dev",PRIVATE,"riker.replit.dev",4,2
"sisko.replit.dev",PRIVATE,"*.sisko.replit.dev",4,2
"sisko.replit.dev",PRIVATE,"sisko.replit.dev",4,2
"spock.replit.dev",PRIVATE,"*.spock.replit.dev",4,2
"spock.replit.dev",PRIVATE,"spock.replit.dev",4,2
"staging.replit.dev",PRIVATE,"*.staging.replit.dev",4,2
"staging.replit.dev",PRIVATE,"staging.replit.dev",4,2
"sulu.replit.dev",PRIVATE,"*.sulu.replit.dev",4,2
"sulu.replit.dev",PRIVATE,"sulu.replit.dev",4,2
"tarpit.replit.dev",PRIVATE,"*.tarpit.replit.dev",4,2
"tarpit.replit.dev",PRIVATE,"tarpit.replit.dev",4,2
"teams.replit.dev",PRIVATE,"*.teams.replit.dev",4,2
"teams.replit.dev",PRIVATE,"teams.replit.dev",4,2
"tucker.replit.dev",PRIVATE,"*.tucker.replit.dev",4,2
"tucker.replit.dev",PRIVATE,"tucker.replit.dev",4,2
"wesley.replit.dev",PRIVATE,"*.wesley.replit.dev",4,2
"wesley.replit.dev",PRIVATE,"wesley.replit.dev",4,2
"worf.replit.dev",PRIVATE,"*.worf.replit.dev",4,2
"worf.replit.dev",PRIVATE,"worf.replit.dev",4,2
"devices.resinstaging.io",PRIVATE,"*.devices.resinstaging.io",4,2
"devices.resinstaging.io",PRIVATE,"devices.resinstaging.io",4,2
"adimo.co.uk",PRIVATE,"*.adimo.co.uk",4,2
"adimo.co.uk",PRIVATE,"adimo.co.uk",4,2
"git-pages.rit.edu",PRIVATE,"*.git-pages.rit.edu",4,2
"git-pages.rit.edu",PRIVATE,"git-pages.rit.edu",4,2
"ivory.ne.jp",PRIVATE,"*.ivory.ne.jp",4,2
"ivory.ne.jp",PRIVATE,"ivory.ne.jp",4,2
"mail-box.ne.jp",PRIVATE,"*.mail-box.ne.jp",4,2
"mail-box.ne.jp",PRIVATE,"mail-box.ne.jp",4,2
"mints.ne.jp",PRIVATE,"*.mints.ne.jp",4,2
"mints.ne.jp",PRIVATE,"mints.ne.jp",4,2
"mokuren.ne.jp",PRIVATE,"*.mokuren.ne.jp",4,2
"mokuren.ne.jp",PRIVATE,"mokuren.ne.jp",4,2
"opal.ne.jp",PRIVATE,"*.opal.ne.jp",4,2
"opal.ne.jp",PRIVATE,"opal.ne.jp",4,2
"sakura.ne.jp",PRIVATE,"*.sakura.ne.jp",4,2
"sakura.ne.jp",PRIVATE,"sakura.ne.jp",4,2
"sumomo.ne.jp",PRIVATE,"*.sumomo.ne.jp",4,2
"sumomo.ne.jp",PRIVATE,"sumomo.ne.jp",4,2
"topaz.ne.jp",PRIVATE,"*.topaz.ne.jp",4,2
"topaz.ne.jp",PRIVATE,"topaz.ne.jp",4,2
"rs.webaccel.jp",PRIVATE,"*.rs.webaccel.jp",4,2
"rs.webaccel.jp",PRIVATE,"rs.webaccel.jp",4,2
"user.webaccel.jp",PRIVATE,"*.user.webaccel.jp",4,2
"user.webaccel.jp",PRIVATE,"user.webaccel.jp",4,2
"*.builder.code.com",PRIVATE,"*.builder.code.com",5,2
"*.builder.code.com",PRIVATE,"builder.code.com",5,2
"*.dev-builder.code.com",PRIVATE,"*.dev-builder.code.com",5,2
"*.dev-builder.code.com",PRIVATE,"dev-builder.code.com",5,2
"*.stg-builder.code.com",PRIVATE,"*.stg-builder.code.com",5,2
"*.stg-builder.code.com",PRIVATE,"stg-builder.code.com",5,2
"*.d.crm.dev",PRIVATE,"*.d.crm.dev",5,2
"*.d.crm.dev",PRIVATE,"d.crm.dev",5,2
"*.w.crm.dev",PRIVATE,"*.w.crm.dev",5,2
"*.w.crm.dev",PRIVATE,"w.crm.dev",5,2
"*.wa.crm.dev",PRIVATE,"*.wa.crm.dev",5,2
"*.wa.crm.dev",PRIVATE,"wa.crm.dev",5,2
"*.wb.crm.dev",PRIVATE,"*.wb.crm.dev",5,2
"*.wb.crm.dev",PRIVATE,"wb.crm.dev",5,2
"*.wc.crm.dev",PRIVATE,"*.wc.crm.dev",5,2
"*.wc.crm.dev",PRIVATE,"wc.crm.dev",5,2
"*.wd.crm.dev",PRIVATE,"*.wd.crm.dev",5,2
"*.wd.crm.dev",PRIVATE,"wd.crm.dev",5,2
"*.we.crm.dev",PRIVATE,"*.we.crm.dev",5,2
"*.we.crm.dev",PRIVATE,"we.crm.dev",5,2
"*.wf.crm.dev",PRIVATE,"*.wf.crm.dev",5,2
"*.wf.crm.dev",PRIVATE,"wf.crm.dev",5,2
"k8s.scw.cloud",PRIVATE,"*.k8s.scw.cloud",4,2
"k8s.scw.cloud",PRIVATE,"k8s.scw.cloud",4,2
"scalebook.scw.cloud",PRIVATE,"*.scalebook.scw.cloud",4,2
"scalebook.scw.cloud",PRIVATE,"scalebook.scw.cloud",4,2
"smartlabeling.scw.cloud",PRIVATE,"*.smartlabeling.scw.cloud",4,2
"smartlabeling.scw.cloud",PRIVATE,"smartlabeling.scw.cloud",4,2
"service.gov.scot",PRIVATE,"*.service.gov.scot",4,2
"service.gov.scot",PRIVATE,"service.gov.scot",4,2
"client.scrypted.io",PRIVATE,"*.client.scrypted.io",4,2
"client.scrypted.io",PRIVATE,"client.scrypted.io",4,2
"as.sh.cn",PRIVATE,"*.as.sh.cn",4,2
"as.sh.cn",PRIVATE,"as.sh.cn",4,2
"*.privatelink.snowflake.app",PRIVATE,"*.privatelink.snowflake.app",5,2
"*.privatelink.snowflake.app",PRIVATE,"privatelink.snowflake.app",5,2
"apps.lair.io",PRIVATE,"*.apps.lair.io",4,2
"apps.lair.io",PRIVATE,"apps.lair.io",4,2
"customer.speedpartner.de",PRIVATE,"*.customer.speedpartner.de",4,2
"customer.speedpartner.de",PRIVATE,"customer.speedpartner.de",4,2
"myspreadshop.com.au",PRIVATE,"*.myspreadshop.com.au",4,2
"myspreadshop.com.au",PRIVATE,"myspreadshop.com.au",4,2
"myspreadshop.co.uk",PRIVATE,"*.myspreadshop.co.uk",4,2
"myspreadshop.co.uk",PRIVATE,"myspreadshop.co.uk",4,2
"runs.onstackit.cloud",PRIVATE,"*.runs.onstackit.cloud",4,2
"runs.onstackit.cloud",PRIVATE,"runs.onstackit.cloud",4,2
"api.stdlib.com",PRIVATE,"*.api.stdlib.com",4,2
"api.stdlib.com",PRIVATE,"api.stdlib.com",4,2
"ipfs.storacha.link",PRIVATE,"*.ipfs.storacha.link",4,2
"ipfs.storacha.link",PRIVATE,"ipfs.storacha.link",4,2
"ipfs.w3s.link",PRIVATE,"*.ipfs.w3s.link",4,2
"ipfs.w3s.link",PRIVATE,"ipfs.w3s.link",4,2
"media.strapiapp.com",PRIVATE,"*.media.strapiapp.com",4,2
"media.strapiapp.com",PRIVATE,"media.strapiapp.com",4,2
"soc.srcf.net",PRIVATE,"*.soc.srcf.net",4,2
"soc.srcf.net",PRIVATE,"soc.srcf.net",4,2
"user.srcf.net",PRIVATE,"*.user.srcf.net",4,2
"user.srcf.net",PRIVATE,"user.srcf.net",4,2
"realtime.supabase.co",PRIVATE,"*.realtime.supabase.co",4,2
"realtime.supabase.co",PRIVATE,"realtime.supabase.co",4,2
"storage.supabase.co",PRIVATE,"*.storage.supabase.co",4,2
"storage.supabase.co",PRIVATE,"storage.supabase.co",4,2
"direct.quickconnect.cn",PRIVATE,"*.direct.quickconnect.cn",4,2
"direct.quickconnect.cn",PRIVATE,"direct.quickconnect.cn",4,2
"direct.quickconnect.to",PRIVATE,"*.direct.quickconnect.to",4,2
"direct.quickconnect.to",PRIVATE,"direct.quickconnect.to",4,2
"mytabit.co.il",PRIVATE,"*.mytabit.co.il",4,2
"mytabit.co.il",PRIVATE,"mytabit.co.il",4,2
"tabitorder.co.il",PRIVATE,"*.tabitorder.co.il",4,2
"tabitorder.co.il",PRIVATE,"tabitorder.co.il",4,2
"web.erp.dev",PRIVATE,"*.web.erp.dev",4,2
"web.erp.dev",PRIVATE,"web.erp.dev",4,2
"*.c.ts.net",PRIVATE,"*.c.ts.net",5,2
"*.c.ts.net",PRIVATE,"c.ts.net",5,2
"p.tawk.email",PRIVATE,"*.p.tawk.email",4,2
"p.tawk.email",PRIVATE,"p.tawk.email",4,2
"p.tawkto.email",PRIVATE,"*.p.tawkto.email",4,2
"p.tawkto.email",PRIVATE,"p.tawkto.email",4,2
"site.tb-hosting.com",PRIVATE,"*.site.tb-hosting.com",4,2
"site.tb-hosting.com",PRIVATE,"site.tb-hosting.com",4,2
"s3.teckids.org",PRIVATE,"*.s3.teckids.org",4,2
"s3.teckids.org",PRIVATE,"s3.teckids.org",4,2
"*.svc.firenet.ch",PRIVATE,"*.svc.firenet.ch",5,2
"*.svc.firenet.ch",PRIVATE,"svc.firenet.ch",5,2
"pages.torproject.net",PRIVATE,"*.pages.torproject.net",4,2
"pages.torproject.net",PRIVATE,"pages.torproject.net",4,2
"site.transip.me",PRIVATE,"*.site.transip.me",4,2
"site.transip.me",PRIVATE,"site.transip.me",4,2
"pro.typeform.com",PRIVATE,"*.pro.typeform.com",4,2
"pro.typeform.com",PRIVATE,"pro.typeform.com",4,2
"web.val.run",PRIVATE,"*.web.val.run",4,2
"web.val.run",PRIVATE,"web.val.run",4,2
"pages.wiardweb.com",PRIVATE,"*.pages.wiardweb.com",4,2
"pages.wiardweb.com",PRIVATE,"pages.wiardweb.com",4,2
"beta.wmcloud.org",PRIVATE,"*.beta.wmcloud.org",4,2
"beta.wmcloud.org",PRIVATE,"beta.wmcloud.org",4,2
"vps.hrsn.au",PRIVATE,"*.vps.hrsn.au",4,2
"vps.hrsn.au",PRIVATE,"vps.hrsn.au",4,2
"daemon.panel.gg",PRIVATE,"*.daemon.panel.gg",4,2
"daemon.panel.gg",PRIVATE,"daemon.panel.gg",4,2
"affinitylottery.org.uk",PRIVATE,"*.affinitylottery.org.uk",4,2
"affinitylottery.org.uk",PRIVATE,"affinitylottery.org.uk",4,2
"raffleentry.org.uk",PRIVATE,"*.raffleentry.org.uk",4,2
"raffleentry.org.uk",PRIVATE,"raffleentry.org.uk",4,2
"weeklylottery.org.uk",PRIVATE,"*.weeklylottery.org.uk",4,2
"weeklylottery.org.uk",PRIVATE,"weeklylottery.org.uk",4,2
"js.wpenginepowered.com",PRIVATE,"*.js.wpenginepowered.com",4,2
"js.wpenginepowered.com",PRIVATE,"js.wpenginepowered.com",4,2
"u2.xnbay.com",PRIVATE,"*.u2.xnbay.com",4,2
"u2.xnbay.com",PRIVATE,"u2.xnbay.com",4,2
"u2-local.xnbay.com",PRIVATE,"*.u2-local.xnbay.com",4,2
"u2-local.xnbay.com",PRIVATE,"u2-local.xnbay.com",4,2
"storage.yandexcloud.net",PRIVATE,"*.storage.yandexcloud.net",4,2
"storage.yandexcloud.net",PRIVATE,"storage.yandexcloud.net",4,2
"website.yandexcloud.net",PRIVATE,"*.website.yandexcloud.net",4,2
"website.yandexcloud.net",PRIVATE,"website.yandexcloud.net",4,2
"com.ac",ICANN,"*.com.ac",3,1
"com.ac",ICANN,"com.ac",3,1
"edu.ac",ICANN,"*.edu.ac",3,1
"edu.ac",ICANN,"edu.ac",3,1
"gov.ac",ICANN,"*.gov.ac",3,1
"gov.ac",ICANN,"gov.ac",3,1
"mil.ac",ICANN,"*.mil.ac",3,1
"mil.ac",ICANN,"mil.ac",3,1
"net.ac",ICANN,"*.net.ac",3,1
"net.ac",ICANN,"net.ac",3,1
"org.ac",ICANN,"*.org.ac",3,1
"org.ac",ICANN,"org.ac",3,1
"ac.ae",ICANN,"*.ac.ae",3,1
"ac.ae",ICANN,"ac.ae",3,1
"co.ae",ICANN,"*.co.ae",3,1
"co.ae",ICANN,"co.ae",3,1
"gov.ae",ICANN,"*.gov.ae",3,1
"gov.ae",ICANN,"gov.ae",3,1
"mil.ae",ICANN,"*.mil.ae",3,1
"mil.ae",ICANN,"mil.ae",3,1
"net.ae",ICANN,"*.net.ae",3,1
"net.ae",ICANN,"net.ae",3,1
"org.ae",ICANN,"*.org.ae",3,1
"org.ae",ICANN,"org.ae",3,1
"sch.ae",ICANN,"*.sch.ae",3,1
"sch.ae",ICANN,"sch.ae",3,1
"airline.aero",ICANN,"*.airline.aero",3,1
"airline.aero",ICANN,"airline.aero",3,1
"airport.aero",ICANN,"*.airport.aero",3,1
"airport.aero",ICANN,"airport.aero",3,1
"accident-investigation.aero",ICANN,"*.accident-investigation.aero",3,1
"accident-investigation.aero",ICANN,"accident-investigation.aero",3,1
"accident-prevention.aero",ICANN,"*.accident-prevention.aero",3,1
"accident-prevention.aero",ICANN,"accident-prevention.aero",3,1
"aerobatic.aero",ICANN,"*.aerobatic.aero",3,1
"aerobatic.aero",ICANN,"aerobatic.aero",3,1
"aeroclub.aero",ICANN,"*.aeroclub.aero",3,1
"aeroclub.aero",ICANN,"aeroclub.aero",3,1
"aerodrome.aero",ICANN,"*.aerodrome.aero",3,1
"aerodrome.aero",ICANN,"aerodrome.aero",3,1
"agents.aero",ICANN,"*.agents.aero",3,1
"agents.aero",ICANN,"agents.aero",3,1
"air-surveillance.aero",ICANN,"*.air-surveillance.aero",3,1
"air-surveillance.aero",ICANN,"air-surveillance.aero",3,1
"air-traffic-control.aero",ICANN,"*.air-traffic-control.aero",3,1
"air-traffic-control.aero",ICANN,"air-traffic-control.aero",3,1
"aircraft.aero",ICANN,"*.aircraft.aero",3,1
"aircraft.aero",ICANN,"aircraft.aero",3,1
"airtraffic.aero",ICANN,"*.airtraffic.aero",3,1
"airtraffic.aero",ICANN,"airtraffic.aero",3,1
"ambulance.aero",ICANN,"*.ambulance.aero",3,1
"ambulance.aero",ICANN,"ambulance.aero",3,1
"association.aero",ICANN,"*.association.aero",3,1
"association.aero",ICANN,"association.aero",3,1
"author.aero",ICANN,"*.author.aero",3,1
"author.aero",ICANN,"author.aero",3,1
"ballooning.aero",ICANN,"*.ballooning.aero",3,1
"ballooning.aero",ICANN,"ballooning.aero",3,1
"broker.aero",ICANN,"*.broker.aero",3,1
"broker.aero",ICANN,"broker.aero",3,1
"caa.aero",ICANN,"*.caa.aero",3,1
"caa.aero",ICANN,"caa.aero",3,1
"cargo.aero",ICANN,"*.cargo.aero",3,1
"cargo.aero",ICANN,"cargo.aero",3,1
"catering.aero",ICANN,"*.catering.aero",3,1
"catering.aero",ICANN,"catering.aero",3,1
"certification.aero",ICANN,"*.certification.aero",3,1
"certification.aero",ICANN,"certification.aero",3,1
"championship.aero",ICANN,"*.championship.aero",3,1
"championship.aero",ICANN,"championship.aero",3,1
"charter.aero",ICANN,"*.charter.aero",3,1
"charter.aero",ICANN,"charter.aero",3,1
"civilaviation.aero",ICANN,"*.civilaviation.aero",3,1
"civilaviation.aero",ICANN,"civilaviation.aero",3,1
"club.aero",ICANN,"*.club.aero",3,1
"club.aero",ICANN,"club.aero",3,1
"conference.aero",ICANN,"*.conference.aero",3,1
"conference.aero",ICANN,"conference.aero",3,1
"consultant.aero",ICANN,"*.consultant.aero",3,1
"consultant.aero",ICANN,"consultant.aero",3,1
"consulting.aero",ICANN,"*.consulting.aero",3,1
"consulting.aero",ICANN,"consulting.aero",3,1
"control.aero",ICANN,"*.control.aero",3,1
"control.aero",ICANN,"control.aero",3,1
"council.aero",ICANN,"*.council.aero",3,1
"council.aero",ICANN,"council.aero",3,1
"crew.aero",ICANN,"*.crew.aero",3,1
"crew.aero",ICANN,"crew.aero",3,1
"design.aero",ICANN,"*.design.aero",3,1
"design.aero",ICANN,"design.aero",3,1
"dgca.aero",ICANN,"*.dgca.aero",3,1
"dgca.aero",ICANN,"dgca.aero",3,1
"educator.aero",ICANN,"*.educator.aero",3,1
"educator.aero",ICANN,"educator.aero",3,1
"emergency.aero",ICANN,"*.emergency.aero",3,1
"emergency.aero",ICANN,"emergency.aero",3,1
"engine.aero",ICANN,"*.engine.aero",3,1
"engine.aero",ICANN,"engine.aero",3,1
"engineer.aero",ICANN,"*.engineer.aero",3,1
"engineer.aero",ICANN,"engineer.aero",3,1
"entertainment.aero",ICANN,"*.entertainment.aero",3,1
"entertainment.aero",ICANN,"entertainment.aero",3,1
"equipment.aero",ICANN,"*.equipment.aero",3,1
"equipment.aero",ICANN,"equipment.aero",3,1
"exchange.aero",ICANN,"*.exchange.aero",3,1
"exchange.aero",ICANN,"exchange.aero",3,1
"express.aero",ICANN,"*.express.aero",3,1
"express.aero",ICANN,"express.aero",3,1
"federation.aero",ICANN,"*.federation.aero",3,1
"federation.aero",ICANN,"federation.aero",3,1
"flight.aero",ICANN,"*.flight.aero",3,1
"flight.aero",ICANN,"flight.aero",3,1
"freight.aero",ICANN,"*.freight.aero",3,1
"freight.aero",ICANN,"freight.aero",3,1
"fuel.aero",ICANN,"*.fuel.aero",3,1
"fuel.aero",ICANN,"fuel.aero",3,1
"gliding.aero",ICANN,"*.gliding.aero",3,1
"gliding.aero",ICANN,"gliding.aero",3,1
"government.aero",ICANN,"*.government.aero",3,1
"government.aero",ICANN,"government.aero",3,1
"groundhandling.aero",ICANN,"*.groundhandling.aero",3,1
"groundhandling.aero",ICANN,"groundhandling.aero",3,1
"group.aero",ICANN,"*.group.aero",3,1
"group.aero",ICANN,"group.aero",3,1
"hanggliding.aero",ICANN,"*.hanggliding.aero",3,1
"hanggliding.aero",ICANN,"hanggliding.aero",3,1
"homebuilt.aero",ICANN,"*.homebuilt.aero",3,1
"homebuilt.aero",ICANN,"homebuilt.aero",3,1
"insurance.aero",ICANN,"*.insurance.aero",3,1
"insurance.aero",ICANN,"insurance.aero",3,1
"journal.aero",ICANN,"*.journal.aero",3,1
"journal.aero",ICANN,"journal.aero",3,1
"journalist.aero",ICANN,"*.journalist.aero",3,1
"journalist.aero",ICANN,"journalist.aero",3,1
"leasing.aero",ICANN,"*.leasing.aero",3,1
"leasing.aero",ICANN,"leasing.aero",3,1
"logistics.aero",ICANN,"*.logistics.aero",3,1
"logistics.aero",ICANN,"logistics.aero",3,1
"magazine.aero",ICANN,"*.magazine.aero",3,1
"magazine.aero",ICANN,"magazine.aero",3,1
"maintenance.aero",ICANN,"*.maintenance.aero",3,1
"maintenance.aero",ICANN,"maintenance.aero",3,1
"marketplace.aero",ICANN,"*.marketplace.aero",3,1
"marketplace.aero",ICANN,"marketplace.aero",3,1
"media.aero",ICANN,"*.media.aero",3,1
"media.aero",ICANN,"media.aero",3,1
"microlight.aero",ICANN,"*.microlight.aero",3,1
"microlight.aero",ICANN,"microlight.aero",3,1
"modelling.aero",ICANN,"*.modelling.aero",3,1
"modelling.aero",ICANN,"modelling.aero",3,1
"navigation.aero",ICANN,"*.navigation.aero",3,1
"navigation.aero",ICANN,"navigation.aero",3,1
"parachuting.aero",ICANN,"*.parachuting.aero",3,1
"parachuting.aero",ICANN,"parachuting.aero",3,1
"paragliding.aero",ICANN,"*.paragliding.aero",3,1
"paragliding.aero",ICANN,"paragliding.aero",3,1
"passenger-association.aero",ICANN,"*.passenger-association.aero",3,1
"passenger-association.aero",ICANN,"passenger-association.aero",3,1
"pilot.aero",ICANN,"*.pilot.aero",3,1
"pilot.aero",ICANN,"pilot.aero",3,1
"press.aero",ICANN,"*.press.aero",3,1
"press.aero",ICANN,"press.aero",3,1
"production.aero",ICANN,"*.production.aero",3,1
"production.aero",ICANN,"production.aero",3,1
"recreation.aero",ICANN,"*.recreation.aero",3,1
"recreation.aero",ICANN,"recreation.aero",3,1
"repbody.aero",ICANN,"*.repbody.aero",3,1
"repbody.aero",ICANN,"repbody.aero",3,1
"res.aero",ICANN,"*.res.aero",3,1
"res.aero",ICANN,"res.aero",3,1
"research.aero",ICANN,"*.research.aero",3,1
"research.aero",ICANN,"research.aero",3,1
"rotorcraft.aero",ICANN,"*.rotorcraft.aero",3,1
"rotorcraft.aero",ICANN,"rotorcraft.aero",3,1
"safety.aero",ICANN,"*.safety.aero",3,1
"safety.aero",ICANN,"safety.aero",3,1
"scientist.aero",ICANN,"*.scientist.aero",3,1
"scientist.aero",ICANN,"scientist.aero",3,1
"services.aero",ICANN,"*.services.aero",3,1
"services.aero",ICANN,"services.aero",3,1
"show.aero",ICANN,"*.show.aero",3,1
"show.aero",ICANN,"show.aero",3,1
"skydiving.aero",ICANN,"*.skydiving.aero",3,1
"skydiving.aero",ICANN,"skydiving.aero",3,1
"software.aero",ICANN,"*.software.aero",3,1
"software.aero",ICANN,"software.aero",3,1
"student.aero",ICANN,"*.student.aero",3,1
"student.aero",ICANN,"student.aero",3,1
"taxi.aero",ICANN,"*.taxi.aero",3,1
"taxi.aero",ICANN,"taxi.aero",3,1
"trader.aero",ICANN,"*.trader.aero",3,1
"trader.aero",ICANN,"trader.aero",3,1
"trading.aero",ICANN,"*.trading.aero",3,1
"trading.aero",ICANN,"trading.aero",3,1
"trainer.aero",ICANN,"*.trainer.aero",3,1
"trainer.aero",ICANN,"trainer.aero",3,1
"union.aero",ICANN,"*.union.aero",3,1
"union.aero",ICANN,"union.aero",3,1
"workinggroup.aero",ICANN,"*.workinggroup.aero",3,1
"workinggroup.aero",ICANN,"workinggroup.aero",3,1
"works.aero",ICANN,"*.works.aero",3,1
"works.aero",ICANN,"works.aero",3,1
"com.af",ICANN,"*.com.af",3,1
"com.af",ICANN,"com.af",3,1
"edu.af",ICANN,"*.edu.af",3,1
"edu.af",ICANN,"edu.af",3,1
"gov.af",ICANN,"*.gov.af",3,1
"gov.af",ICANN,"gov.af",3,1
"net.af",ICANN,"*.net.af",3,1
"net.af",ICANN,"net.af",3,1
"org.af",ICANN,"*.org.af",3,1
"org.af",ICANN,"org.af",3,1
"co.ag",ICANN,"*.co.ag",3,1
"co.ag",ICANN,"co.ag",3,1
"com.ag",ICANN,"*.com.ag",3,1
"com.ag",ICANN,"com.ag",3,1
"net.ag",ICANN,"*.net.ag",3,1
"net.ag",ICANN,"net.ag",3,1
"nom.ag",ICANN,"*.nom.ag",3,1
"nom.ag",ICANN,"nom.ag",3,1
"org.ag",ICANN,"*.org.ag",3,1
"org.ag",ICANN,"org.ag",3,1
"com.ai",ICANN,"*.com.ai",3,1
"com.ai",ICANN,"com.ai",3,1
"net.ai",ICANN,"*.net.ai",3,1
"net.ai",ICANN,"net.ai",3,1
"off.ai",ICANN,"*.off.ai",3,1
"off.ai",ICANN,"off.ai",3,1
"org.ai",ICANN,"*.org.ai",3,1
"org.ai",ICANN,"org.ai",3,1
"com.al",ICANN,"*.com.al",3,1
"com.al",ICANN,"com.al",3,1
"edu.al",ICANN,"*.edu.al",3,1
"edu.al",ICANN,"edu.al",3,1
"gov.al",ICANN,"*.gov.al",3,1
"gov.al",ICANN,"gov.al",3,1
"mil.al",ICANN,"*.mil.al",3,1
"mil.al",ICANN,"mil.al",3,1
"net.al",ICANN,"*.net.al",3,1
"net.al",ICANN,"net.al",3,1
"org.al",ICANN,"*.org.al",3,1
"org.al",ICANN,"org.al",3,1
"co.am",ICANN,"*.co.am",3,1
"co.am",ICANN,"co.am",3,1
"com.am",ICANN,"*.com.am",3,1
"com.am",ICANN,"com.am",3,1
"commune.am",ICANN,"*.commune.am",3,1
"commune.am",ICANN,"commune.am",3,1
"net.am",ICANN,"*.net.am",3,1
"net.am",ICANN,"net.am",3,1
"org.am",ICANN,"*.org.am",3,1
"org.am",ICANN,"org.am",3,1
"co.ao",ICANN,"*.co.ao",3,1
"co.ao",ICANN,"co.ao",3,1
"ed.ao",ICANN,"*.ed.ao",3,1
"ed.ao",ICANN,"ed.ao",3,1
"edu.ao",ICANN,"*.edu.ao",3,1
"edu.ao",ICANN,"edu.ao",3,1
"gov.ao",ICANN,"*.gov.ao",3,1
"gov.ao",ICANN,"gov.ao",3,1
"gv.ao",ICANN,"*.gv.ao",3,1
"gv.ao",ICANN,"gv.ao",3,1
"it.ao",ICANN,"*.it.ao",3,1
"it.ao",ICANN,"it.ao",3,1
"og.ao",ICANN,"*.og.ao",3,1
"og.ao",ICANN,"og.ao",3,1
"org.ao",ICANN,"*.org.ao",3,1
"org.ao",ICANN,"org.ao",3,1
"pb.ao",ICANN,"*.pb.ao",3,1
"pb.ao",ICANN,"pb.ao",3,1
"bet.ar",ICANN,"*.bet.ar",3,1
"bet.ar",ICANN,"bet.ar",3,1
"com.ar",ICANN,"*.com.ar",3,1
"com.ar",ICANN,"com.ar",3,1
"coop.ar",ICANN,"*.coop.ar",3,1
"coop.ar",ICANN,"coop.ar",3,1
"edu.ar",ICANN,"*.edu.ar",3,1
"edu.ar",ICANN,"edu.ar",3,1
"gob.ar",ICANN,"*.gob.ar",3,1
"gob.ar",ICANN,"gob.ar",3,1
"gov.ar",ICANN,"*.gov.ar",3,1
"gov.ar",ICANN,"gov.ar",3,1
"int.ar",ICANN,"*.int.ar",3,1
"int.ar",ICANN,"int.ar",3,1
"mil.ar",ICANN,"*.mil.ar",3,1
"mil.ar",ICANN,"mil.ar",3,1
"musica.ar",ICANN,"*.musica.ar",3,1
"musica.ar",ICANN,"musica.ar",3,1
"mutual.ar",ICANN,"*.mutual.ar",3,1
"mutual.ar",ICANN,"mutual.ar",3,1
"net.ar",ICANN,"*.net.ar",3,1
"net.ar",ICANN,"net.ar",3,1
"org.ar",ICANN,"*.org.ar",3,1
"org.ar",ICANN,"org.ar",3,1
"seg.ar",ICANN,"*.seg.ar",3,1
"seg.ar",ICANN,"seg.ar",3,1
"senasa.ar",ICANN,"*.senasa.ar",3,1
"senasa.ar",ICANN,"senasa.ar",3,1
"tur.ar",ICANN,"*.tur.ar",3,1
"tur.ar",ICANN,"tur.ar",3,1
"e164.arpa",ICANN,"*.e164.arpa",3,1
"e164.arpa",ICANN,"e164.arpa",3,1
"home.arpa",ICANN,"*.home.arpa",3,1
"home.arpa",ICANN,"home.arpa",3,1
"in-addr.arpa",ICANN,"*.in-addr.arpa",3,1
"in-addr.arpa",ICANN,"in-addr.arpa",3,1
"ip6.arpa",ICANN,"*.ip6.arpa",3,1
"ip6.arpa",ICANN,"ip6.arpa",3,1
"iris.arpa",ICANN,"*.iris.arpa",3,1
"iris.arpa",ICANN,"iris.arpa",3,1
"uri.arpa",ICANN,"*.uri.arpa",3,1
"uri.arpa",ICANN,"uri.arpa",3,1
"urn.arpa",ICANN,"*.urn.arpa",3,1
"urn.arpa",ICANN,"urn.arpa",3,1
"gov.as",ICANN,"*.gov.as",3,1
"gov.as",ICANN,"gov.as",3,1
"ac.at",ICANN,"*.ac.at",3,1
"ac.at",ICANN,"ac.at",3,1
"co.at",ICANN,"*.co.at",3,1
"co.at",ICANN,"co.at",3,1
"gv.at",ICANN,"*.gv.at",3,1
"gv.at",ICANN,"gv.at",3,1
"or.at",ICANN,"*.or.at",3,1
"or.at",ICANN,"or.at",3,1
"asn.au",ICANN,"*.asn.au",3,1
"asn.au",ICANN,"asn.au",3,1
"com.au",ICANN,"*.com.au",3,1
"com.au",ICANN,"com.au",3,1
"edu.au",ICANN,"*.edu.au",3,1
"edu.au",ICANN,"edu.au",3,1
"gov.au",ICANN,"*.gov.au",3,1
"gov.au",ICANN,"gov.au",3,1
"id.au",ICANN,"*.id.au",3,1
"id.au",ICANN,"id.au",3,1
"net.au",ICANN,"*.net.au",3,1
"net.au",ICANN,"net.au",3,1
"org.au",ICANN,"*.org.au",3,1
"org.au",ICANN,"org.au",3,1
"conf.au",ICANN,"*.conf.au",3,1
"conf.au",ICANN,"conf.au",3,1
"oz.au",ICANN,"*.oz.au",3,1
"oz.au",ICANN,"oz.au",3,1
"act.au",ICANN,"*.act.au",3,1
"act.au",ICANN,"act.au",3,1
"nsw.au",ICANN,"*.nsw.au",3,1
"nsw.au",ICANN,"nsw.au",3,1
"nt.au",ICANN,"*.nt.au",3,1
"nt.au",ICANN,"nt.au",3,1
"qld.au",ICANN,"*.qld.au",3,1
"qld.au",ICANN,"qld.au",3,1
"sa.au",ICANN,"*.sa.au",3,1
"sa.au",ICANN,"sa.au",3,1
"tas.au",ICANN,"*.tas.au",3,1
"tas.au",ICANN,"tas.au",3,1
"vic.au",ICANN,"*.vic.au",3,1
"vic.au",ICANN,"vic.au",3,1
"wa.au",ICANN,"*.wa.au",3,1
"wa.au",ICANN,"wa.au",3,1
"com.aw",ICANN,"*.com.aw",3,1
"com.aw",ICANN,"com.aw",3,1
"biz.az",ICANN,"*.biz.az",3,1
"biz.az",ICANN,"biz.az",3,1
"co.az",ICANN,"*.co.az",3,1
"co.az",ICANN,"co.az",3,1
"com.az",ICANN,"*.com.az",3,1
"com.az",ICANN,"com.az",3,1
"edu.az",ICANN,"*.edu.az",3,1
"edu.az",ICANN,"edu.az",3,1
"gov.az",ICANN,"*.gov.az",3,1
"gov.az",ICANN,"gov.az",3,1
"info.az",ICANN,"*.info.az",3,1
"info.az",ICANN,"info.az",3,1
"int.az",ICANN,"*.int.az",3,1
"int.az",ICANN,"int.az",3,1
"mil.az",ICANN,"*.mil.az",3,1
"mil.az",ICANN,"mil.az",3,1
"name.az",ICANN,"*.name.az",3,1
"name.az",ICANN,"name.az",3,1
"net.az",ICANN,"*.net.az",3,1
"net.az",ICANN,"net.az",3,1
"org.az",ICANN,"*.org.az",3,1
"org.az",ICANN,"org.az",3,1
"pp.az",ICANN,"*.pp.az",3,1
"pp.az",ICANN,"pp.az",3,1
"pro.az",ICANN,"*.pro.az",3,1
"pro.az",ICANN,"pro.az",3,1
"com.ba",ICANN,"*.com.ba",3,1
"com.ba",ICANN,"com.ba",3,1
"edu.ba",ICANN,"*.edu.ba",3,1
"edu.ba",ICANN,"edu.ba",3,1
"gov.ba",ICANN,"*.gov.ba",3,1
"gov.ba",ICANN,"gov.ba",3,1
"mil.ba",ICANN,"*.mil.ba",3,1
"mil.ba",ICANN,"mil.ba",3,1
"net.ba",ICANN,"*.net.ba",3,1
"net.ba",ICANN,"net.ba",3,1
"org.ba",ICANN,"*.org.ba",3,1
"org.ba",ICANN,"org.ba",3,1
"biz.bb",ICANN,"*.biz.bb",3,1
"biz.bb",ICANN,"biz.bb",3,1
"co.bb",ICANN,"*.co.bb",3,1
"co.bb",ICANN,"co.bb",3,1
"com.bb",ICANN,"*.com.bb",3,1
"com.bb",ICANN,"com.bb",3,1
"edu.bb",ICANN,"*.edu.bb",3,1
"edu.bb",ICANN,"edu.bb",3,1
"gov.bb",ICANN,"*.gov.bb",3,1
"gov.bb",ICANN,"gov.bb",3,1
"info.bb",ICANN,"*.info.bb",3,1
"info.bb",ICANN,"info.bb",3,1
"net.bb",ICANN,"*.net.bb",3,1
"net.bb",ICANN,"net.bb",3,1
"org.bb",ICANN,"*.org.bb",3,1
"org.bb",ICANN,"org.bb",3,1
"store.bb",ICANN,"*.store.bb",3,1
"store.bb",ICANN,"store.bb",3,1
"tv.bb",ICANN,"*.tv.bb",3,1
"tv.bb",ICANN,"tv.bb",3,1
"ac.be",ICANN,"*.ac.be",3,1
"ac.be",ICANN,"ac.be",3,1
"gov.bf",ICANN,"*.gov.bf",3,1
"gov.bf",ICANN,"gov.bf",3,1
"0.bg",ICANN,"*.0.bg",3,1
"0.bg",ICANN,"0.bg",3,1
"1.bg",ICANN,"*.1.bg",3,1
"1.bg",ICANN,"1.bg",3,1
"2.bg",ICANN,"*.2.bg",3,1
"2.bg",ICANN,"2.bg",3,1
"3.bg",ICANN,"*.3.bg",3,1
"3.bg",ICANN,"3.bg",3,1
"4.bg",ICANN,"*.4.bg",3,1
"4.bg",ICANN,"4.bg",3,1
"5.bg",ICANN,"*.5.bg",3,1
"5.bg",ICANN,"5.bg",3,1
"6.bg",ICANN,"*.6.bg",3,1
"6.bg",ICANN,"6.bg",3,1
"7.bg",ICANN,"*.7.bg",3,1
"7.bg",ICANN,"7.bg",3,1
"8.bg",ICANN,"*.8.bg",3,1
"8.bg",ICANN,"8.bg",3,1
"9.bg",ICANN,"*.9.bg",3,1
"9.bg",ICANN,"9.bg",3,1
"a.bg",ICANN,"*.a.bg",3,1
"a.bg",ICANN,"a.bg",3,1
"b.bg",ICANN,"*.b.bg",3,1
"b.bg",ICANN,"b.bg",3,1
"c.bg",ICANN,"*.c.bg",3,1
"c.bg",ICANN,"c.bg",3,1
"d.bg",ICANN,"*.d.bg",3,1
"d.bg",ICANN,"d.bg",3,1
"e.bg",ICANN,"*.e.bg",3,1
"e.bg",ICANN,"e.bg",3,1
"f.bg",ICANN,"*.f.bg",3,1
"f.bg",ICANN,"f.bg",3,1
"g.bg",ICANN,"*.g.bg",3,1
"g.bg",ICANN,"g.bg",3,1
"h.bg",ICANN,"*.h.bg",3,1
"h.bg",ICANN,"h.bg",3,1
"i.bg",ICANN,"*.i.bg",3,1
"i.bg",ICANN,"i.bg",3,1
"j.bg",ICANN,"*.j.bg",3,1
"j.bg",ICANN,"j.bg",3,1
"k.bg",ICANN,"*.k.bg",3,1
"k.bg",ICANN,"k.bg",3,1
"l.bg",ICANN,"*.l.bg",3,1
"l.bg",ICANN,"l.bg",3,1
"m.bg",ICANN,"*.m.bg",3,1
"m.bg",ICANN,"m.bg",3,1
"n.bg",ICANN,"*.n.bg",3,1
"n.bg",ICANN,"n.bg",3,1
"o.bg",ICANN,"*.o.bg",3,1
"o.bg",ICANN,"o.bg",3,1
"p.bg",ICANN,"*.p.bg",3,1
"p.bg",ICANN,"p.bg",3,1
"q.bg",ICANN,"*.q.bg",3,1
"q.bg",ICANN,"q.bg",3,1
"r.bg",ICANN,"*.r.bg",3,1
"r.bg",ICANN,"r.bg",3,1
"s.bg",ICANN,"*.s.bg",3,1
"s.bg",ICANN,"s.bg",3,1
"t.bg",ICANN,"*.t.bg",3,1
"t.bg",ICANN,"t.bg",3,1
"u.bg",ICANN,"*.u.bg",3,1
"u.bg",ICANN,"u.bg",3,1
"v.bg",ICANN,"*.v.bg",3,1
"v.bg",ICANN,"v.bg",3,1
"w.bg",ICANN,"*.w.bg",3,1
"w.bg",ICANN,"w.bg",3,1
"x.bg",ICANN,"*.x.bg",3,1
"x.bg",ICANN,"x.bg",3,1
"y.bg",ICANN,"*.y.bg",3,1
"y.bg",ICANN,"y.bg",3,1
"z.bg",ICANN,"*.z.bg",3,1
"z.bg",ICANN,"z.bg",3,1
"com.bh",ICANN,"*.com.bh",3,1
"com.bh",ICANN,"com.bh",3,1
"edu.bh",ICANN,"*.edu.bh",3,1
"edu.bh",ICANN,"edu.bh",3,1
"gov.bh",ICANN,"*.gov.bh",3,1
"gov.bh",ICANN,"gov.bh",3,1
"net.bh",ICANN,"*.net.bh",3,1
"net.bh",ICANN,"net.bh",3,1
"org.bh",ICANN,"*.org.bh",3,1
"org.bh",ICANN,"org.bh",3,1
"co.bi",ICANN,"*.co.bi",3,1
"co.bi",ICANN,"co.bi",3,1
"com.bi",ICANN,"*.com.bi",3,1
"com.bi",ICANN,"com.bi",3,1
"edu.bi",ICANN,"*.edu.bi",3,1
"edu.bi",ICANN,"edu.bi",3,1
"or.bi",ICANN,"*.or.bi",3,1
"or.bi",ICANN,"or.bi",3,1
"org.bi",ICANN,"*.org.bi",3,1
"org.bi",ICANN,"org.bi",3,1
"africa.bj",ICANN,"*.africa.bj",3,1
"africa.bj",ICANN,"africa.bj",3,1
"agro.bj",ICANN,"*.agro.bj",3,1
"agro.bj",ICANN,"agro.bj",3,1
"architectes.bj",ICANN,"*.architectes.bj",3,1
"architectes.bj",ICANN,"architectes.bj",3,1
"assur.bj",ICANN,"*.assur.bj",3,1
"assur.bj",ICANN,"assur.bj",3,1
"avocats.bj",ICANN,"*.avocats.bj",3,1
"avocats.bj",ICANN,"avocats.bj",3,1
"co.bj",ICANN,"*.co.bj",3,1
"co.bj",ICANN,"co.bj",3,1
"com.bj",ICANN,"*.com.bj",3,1
"com.bj",ICANN,"com.bj",3,1
"eco.bj",ICANN,"*.eco.bj",3,1
"eco.bj",ICANN,"eco.bj",3,1
"econo.bj",ICANN,"*.econo.bj",3,1
"econo.bj",ICANN,"econo.bj",3,1
"edu.bj",ICANN,"*.edu.bj",3,1
"edu.bj",ICANN,"edu.bj",3,1
"info.bj",ICANN,"*.info.bj",3,1
"info.bj",ICANN,"info.bj",3,1
"loisirs.bj",ICANN,"*.loisirs.bj",3,1
"loisirs.bj",ICANN,"loisirs.bj",3,1
"money.bj",ICANN,"*.money.bj",3,1
"money.bj",ICANN,"money.bj",3,1
"net.bj",ICANN,"*.net.bj",3,1
"net.bj",ICANN,"net.bj",3,1
"org.bj",ICANN,"*.org.bj",3,1
"org.bj",ICANN,"org.bj",3,1
"ote.bj",ICANN,"*.ote.bj",3,1
"ote.bj",ICANN,"ote.bj",3,1
"restaurant.bj",ICANN,"*.restaurant.bj",3,1
"restaurant.bj",ICANN,"restaurant.bj",3,1
"resto.bj",ICANN,"*.resto.bj",3,1
"resto.bj",ICANN,"resto.bj",3,1
"tourism.bj",ICANN,"*.tourism.bj",3,1
"tourism.bj",ICANN,"tourism.bj",3,1
"univ.bj",ICANN,"*.univ.bj",3,1
"univ.bj",ICANN,"univ.bj",3,1
"com.bm",ICANN,"*.com.bm",3,1
"com.bm",ICANN,"com.bm",3,1
"edu.bm",ICANN,"*.edu.bm",3,1
"edu.bm",ICANN,"edu.bm",3,1
"gov.bm",ICANN,"*.gov.bm",3,1
"gov.bm",ICANN,"gov.bm",3,1
"net.bm",ICANN,"*.net.bm",3,1
"net.bm",ICANN,"net.bm",3,1
"org.bm",ICANN,"*.org.bm",3,1
"org.bm",ICANN,"org.bm",3,1
"com.bn",ICANN,"*.com.bn",3,1
"com.bn",ICANN,"com.bn",3,1
"edu.bn",ICANN,"*.edu.bn",3,1
"edu.bn",ICANN,"edu.bn",3,1
"gov.bn",ICANN,"*.gov.bn",3,1
"gov.bn",ICANN,"gov.bn",3,1
"net.bn",ICANN,"*.net.bn",3,1
"net.bn",ICANN,"net.bn",3,1
"org.bn",ICANN,"*.org.bn",3,1
"org.bn",ICANN,"org.bn",3,1
"com.bo",ICANN,"*.com.bo",3,1
"com.bo",ICANN,"com.bo",3,1
"edu.bo",ICANN,"*.edu.bo",3,1
"edu.bo",ICANN,"edu.bo",3,1
"gob.bo",ICANN,"*.gob.bo",3,1
"gob.bo",ICANN,"gob.bo",3,1
"int.bo",ICANN,"*.int.bo",3,1
"int.bo",ICANN,"int.bo",3,1
"mil.bo",ICANN,"*.mil.bo",3,1
"mil.bo",ICANN,"mil.bo",3,1
"net.bo",ICANN,"*.net.bo",3,1
"net.bo",ICANN,"net.bo",3,1
"org.bo",ICANN,"*.org.bo",3,1
"org.bo",ICANN,"org.bo",3,1
"tv.bo",ICANN,"*.tv.bo",3,1
"tv.bo",ICANN,"tv.bo",3,1
"web.bo",ICANN,"*.web.bo",3,1
"web.bo",ICANN,"web.bo",3,1
"academia.bo",ICANN,"*.academia.bo",3,1
"academia.bo",ICANN,"academia.bo",3,1
"agro.bo",ICANN,"*.agro.bo",3,1
"agro.bo",ICANN,"agro.bo",3,1
"arte.bo",ICANN,"*.arte.bo",3,1
"arte.bo",ICANN,"arte.bo",3,1
"blog.bo",ICANN,"*.blog.bo",3,1
"blog.bo",ICANN,"blog.bo",3,1
"bolivia.bo",ICANN,"*.bolivia.bo",3,1
"bolivia.bo",ICANN,"bolivia.bo",3,1
"ciencia.bo",ICANN,"*.ciencia.bo",3,1
"ciencia.bo",ICANN,"ciencia.bo",3,1
"cooperativa.bo",ICANN,"*.cooperativa.bo",3,1
"cooperativa.bo",ICANN,"cooperativa.bo",3,1
"democracia.bo",ICANN,"*.democracia.bo",3,1
"democracia.bo",ICANN,"democracia.bo",3,1
"deporte.bo",ICANN,"*.deporte.bo",3,1
"deporte.bo",ICANN,"deporte.bo",3,1
"ecologia.bo",ICANN,"*.ecologia.bo",3,1
"ecologia.bo",ICANN,"ecologia.bo",3,1
"economia.bo",ICANN,"*.economia.bo",3,1
"economia.bo",ICANN,"economia.bo",3,1
"empresa.bo",ICANN,"*.empresa.bo",3,1
"empresa.bo",ICANN,"empresa.bo",3,1
"indigena.bo",ICANN,"*.indigena.bo",3,1
"indigena.bo",ICANN,"indigena.bo",3,1
"industria.bo",ICANN,"*.industria.bo",3,1
"industria.bo",ICANN,"industria.bo",3,1
"info.bo",ICANN,"*.info.bo",3,1
"info.bo",ICANN,"info.bo",3,1
"medicina.bo",ICANN,"*.medicina.bo",3,1
"medicina.bo",ICANN,"medicina.bo",3,1
"movimiento.bo",ICANN,"*.movimiento.bo",3,1
"movimiento.bo",ICANN,"movimiento.bo",3,1
"musica.bo",ICANN,"*.musica.bo",3,1
"musica.bo",ICANN,"musica.bo",3,1
"natural.bo",ICANN,"*.natural.bo",3,1
"natural.bo",ICANN,"natural.bo",3,1
"nombre.bo",ICANN,"*.nombre.bo",3,1
"nombre.bo",ICANN,"nombre.bo",3,1
"noticias.bo",ICANN,"*.noticias.bo",3,1
"noticias.bo",ICANN,"noticias.bo",3,1
"patria.bo",ICANN,"*.patria.bo",3,1
"patria.bo",ICANN,"patria.bo",3,1
"plurinacional.bo",ICANN,"*.plurinacional.bo",3,1
"plurinacional.bo",ICANN,"plurinacional.bo",3,1
"politica.bo",ICANN,"*.politica.bo",3,1
"politica.bo",ICANN,"politica.bo",3,1
"profesional.bo",ICANN,"*.profesional.bo",3,1
"profesional.bo",ICANN,"profesional.bo",3,1
"pueblo.bo",ICANN,"*.pueblo.bo",3,1
"pueblo.bo",ICANN,"pueblo.bo",3,1
"revista.bo",ICANN,"*.revista.bo",3,1
"revista.bo",ICANN,"revista.bo",3,1
"salud.bo",ICANN,"*.salud.bo",3,1
"salud.bo",ICANN,"salud.bo",3,1
"tecnologia.bo",ICANN,"*.tecnologia.bo",3,1
"tecnologia.bo",ICANN,"tecnologia.bo",3,1
"tksat.bo",ICANN,"*.tksat.bo",3,1
"tksat.bo",ICANN,"tksat.bo",3,1
"transporte.bo",ICANN,"*.transporte.bo",3,1
"transporte.bo",ICANN,"transporte.bo",3,1
"wiki.bo",ICANN,"*.wiki.bo",3,1
"wiki.bo",ICANN,"wiki.bo",3,1
"9guacu.br",ICANN,"*.9guacu.br",3,1
"9guacu.br",ICANN,"9guacu.br",3,1
"abc.br",ICANN,"*.abc.br",3,1
"abc.br",ICANN,"abc.br",3,1
"adm.br",ICANN,"*.adm.br",3,1
"adm.br",ICANN,"adm.br",3,1
"adv.br",ICANN,"*.adv.br",3,1
"adv.br",ICANN,"adv.br",3,1
"agr.br",ICANN,"*.agr.br",3,1
"agr.br",ICANN,"agr.br",3,1
"aju.br",ICANN,"*.aju.br",3,1
"aju.br",ICANN,"aju.br",3,1
"am.br",ICANN,"*.am.br",3,1
"am.br",ICANN,"am.br",3,1
"anani.br",ICANN,"*.anani.br",3,1
"anani.br",ICANN,"anani.br",3,1
"aparecida.br",ICANN,"*.aparecida.br",3,1
"aparecida.br",ICANN,"aparecida.br",3,1
"api.br",ICANN,"*.api.br",3,1
"api.br",ICANN,"api.br",3,1
"app.br",ICANN,"*.app.br",3,1
"app.br",ICANN,"app.br",3,1
"arq.br",ICANN,"*.arq.br",3,1
"arq.br",ICANN,"arq.br",3,1
"art.br",ICANN,"*.art.br",3,1
"art.br",ICANN,"art.br",3,1
"ato.br",ICANN,"*.ato.br",3,1
"ato.br",ICANN,"ato.br",3,1
"b.br",ICANN,"*.b.br",3,1
"b.br",ICANN,"b.br",3,1
"barueri.br",ICANN,"*.barueri.br",3,1
"barueri.br",ICANN,"barueri.br",3,1
"belem.br",ICANN,"*.belem.br",3,1
"belem.br",ICANN,"belem.br",3,1
"bet.br",ICANN,"*.bet.br",3,1
"bet.br",ICANN,"bet.br",3,1
"bhz.br",ICANN,"*.bhz.br",3,1
"bhz.br",ICANN,"bhz.br",3,1
"bib.br",ICANN,"*.bib.br",3,1
"bib.br",ICANN,"bib.br",3,1
"bio.br",ICANN,"*.bio.br",3,1
"bio.br",ICANN,"bio.br",3,1
"blog.br",ICANN,"*.blog.br",3,1
"blog.br",ICANN,"blog.br",3,1
"bmd.br",ICANN,"*.bmd.br",3,1
"bmd.br",ICANN,"bmd.br",3,1
"boavista.br",ICANN,"*.boavista.br",3,1
"boavista.br",ICANN,"boavista.br",3,1
"bsb.br",ICANN,"*.bsb.br",3,1
"bsb.br",ICANN,"bsb.br",3,1
"campinagrande.br",ICANN,"*.campinagrande.br",3,1
"campinagrande.br",ICANN,"campinagrande.br",3,1
"campinas.br",ICANN,"*.campinas.br",3,1
"campinas.br",ICANN,"campinas.br",3,1
"caxias.br",ICANN,"*.caxias.br",3,1
"caxias.br",ICANN,"caxias.br",3,1
"cim.br",ICANN,"*.cim.br",3,1
"cim.br",ICANN,"cim.br",3,1
"cng.br",ICANN,"*.cng.br",3,1
"cng.br",ICANN,"cng.br",3,1
"cnt.br",ICANN,"*.cnt.br",3,1
"cnt.br",ICANN,"cnt.br",3,1
"com.br",ICANN,"*.com.br",3,1
"com.br",ICANN,"com.br",3,1
"contagem.br",ICANN,"*.contagem.br",3,1
"contagem.br",ICANN,"contagem.br",3,1
"coop.br",ICANN,"*.coop.br",3,1
"coop.br",ICANN,"coop.br",3,1
"coz.br",ICANN,"*.coz.br",3,1
"coz.br",ICANN,"coz.br",3,1
"cri.br",ICANN,"*.cri.br",3,1
"cri.br",ICANN,"cri.br",3,1
"cuiaba.br",ICANN,"*.cuiaba.br",3,1
"cuiaba.br",ICANN,"cuiaba.br",3,1
"curitiba.br",ICANN,"*.curitiba.br",3,1
"curitiba.br",ICANN,"curitiba.br",3,1
"def.br",ICANN,"*.def.br",3,1
"def.br",ICANN,"def.br",3,1
"des.br",ICANN,"*.des.br",3,1
"des.br",ICANN,"des.br",3,1
"det.br",ICANN,"*.det.br",3,1
"det.br",ICANN,"det.br",3,1
"dev.br",ICANN,"*.dev.br",3,1
"dev.br",ICANN,"dev.br",3,1
"ecn.br",ICANN,"*.ecn.br",3,1
"ecn.br",ICANN,"ecn.br",3,1
"eco.br",ICANN,"*.eco.br",3,1
"eco.br",ICANN,"eco.br",3,1
"edu.br",ICANN,"*.edu.br",3,1
"edu.br",ICANN,"edu.br",3,1
"emp.br",ICANN,"*.emp.br",3,1
"emp.br",ICANN,"emp.br",3,1
"enf.br",ICANN,"*.enf.br",3,1
"enf.br",ICANN,"enf.br",3,1
"eng.br",ICANN,"*.eng.br",3,1
"eng.br",ICANN,"eng.br",3,1
"esp.br",ICANN,"*.esp.br",3,1
"esp.br",ICANN,"esp.br",3,1
"etc.br",ICANN,"*.etc.br",3,1
"etc.br",ICANN,"etc.br",3,1
"eti.br",ICANN,"*.eti.br",3,1
"eti.br",ICANN,"eti.br",3,1
"far.br",ICANN,"*.far.br",3,1
"far.br",ICANN,"far.br",3,1
"feira.br",ICANN,"*.feira.br",3,1
"feira.br",ICANN,"feira.br",3,1
"flog.br",ICANN,"*.flog.br",3,1
"flog.br",ICANN,"flog.br",3,1
"floripa.br",ICANN,"*.floripa.br",3,1
"floripa.br",ICANN,"floripa.br",3,1
"fm.br",ICANN,"*.fm.br",3,1
"fm.br",ICANN,"fm.br",3,1
"fnd.br",ICANN,"*.fnd.br",3,1
"fnd.br",ICANN,"fnd.br",3,1
"fortal.br",ICANN,"*.fortal.br",3,1
"fortal.br",ICANN,"fortal.br",3,1
"fot.br",ICANN,"*.fot.br",3,1
"fot.br",ICANN,"fot.br",3,1
"foz.br",ICANN,"*.foz.br",3,1
"foz.br",ICANN,"foz.br",3,1
"fst.br",ICANN,"*.fst.br",3,1
"fst.br",ICANN,"fst.br",3,1
"g12.br",ICANN,"*.g12.br",3,1
"g12.br",ICANN,"g12.br",3,1
"geo.br",ICANN,"*.geo.br",3,1
"geo.br",ICANN,"geo.br",3,1
"ggf.br",ICANN,"*.ggf.br",3,1
"ggf.br",ICANN,"ggf.br",3,1
"goiania.br",ICANN,"*.goiania.br",3,1
"goiania.br",ICANN,"goiania.br",3,1
"gov.br",ICANN,"*.gov.br",3,1
"gov.br",ICANN,"gov.br",3,1
"gru.br",ICANN,"*.gru.br",3,1
"gru.br",ICANN,"gru.br",3,1
"ia.br",ICANN,"*.ia.br",3,1
"ia.br",ICANN,"ia.br",3,1
"imb.br",ICANN,"*.imb.br",3,1
"imb.br",ICANN,"imb.br",3,1
"ind.br",ICANN,"*.ind.br",3,1
"ind.br",ICANN,"ind.br",3,1
"inf.br",ICANN,"*.inf.br",3,1
"inf.br",ICANN,"inf.br",3,1
"jab.br",ICANN,"*.jab.br",3,1
"jab.br",ICANN,"jab.br",3,1
"jampa.br",ICANN,"*.jampa.br",3,1
"jampa.br",ICANN,"jampa.br",3,1
"jdf.br",ICANN,"*.jdf.br",3,1
"jdf.br",ICANN,"jdf.br",3,1
"joinville.br",ICANN,"*.joinville.br",3,1
"joinville.br",ICANN,"joinville.br",3,1
"jor.br",ICANN,"*.jor.br",3,1
"jor.br",ICANN,"jor.br",3,1
"jus.br",ICANN,"*.jus.br",3,1
"jus.br",ICANN,"jus.br",3,1
"leg.br",ICANN,"*.leg.br",3,1
"leg.br",ICANN,"leg.br",3,1
"leilao.br",ICANN,"*.leilao.br",3,1
"leilao.br",ICANN,"leilao.br",3,1
"lel.br",ICANN,"*.lel.br",3,1
"lel.br",ICANN,"lel.br",3,1
"log.br",ICANN,"*.log.br",3,1
"log.br",ICANN,"log.br",3,1
"londrina.br",ICANN,"*.londrina.br",3,1
"londrina.br",ICANN,"londrina.br",3,1
"macapa.br",ICANN,"*.macapa.br",3,1
"macapa.br",ICANN,"macapa.br",3,1
"maceio.br",ICANN,"*.maceio.br",3,1
"maceio.br",ICANN,"maceio.br",3,1
"manaus.br",ICANN,"*.manaus.br",3,1
"manaus.br",ICANN,"manaus.br",3,1
"maringa.br",ICANN,"*.maringa.br",3,1
"maringa.br",ICANN,"maringa.br",3,1
"mat.br",ICANN,"*.mat.br",3,1
"mat.br",ICANN,"mat.br",3,1
"med.br",ICANN,"*.med.br",3,1
"med.br",ICANN,"med.br",3,1
"mil.br",ICANN,"*.mil.br",3,1
"mil.br",ICANN,"mil.br",3,1
"morena.br",ICANN,"*.morena.br",3,1
"morena.br",ICANN,"morena.br",3,1
"mp.br",ICANN,"*.mp.br",3,1
"mp.br",ICANN,"mp.br",3,1
"mus.br",ICANN,"*.mus.br",3,1
"mus.br",ICANN,"mus.br",3,1
"natal.br",ICANN,"*.natal.br",3,1
"natal.br",ICANN,"natal.br",3,1
"net.br",ICANN,"*.net.br",3,1
"net.br",ICANN,"net.br",3,1
"niteroi.br",ICANN,"*.niteroi.br",3,1
"niteroi.br",ICANN,"niteroi.br",3,1
"*.nom.br",ICANN,"*.nom.br",4,1
"*.nom.br",ICANN,"nom.br",4,1
"not.br",ICANN,"*.not.br",3,1
"not.br",ICANN,"not.br",3,1
"ntr.br",ICANN,"*.ntr.br",3,1
"ntr.br",ICANN,"ntr.br",3,1
"odo.br",ICANN,"*.odo.br",3,1
"odo.br",ICANN,"odo.br",3,1
"ong.br",ICANN,"*.ong.br",3,1
"ong.br",ICANN,"ong.br",3,1
"org.br",ICANN,"*.org.br",3,1
"org.br",ICANN,"org.br",3,1
"osasco.br",ICANN,"*.osasco.br",3,1
"osasco.br",ICANN,"osasco.br",3,1
"palmas.br",ICANN,"*.palmas.br",3,1
"palmas.br",ICANN,"palmas.br",3,1
"poa.br",ICANN,"*.poa.br",3,1
"poa.br",ICANN,"poa.br",3,1
"ppg.br",ICANN,"*.ppg.br",3,1
"ppg.br",ICANN,"ppg.br",3,1
"pro.br",ICANN,"*.pro.br",3,1
"pro.br",ICANN,"pro.br",3,1
"psc.br",ICANN,"*.psc.br",3,1
"psc.br",ICANN,"psc.br",3,1
"psi.br",ICANN,"*.psi.br",3,1
"psi.br",ICANN,"psi.br",3,1
"pvh.br",ICANN,"*.pvh.br",3,1
"pvh.br",ICANN,"pvh.br",3,1
"qsl.br",ICANN,"*.qsl.br",3,1
"qsl.br",ICANN,"qsl.br",3,1
"radio.br",ICANN,"*.radio.br",3,1
"radio.br",ICANN,"radio.br",3,1
"rec.br",ICANN,"*.rec.br",3,1
"rec.br",ICANN,"rec.br",3,1
"recife.br",ICANN,"*.recife.br",3,1
"recife.br",ICANN,"recife.br",3,1
"rep.br",ICANN,"*.rep.br",3,1
"rep.br",ICANN,"rep.br",3,1
"ribeirao.br",ICANN,"*.ribeirao.br",3,1
"ribeirao.br",ICANN,"ribeirao.br",3,1
"rio.br",ICANN,"*.rio.br",3,1
"rio.br",ICANN,"rio.br",3,1
"riobranco.br",ICANN,"*.riobranco.br",3,1
"riobranco.br",ICANN,"riobranco.br",3,1
"riopreto.br",ICANN,"*.riopreto.br",3,1
"riopreto.br",ICANN,"riopreto.br",3,1
"salvador.br",ICANN,"*.salvador.br",3,1
"salvador.br",ICANN,"salvador.br",3,1
"sampa.br",ICANN,"*.sampa.br",3,1
"sampa.br",ICANN,"sampa.br",3,1
"santamaria.br",ICANN,"*.santamaria.br",3,1
"santamaria.br",ICANN,"santamaria.br",3,1
"santoandre.br",ICANN,"*.santoandre.br",3,1
"santoandre.br",ICANN,"santoandre.br",3,1
"saobernardo.br",ICANN,"*.saobernardo.br",3,1
"saobernardo.br",ICANN,"saobernardo.br",3,1
"saogonca.br",ICANN,"*.saogonca.br",3,1
"saogonca.br",ICANN,"saogonca.br",3,1
"seg.br",ICANN,"*.seg.br",3,1
"seg.br",ICANN,"seg.br",3,1
"sjc.br",ICANN,"*.sjc.br",3,1
"sjc.br",ICANN,"sjc.br",3,1
"slg.br",ICANN,"*.slg.br",3,1
"slg.br",ICANN,"slg.br",3,1
"slz.br",ICANN,"*.slz.br",3,1
"slz.br",ICANN,"slz.br",3,1
"social.br",ICANN,"*.social.br",3,1
"social.br",ICANN,"social.br",3,1
"sorocaba.br",ICANN,"*.sorocaba.br",3,1
"sorocaba.br",ICANN,"sorocaba.br",3,1
"srv.br",ICANN,"*.srv.br",3,1
"srv.br",ICANN,"srv.br",3,1
"taxi.br",ICANN,"*.taxi.br",3,1
"taxi.br",ICANN,"taxi.br",3,1
"tc.br",ICANN,"*.tc.br",3,1
"tc.br",ICANN,"tc.br",3,1
"tec.br",ICANN,"*.tec.br",3,1
"tec.br",ICANN,"tec.br",3,1
"teo.br",ICANN,"*.teo.br",3,1
"teo.br",ICANN,"teo.br",3,1
"the.br",ICANN,"*.the.br",3,1
"the.br",ICANN,"the.br",3,1
"tmp.br",ICANN,"*.tmp.br",3,1
"tmp.br",ICANN,"tmp.br",3,1
"trd.br",ICANN,"*.trd.br",3,1
"trd.br",ICANN,"trd.br",3,1
"tur.br",ICANN,"*.tur.br",3,1
"tur.br",ICANN,"tur.br",3,1
"tv.br",ICANN,"*.tv.br",3,1
"tv.br",ICANN,"tv.br",3,1
"udi.br",ICANN,"*.udi.br",3,1
"udi.br",ICANN,"udi.br",3,1
"vet.br",ICANN,"*.vet.br",3,1
"vet.br",ICANN,"vet.br",3,1
"vix.br",ICANN,"*.vix.br",3,1
"vix.br",ICANN,"vix.br",3,1
"vlog.br",ICANN,"*.vlog.br",3,1
"vlog.br",ICANN,"vlog.br",3,1
"wiki.br",ICANN,"*.wiki.br",3,1
"wiki.br",ICANN,"wiki.br",3,1
"xyz.br",ICANN,"*.xyz.br",3,1
"xyz.br",ICANN,"xyz.br",3,1
"zlg.br",ICANN,"*.zlg.br",3,1
"zlg.br",ICANN,"zlg.br",3,1
"com.bs",ICANN,"*.com.bs",3,1
"com.bs",ICANN,"com.bs",3,1
"edu.bs",ICANN,"*.edu.bs",3,1
"edu.bs",ICANN,"edu.bs",3,1
"gov.bs",ICANN,"*.gov.bs",3,1
"gov.bs",ICANN,"gov.bs",3,1
"net.bs",ICANN,"*.net.bs",3,1
"net.bs",ICANN,"net.bs",3,1
"org.bs",ICANN,"*.org.bs",3,1
"org.bs",ICANN,"org.bs",3,1
"com.bt",ICANN,"*.com.bt",3,1
"com.bt",ICANN,"com.bt",3,1
"edu.bt",ICANN,"*.edu.bt",3,1
"edu.bt",ICANN,"edu.bt",3,1
"gov.bt",ICANN,"*.gov.bt",3,1
"gov.bt",ICANN,"gov.bt",3,1
"net.bt",ICANN,"*.net.bt",3,1
"net.bt",ICANN,"net.bt",3,1
"org.bt",ICANN,"*.org.bt",3,1
"org.bt",ICANN,"org.bt",3,1
"ac.bw",ICANN,"*.ac.bw",3,1
"ac.bw",ICANN,"ac.bw",3,1
"co.bw",ICANN,"*.co.bw",3,1
"co.bw",ICANN,"co.bw",3,1
"gov.bw",ICANN,"*.gov.bw",3,1
"gov.bw",ICANN,"gov.bw",3,1
"net.bw",ICANN,"*.net.bw",3,1
"net.bw",ICANN,"net.bw",3,1
"org.bw",ICANN,"*.org.bw",3,1
"org.bw",ICANN,"org.bw",3,1
"gov.by",ICANN,"*.gov.by",3,1
"gov.by",ICANN,"gov.by",3,1
"mil.by",ICANN,"*.mil.by",3,1
"mil.by",ICANN,"mil.by",3,1
"com.by",ICANN,"*.com.by",3,1
"com.by",ICANN,"com.by",3,1
"of.by",ICANN,"*.of.by",3,1
"of.by",ICANN,"of.by",3,1
"co.bz",ICANN,"*.co.bz",3,1
"co.bz",ICANN,"co.bz",3,1
"com.bz",ICANN,"*.com.bz",3,1
"com.bz",ICANN,"com.bz",3,1
"edu.bz",ICANN,"*.edu.bz",3,1
"edu.bz",ICANN,"edu.bz",3,1
"gov.bz",ICANN,"*.gov.bz",3,1
"gov.bz",ICANN,"gov.bz",3,1
"net.bz",ICANN,"*.net.bz",3,1
"net.bz",ICANN,"net.bz",3,1
"org.bz",ICANN,"*.org.bz",3,1
"org.bz",ICANN,"org.bz",3,1
"ab.ca",ICANN,"*.ab.ca",3,1
"ab.ca",ICANN,"ab.ca",3,1
"bc.ca",ICANN,"*.bc.ca",3,1
"bc.ca",ICANN,"bc.ca",3,1
"mb.ca",ICANN,"*.mb.ca",3,1
"mb.ca",ICANN,"mb.ca",3,1
"nb.ca",ICANN,"*.nb.ca",3,1
"nb.ca",ICANN,"nb.ca",3,1
"nf.ca",ICANN,"*.nf.ca",3,1
"nf.ca",ICANN,"nf.ca",3,1
"nl.ca",ICANN,"*.nl.ca",3,1
"nl.ca",ICANN,"nl.ca",3,1
"ns.ca",ICANN,"*.ns.ca",3,1
"ns.ca",ICANN,"ns.ca",3,1
"nt.ca",ICANN,"*.nt.ca",3,1
"nt.ca",ICANN,"nt.ca",3,1
"nu.ca",ICANN,"*.nu.ca",3,1
"nu.ca",ICANN,"nu.ca",3,1
"on.ca",ICANN,"*.on.ca",3,1
"on.ca",ICANN,"on.ca",3,1
"pe.ca",ICANN,"*.pe.ca",3,1
"pe.ca",ICANN,"pe.ca",3,1
"qc.ca",ICANN,"*.qc.ca",3,1
"qc.ca",ICANN,"qc.ca",3,1
"sk.ca",ICANN,"*.sk.ca",3,1
"sk.ca",ICANN,"sk.ca",3,1
"yk.ca",ICANN,"*.yk.ca",3,1
"yk.ca",ICANN,"yk.ca",3,1
"gc.ca",ICANN,"*.gc.ca",3,1
"gc.ca",ICANN,"gc.ca",3,1
"gov.cd",ICANN,"*.gov.cd",3,1
"gov.cd",ICANN,"gov.cd",3,1
"ac.ci",ICANN,"*.ac.ci",3,1
"ac.ci",ICANN,"ac.ci",3,1
"aéroport.ci",ICANN,"*.aéroport.ci",3,1
"aéroport.ci",ICANN,"aéroport.ci",3,1
"aéroport.ci",ICANN,"*.xn--aroport-bya.ci",3,1
"aéroport.ci",ICANN,"xn--aroport-bya.ci",3,1
"asso.ci",ICANN,"*.asso.ci",3,1
"asso.ci",ICANN,"asso.ci",3,1
"co.ci",ICANN,"*.co.ci",3,1
"co.ci",ICANN,"co.ci",3,1
"com.ci",ICANN,"*.com.ci",3,1
"com.ci",ICANN,"com.ci",3,1
"ed.ci",ICANN,"*.ed.ci",3,1
"ed.ci",ICANN,"ed.ci",3,1
"edu.ci",ICANN,"*.edu.ci",3,1
"edu.ci",ICANN,"edu.ci",3,1
"go.ci",ICANN,"*.go.ci",3,1
"go.ci",ICANN,"go.ci",3,1
"gouv.ci",ICANN,"*.gouv.ci",3,1
"gouv.ci",ICANN,"gouv.ci",3,1
"int.ci",ICANN,"*.int.ci",3,1
"int.ci",ICANN,"int.ci",3,1
"net.ci",ICANN,"*.net.ci",3,1
"net.ci",ICANN,"net.ci",3,1
"or.ci",ICANN,"*.or.ci",3,1
"or.ci",ICANN,"or.ci",3,1
"org.ci",ICANN,"*.org.ci",3,1
"org.ci",ICANN,"org.ci",3,1
"co.cl",ICANN,"*.co.cl",3,1
"co.cl",ICANN,"co.cl",3,1
"gob.cl",ICANN,"*.gob.cl",3,1
"gob.cl",ICANN,"gob.cl",3,1
"gov.cl",ICANN,"*.gov.cl",3,1
"gov.cl",ICANN,"gov.cl",3,1
"mil.cl",ICANN,"*.mil.cl",3,1
"mil.cl",ICANN,"mil.cl",3,1
"co.cm",ICANN,"*.co.cm",3,1
"co.cm",ICANN,"co.cm",3,1
"com.cm",ICANN,"*.com.cm",3,1
"com.cm",ICANN,"com.cm",3,1
"gov.cm",ICANN,"*.gov.cm",3,1
"gov.cm",ICANN,"gov.cm",3,1
"net.cm",ICANN,"*.net.cm",3,1
"net.cm",ICANN,"net.cm",3,1
"ac.cn",ICANN,"*.ac.cn",3,1
"ac.cn",ICANN,"ac.cn",3,1
"com.cn",ICANN,"*.com.cn",3,1
"com.cn",ICANN,"com.cn",3,1
"edu.cn",ICANN,"*.edu.cn",3,1
"edu.cn",ICANN,"edu.cn",3,1
"gov.cn",ICANN,"*.gov.cn",3,1
"gov.cn",ICANN,"gov.cn",3,1
"mil.cn",ICANN,"*.mil.cn",3,1
"mil.cn",ICANN,"mil.cn",3,1
"net.cn",ICANN,"*.net.cn",3,1
"net.cn",ICANN,"net.cn",3,1
"org.cn",ICANN,"*.org.cn",3,1
"org.cn",ICANN,"org.cn",3,1
"公司.cn",ICANN,"*.公司.cn",3,1
"公司.cn",ICANN,"公司.cn",3,1
"公司.cn",ICANN,"*.xn--55qx5d.cn",3,1
"公司.cn",ICANN,"xn--55qx5d.cn",3,1
"網絡.cn",ICANN,"*.網絡.cn",3,1
"網絡.cn",ICANN,"網絡.cn",3,1
"網絡.cn",ICANN,"*.xn--od0alg.cn",3,1
"網絡.cn",ICANN,"xn--od0alg.cn",3,1
"网络.cn",ICANN,"*.网络.cn",3,1
"网络.cn",ICANN,"网络.cn",3,1
"网络.cn",ICANN,"*.xn--io0a7i.cn",3,1
"网络.cn",ICANN,"xn--io0a7i.cn",3,1
"ah.cn",ICANN,"*.ah.cn",3,1
"ah.cn",ICANN,"ah.cn",3,1
"bj.cn",ICANN,"*.bj.cn",3,1
"bj.cn",ICANN,"bj.cn",3,1
"cq.cn",ICANN,"*.cq.cn",3,1
"cq.cn",ICANN,"cq.cn",3,1
"fj.cn",ICANN,"*.fj.cn",3,1
"fj.cn",ICANN,"fj.cn",3,1
"gd.cn",ICANN,"*.gd.cn",3,1
"gd.cn",ICANN,"gd.cn",3,1
"gs.cn",ICANN,"*.gs.cn",3,1
"gs.cn",ICANN,"gs.cn",3,1
"gx.cn",ICANN,"*.gx.cn",3,1
"gx.cn",ICANN,"gx.cn",3,1
"gz.cn",ICANN,"*.gz.cn",3,1
"gz.cn",ICANN,"gz.cn",3,1
"ha.cn",ICANN,"*.ha.cn",3,1
"ha.cn",ICANN,"ha.cn",3,1
"hb.cn",ICANN,"*.hb.cn",3,1
"hb.cn",ICANN,"hb.cn",3,1
"he.cn",ICANN,"*.he.cn",3,1
"he.cn",ICANN,"he.cn",3,1
"hi.cn",ICANN,"*.hi.cn",3,1
"hi.cn",ICANN,"hi.cn",3,1
"hk.cn",ICANN,"*.hk.cn",3,1
"hk.cn",ICANN,"hk.cn",3,1
"hl.cn",ICANN,"*.hl.cn",3,1
"hl.cn",ICANN,"hl.cn",3,1
"hn.cn",ICANN,"*.hn.cn",3,1
"hn.cn",ICANN,"hn.cn",3,1
"jl.cn",ICANN,"*.jl.cn",3,1
"jl.cn",ICANN,"jl.cn",3,1
"js.cn",ICANN,"*.js.cn",3,1
"js.cn",ICANN,"js.cn",3,1
"jx.cn",ICANN,"*.jx.cn",3,1
"jx.cn",ICANN,"jx.cn",3,1
"ln.cn",ICANN,"*.ln.cn",3,1
"ln.cn",ICANN,"ln.cn",3,1
"mo.cn",ICANN,"*.mo.cn",3,1
"mo.cn",ICANN,"mo.cn",3,1
"nm.cn",ICANN,"*.nm.cn",3,1
"nm.cn",ICANN,"nm.cn",3,1
"nx.cn",ICANN,"*.nx.cn",3,1
"nx.cn",ICANN,"nx.cn",3,1
"qh.cn",ICANN,"*.qh.cn",3,1
"qh.cn",ICANN,"qh.cn",3,1
"sc.cn",ICANN,"*.sc.cn",3,1
"sc.cn",ICANN,"sc.cn",3,1
"sd.cn",ICANN,"*.sd.cn",3,1
"sd.cn",ICANN,"sd.cn",3,1
"sh.cn",ICANN,"*.sh.cn",3,1
"sh.cn",ICANN,"sh.cn",3,1
"sn.cn",ICANN,"*.sn.cn",3,1
"sn.cn",ICANN,"sn.cn",3,1
"sx.cn",ICANN,"*.sx.cn",3,1
"sx.cn",ICANN,"sx.cn",3,1
"tj.cn",ICANN,"*.tj.cn",3,1
"tj.cn",ICANN,"tj.cn",3,1
"tw.cn",ICANN,"*.tw.cn",3,1
"tw.cn",ICANN,"tw.cn",3,1
"xj.cn",ICANN,"*.xj.cn",3,1
"xj.cn",ICANN,"xj.cn",3,1
"xz.cn",ICANN,"*.xz.cn",3,1
"xz.cn",ICANN,"xz.cn",3,1
"yn.cn",ICANN,"*.yn.cn",3,1
"yn.cn",ICANN,"yn.cn",3,1
"zj.cn",ICANN,"*.zj.cn",3,1
"zj.cn",ICANN,"zj.cn",3,1
"com.co",ICANN,"*.com.co",3,1
"com.co",ICANN,"com.co",3,1
"edu.co",ICANN,"*.edu.co",3,1
"edu.co",ICANN,"edu.co",3,1
"gov.co",ICANN,"*.gov.co",3,1
"gov.co",ICANN,"gov.co",3,1
"mil.co",ICANN,"*.mil.co",3,1
"mil.co",ICANN,"mil.co",3,1
"net.co",ICANN,"*.net.co",3,1
"net.co",ICANN,"net.co",3,1
"nom.co",ICANN,"*.nom.co",3,1
"nom.co",ICANN,"nom.co",3,1
"org.co",ICANN,"*.org.co",3,1
"org.co",ICANN,"org.co",3,1
"ac.cr",ICANN,"*.ac.cr",3,1
"ac.cr",ICANN,"ac.cr",3,1
"co.cr",ICANN,"*.co.cr",3,1
"co.cr",ICANN,"co.cr",3,1
"ed.cr",ICANN,"*.ed.cr",3,1
"ed.cr",ICANN,"ed.cr",3,1
"fi.cr",ICANN,"*.fi.cr",3,1
"fi.cr",ICANN,"fi.cr",3,1
"go.cr",ICANN,"*.go.cr",3,1
"go.cr",ICANN,"go.cr",3,1
"or.cr",ICANN,"*.or.cr",3,1
"or.cr",ICANN,"or.cr",3,1
"sa.cr",ICANN,"*.sa.cr",3,1
"sa.cr",ICANN,"sa.cr",3,1
"com.cu",ICANN,"*.com.cu",3,1
"com.cu",ICANN,"com.cu",3,1
"edu.cu",ICANN,"*.edu.cu",3,1
"edu.cu",ICANN,"edu.cu",3,1
"gob.cu",ICANN,"*.gob.cu",3,1
"gob.cu",ICANN,"gob.cu",3,1
"inf.cu",ICANN,"*.inf.cu",3,1
"inf.cu",ICANN,"inf.cu",3,1
"nat.cu",ICANN,"*.nat.cu",3,1
"nat.cu",ICANN,"nat.cu",3,1
"net.cu",ICANN,"*.net.cu",3,1
"net.cu",ICANN,"net.cu",3,1
"org.cu",ICANN,"*.org.cu",3,1
"org.cu",ICANN,"org.cu",3,1
"com.cv",ICANN,"*.com.cv",3,1
"com.cv",ICANN,"com.cv",3,1
"edu.cv",ICANN,"*.edu.cv",3,1
"edu.cv",ICANN,"edu.cv",3,1
"id.cv",ICANN,"*.id.cv",3,1
"id.cv",ICANN,"id.cv",3,1
"int.cv",ICANN,"*.int.cv",3,1
"int.cv",ICANN,"int.cv",3,1
"net.cv",ICANN,"*.net.cv",3,1
"net.cv",ICANN,"net.cv",3,1
"nome.cv",ICANN,"*.nome.cv",3,1
"nome.cv",ICANN,"nome.cv",3,1
"org.cv",ICANN,"*.org.cv",3,1
"org.cv",ICANN,"org.cv",3,1
"publ.cv",ICANN,"*.publ.cv",3,1
"publ.cv",ICANN,"publ.cv",3,1
"com.cw",ICANN,"*.com.cw",3,1
"com.cw",ICANN,"com.cw",3,1
"edu.cw",ICANN,"*.edu.cw",3,1
"edu.cw",ICANN,"edu.cw",3,1
"net.cw",ICANN,"*.net.cw",3,1
"net.cw",ICANN,"net.cw",3,1
"org.cw",ICANN,"*.org.cw",3,1
"org.cw",ICANN,"org.cw",3,1
"gov.cx",ICANN,"*.gov.cx",3,1
"gov.cx",ICANN,"gov.cx",3,1
"ac.cy",ICANN,"*.ac.cy",3,1
"ac.cy",ICANN,"ac.cy",3,1
"biz.cy",ICANN,"*.biz.cy",3,1
"biz.cy",ICANN,"biz.cy",3,1
"com.cy",ICANN,"*.com.cy",3,1
"com.cy",ICANN,"com.cy",3,1
"ekloges.cy",ICANN,"*.ekloges.cy",3,1
"ekloges.cy",ICANN,"ekloges.cy",3,1
"gov.cy",ICANN,"*.gov.cy",3,1
"gov.cy",ICANN,"gov.cy",3,1
"ltd.cy",ICANN,"*.ltd.cy",3,1
"ltd.cy",ICANN,"ltd.cy",3,1
"mil.cy",ICANN,"*.mil.cy",3,1
"mil.cy",ICANN,"mil.cy",3,1
"net.cy",ICANN,"*.net.cy",3,1
"net.cy",ICANN,"net.cy",3,1
"org.cy",ICANN,"*.org.cy",3,1
"org.cy",ICANN,"org.cy",3,1
"press.cy",ICANN,"*.press.cy",3,1
"press.cy",ICANN,"press.cy",3,1
"pro.cy",ICANN,"*.pro.cy",3,1
"pro.cy",ICANN,"pro.cy",3,1
"tm.cy",ICANN,"*.tm.cy",3,1
"tm.cy",ICANN,"tm.cy",3,1
"gov.cz",ICANN,"*.gov.cz",3,1
"gov.cz",ICANN,"gov.cz",3,1
"co.dm",ICANN,"*.co.dm",3,1
"co.dm",ICANN,"co.dm",3,1
"com.dm",ICANN,"*.com.dm",3,1
"com.dm",ICANN,"com.dm",3,1
"edu.dm",ICANN,"*.edu.dm",3,1
"edu.dm",ICANN,"edu.dm",3,1
"gov.dm",ICANN,"*.gov.dm",3,1
"gov.dm",ICANN,"gov.dm",3,1
"net.dm",ICANN,"*.net.dm",3,1
"net.dm",ICANN,"net.dm",3,1
"org.dm",ICANN,"*.org.dm",3,1
"org.dm",ICANN,"org.dm",3,1
"art.do",ICANN,"*.art.do",3,1
"art.do",ICANN,"art.do",3,1
"com.do",ICANN,"*.com.do",3,1
"com.do",ICANN,"com.do",3,1
"edu.do",ICANN,"*.edu.do",3,1
"edu.do",ICANN,"edu.do",3,1
"gob.do",ICANN,"*.gob.do",3,1
"gob.do",ICANN,"gob.do",3,1
"gov.do",ICANN,"*.gov.do",3,1
"gov.do",ICANN,"gov.do",3,1
"mil.do",ICANN,"*.mil.do",3,1
"mil.do",ICANN,"mil.do",3,1
"net.do",ICANN,"*.net.do",3,1
"net.do",ICANN,"net.do",3,1
"org.do",ICANN,"*.org.do",3,1
"org.do",ICANN,"org.do",3,1
"sld.do",ICANN,"*.sld.do",3,1
"sld.do",ICANN,"sld.do",3,1
"web.do",ICANN,"*.web.do",3,1
"web.do",ICANN,"web.do",3,1
"art.dz",ICANN,"*.art.dz",3,1
"art.dz",ICANN,"art.dz",3,1
"asso.dz",ICANN,"*.asso.dz",3,1
"asso.dz",ICANN,"asso.dz",3,1
"com.dz",ICANN,"*.com.dz",3,1
"com.dz",ICANN,"com.dz",3,1
"edu.dz",ICANN,"*.edu.dz",3,1
"edu.dz",ICANN,"edu.dz",3,1
"gov.dz",ICANN,"*.gov.dz",3,1
"gov.dz",ICANN,"gov.dz",3,1
"net.dz",ICANN,"*.net.dz",3,1
"net.dz",ICANN,"net.dz",3,1
"org.dz",ICANN,"*.org.dz",3,1
"org.dz",ICANN,"org.dz",3,1
"pol.dz",ICANN,"*.pol.dz",3,1
"pol.dz",ICANN,"pol.dz",3,1
"soc.dz",ICANN,"*.soc.dz",3,1
"soc.dz",ICANN,"soc.dz",3,1
"tm.dz",ICANN,"*.tm.dz",3,1
"tm.dz",ICANN,"tm.dz",3,1
"abg.ec",ICANN,"*.abg.ec",3,1
"abg.ec",ICANN,"abg.ec",3,1
"adm.ec",ICANN,"*.adm.ec",3,1
"adm.ec",ICANN,"adm.ec",3,1
"agron.ec",ICANN,"*.agron.ec",3,1
"agron.ec",ICANN,"agron.ec",3,1
"arqt.ec",ICANN,"*.arqt.ec",3,1
"arqt.ec",ICANN,"arqt.ec",3,1
"art.ec",ICANN,"*.art.ec",3,1
"art.ec",ICANN,"art.ec",3,1
"bar.ec",ICANN,"*.bar.ec",3,1
"bar.ec",ICANN,"bar.ec",3,1
"chef.ec",ICANN,"*.chef.ec",3,1
"chef.ec",ICANN,"chef.ec",3,1
"com.ec",ICANN,"*.com.ec",3,1
"com.ec",ICANN,"com.ec",3,1
"cont.ec",ICANN,"*.cont.ec",3,1
"cont.ec",ICANN,"cont.ec",3,1
"cpa.ec",ICANN,"*.cpa.ec",3,1
"cpa.ec",ICANN,"cpa.ec",3,1
"cue.ec",ICANN,"*.cue.ec",3,1
"cue.ec",ICANN,"cue.ec",3,1
"dent.ec",ICANN,"*.dent.ec",3,1
"dent.ec",ICANN,"dent.ec",3,1
"dgn.ec",ICANN,"*.dgn.ec",3,1
"dgn.ec",ICANN,"dgn.ec",3,1
"disco.ec",ICANN,"*.disco.ec",3,1
"disco.ec",ICANN,"disco.ec",3,1
"doc.ec",ICANN,"*.doc.ec",3,1
"doc.ec",ICANN,"doc.ec",3,1
"edu.ec",ICANN,"*.edu.ec",3,1
"edu.ec",ICANN,"edu.ec",3,1
"eng.ec",ICANN,"*.eng.ec",3,1
"eng.ec",ICANN,"eng.ec",3,1
"esm.ec",ICANN,"*.esm.ec",3,1
"esm.ec",ICANN,"esm.ec",3,1
"fin.ec",ICANN,"*.fin.ec",3,1
"fin.ec",ICANN,"fin.ec",3,1
"fot.ec",ICANN,"*.fot.ec",3,1
"fot.ec",ICANN,"fot.ec",3,1
"gal.ec",ICANN,"*.gal.ec",3,1
"gal.ec",ICANN,"gal.ec",3,1
"gob.ec",ICANN,"*.gob.ec",3,1
"gob.ec",ICANN,"gob.ec",3,1
"gov.ec",ICANN,"*.gov.ec",3,1
"gov.ec",ICANN,"gov.ec",3,1
"gye.ec",ICANN,"*.gye.ec",3,1
"gye.ec",ICANN,"gye.ec",3,1
"ibr.ec",ICANN,"*.ibr.ec",3,1
"ibr.ec",ICANN,"ibr.ec",3,1
"info.ec",ICANN,"*.info.ec",3,1
"info.ec",ICANN,"info.ec",3,1
"k12.ec",ICANN,"*.k12.ec",3,1
"k12.ec",ICANN,"k12.ec",3,1
"lat.ec",ICANN,"*.lat.ec",3,1
"lat.ec",ICANN,"lat.ec",3,1
"loj.ec",ICANN,"*.loj.ec",3,1
"loj.ec",ICANN,"loj.ec",3,1
"med.ec",ICANN,"*.med.ec",3,1
"med.ec",ICANN,"med.ec",3,1
"mil.ec",ICANN,"*.mil.ec",3,1
"mil.ec",ICANN,"mil.ec",3,1
"mktg.ec",ICANN,"*.mktg.ec",3,1
"mktg.ec",ICANN,"mktg.ec",3,1
"mon.ec",ICANN,"*.mon.ec",3,1
"mon.ec",ICANN,"mon.ec",3,1
"net.ec",ICANN,"*.net.ec",3,1
"net.ec",ICANN,"net.ec",3,1
"ntr.ec",ICANN,"*.ntr.ec",3,1
"ntr.ec",ICANN,"ntr.ec",3,1
"odont.ec",ICANN,"*.odont.ec",3,1
"odont.ec",ICANN,"odont.ec",3,1
"org.ec",ICANN,"*.org.ec",3,1
"org.ec",ICANN,"org.ec",3,1
"pro.ec",ICANN,"*.pro.ec",3,1
"pro.ec",ICANN,"pro.ec",3,1
"prof.ec",ICANN,"*.prof.ec",3,1
"prof.ec",ICANN,"prof.ec",3,1
"psic.ec",ICANN,"*.psic.ec",3,1
"psic.ec",ICANN,"psic.ec",3,1
"psiq.ec",ICANN,"*.psiq.ec",3,1
"psiq.ec",ICANN,"psiq.ec",3,1
"pub.ec",ICANN,"*.pub.ec",3,1
"pub.ec",ICANN,"pub.ec",3,1
"rio.ec",ICANN,"*.rio.ec",3,1
"rio.ec",ICANN,"rio.ec",3,1
"rrpp.ec",ICANN,"*.rrpp.ec",3,1
"rrpp.ec",ICANN,"rrpp.ec",3,1
"sal.ec",ICANN,"*.sal.ec",3,1
"sal.ec",ICANN,"sal.ec",3,1
"tech.ec",ICANN,"*.tech.ec",3,1
"tech.ec",ICANN,"tech.ec",3,1
"tul.ec",ICANN,"*.tul.ec",3,1
"tul.ec",ICANN,"tul.ec",3,1
"tur.ec",ICANN,"*.tur.ec",3,1
"tur.ec",ICANN,"tur.ec",3,1
"uio.ec",ICANN,"*.uio.ec",3,1
"uio.ec",ICANN,"uio.ec",3,1
"vet.ec",ICANN,"*.vet.ec",3,1
"vet.ec",ICANN,"vet.ec",3,1
"xxx.ec",ICANN,"*.xxx.ec",3,1
"xxx.ec",ICANN,"xxx.ec",3,1
"aip.ee",ICANN,"*.aip.ee",3,1
"aip.ee",ICANN,"aip.ee",3,1
"com.ee",ICANN,"*.com.ee",3,1
"com.ee",ICANN,"com.ee",3,1
"edu.ee",ICANN,"*.edu.ee",3,1
"edu.ee",ICANN,"edu.ee",3,1
"fie.ee",ICANN,"*.fie.ee",3,1
"fie.ee",ICANN,"fie.ee",3,1
"gov.ee",ICANN,"*.gov.ee",3,1
"gov.ee",ICANN,"gov.ee",3,1
"lib.ee",ICANN,"*.lib.ee",3,1
"lib.ee",ICANN,"lib.ee",3,1
"med.ee",ICANN,"*.med.ee",3,1
"med.ee",ICANN,"med.ee",3,1
"org.ee",ICANN,"*.org.ee",3,1
"org.ee",ICANN,"org.ee",3,1
"pri.ee",ICANN,"*.pri.ee",3,1
"pri.ee",ICANN,"pri.ee",3,1
"riik.ee",ICANN,"*.riik.ee",3,1
"riik.ee",ICANN,"riik.ee",3,1
"ac.eg",ICANN,"*.ac.eg",3,1
"ac.eg",ICANN,"ac.eg",3,1
"com.eg",ICANN,"*.com.eg",3,1
"com.eg",ICANN,"com.eg",3,1
"edu.eg",ICANN,"*.edu.eg",3,1
"edu.eg",ICANN,"edu.eg",3,1
"eun.eg",ICANN,"*.eun.eg",3,1
"eun.eg",ICANN,"eun.eg",3,1
"gov.eg",ICANN,"*.gov.eg",3,1
"gov.eg",ICANN,"gov.eg",3,1
"info.eg",ICANN,"*.info.eg",3,1
"info.eg",ICANN,"info.eg",3,1
"me.eg",ICANN,"*.me.eg",3,1
"me.eg",ICANN,"me.eg",3,1
"mil.eg",ICANN,"*.mil.eg",3,1
"mil.eg",ICANN,"mil.eg",3,1
"name.eg",ICANN,"*.name.eg",3,1
"name.eg",ICANN,"name.eg",3,1
"net.eg",ICANN,"*.net.eg",3,1
"net.eg",ICANN,"net.eg",3,1
"org.eg",ICANN,"*.org.eg",3,1
"org.eg",ICANN,"org.eg",3,1
"sci.eg",ICANN,"*.sci.eg",3,1
"sci.eg",ICANN,"sci.eg",3,1
"sport.eg",ICANN,"*.sport.eg",3,1
"sport.eg",ICANN,"sport.eg",3,1
"tv.eg",ICANN,"*.tv.eg",3,1
"tv.eg",ICANN,"tv.eg",3,1
"com.es",ICANN,"*.com.es",3,1
"com.es",ICANN,"com.es",3,1
"edu.es",ICANN,"*.edu.es",3,1
"edu.es",ICANN,"edu.es",3,1
"gob.es",ICANN,"*.gob.es",3,1
"gob.es",ICANN,"gob.es",3,1
"nom.es",ICANN,"*.nom.es",3,1
"nom.es",ICANN,"nom.es",3,1
"org.es",ICANN,"*.org.es",3,1
"org.es",ICANN,"org.es",3,1
"biz.et",ICANN,"*.biz.et",3,1
"biz.et",ICANN,"biz.et",3,1
"com.et",ICANN,"*.com.et",3,1
"com.et",ICANN,"com.et",3,1
"edu.et",ICANN,"*.edu.et",3,1
"edu.et",ICANN,"edu.et",3,1
"gov.et",ICANN,"*.gov.et",3,1
"gov.et",ICANN,"gov.et",3,1
"info.et",ICANN,"*.info.et",3,1
"info.et",ICANN,"info.et",3,1
"name.et",ICANN,"*.name.et",3,1
"name.et",ICANN,"name.et",3,1
"net.et",ICANN,"*.net.et",3,1
"net.et",ICANN,"net.et",3,1
"org.et",ICANN,"*.org.et",3,1
"org.et",ICANN,"org.et",3,1
"aland.fi",ICANN,"*.aland.fi",3,1
"aland.fi",ICANN,"aland.fi",3,1
"ac.fj",ICANN,"*.ac.fj",3,1
"ac.fj",ICANN,"ac.fj",3,1
"biz.fj",ICANN,"*.biz.fj",3,1
"biz.fj",ICANN,"biz.fj",3,1
"com.fj",ICANN,"*.com.fj",3,1
"com.fj",ICANN,"com.fj",3,1
"gov.fj",ICANN,"*.gov.fj",3,1
"gov.fj",ICANN,"gov.fj",3,1
"info.fj",ICANN,"*.info.fj",3,1
"info.fj",ICANN,"info.fj",3,1
"mil.fj",ICANN,"*.mil.fj",3,1
"mil.fj",ICANN,"mil.fj",3,1
"name.fj",ICANN,"*.name.fj",3,1
"name.fj",ICANN,"name.fj",3,1
"net.fj",ICANN,"*.net.fj",3,1
"net.fj",ICANN,"net.fj",3,1
"org.fj",ICANN,"*.org.fj",3,1
"org.fj",ICANN,"org.fj",3,1
"pro.fj",ICANN,"*.pro.fj",3,1
"pro.fj",ICANN,"pro.fj",3,1
"com.fm",ICANN,"*.com.fm",3,1
"com.fm",ICANN,"com.fm",3,1
"edu.fm",ICANN,"*.edu.fm",3,1
"edu.fm",ICANN,"edu.fm",3,1
"net.fm",ICANN,"*.net.fm",3,1
"net.fm",ICANN,"net.fm",3,1
"org.fm",ICANN,"*.org.fm",3,1
"org.fm",ICANN,"org.fm",3,1
"asso.fr",ICANN,"*.asso.fr",3,1
"asso.fr",ICANN,"asso.fr",3,1
"com.fr",ICANN,"*.com.fr",3,1
"com.fr",ICANN,"com.fr",3,1
"gouv.fr",ICANN,"*.gouv.fr",3,1
"gouv.fr",ICANN,"gouv.fr",3,1
"nom.fr",ICANN,"*.nom.fr",3,1
"nom.fr",ICANN,"nom.fr",3,1
"prd.fr",ICANN,"*.prd.fr",3,1
"prd.fr",ICANN,"prd.fr",3,1
"tm.fr",ICANN,"*.tm.fr",3,1
"tm.fr",ICANN,"tm.fr",3,1
"avoues.fr",ICANN,"*.avoues.fr",3,1
"avoues.fr",ICANN,"avoues.fr",3,1
"cci.fr",ICANN,"*.cci.fr",3,1
"cci.fr",ICANN,"cci.fr",3,1
"greta.fr",ICANN,"*.greta.fr",3,1
"greta.fr",ICANN,"greta.fr",3,1
"huissier-justice.fr",ICANN,"*.huissier-justice.fr",3,1
"huissier-justice.fr",ICANN,"huissier-justice.fr",3,1
"edu.gd",ICANN,"*.edu.gd",3,1
"edu.gd",ICANN,"edu.gd",3,1
"gov.gd",ICANN,"*.gov.gd",3,1
"gov.gd",ICANN,"gov.gd",3,1
"com.ge",ICANN,"*.com.ge",3,1
"com.ge",ICANN,"com.ge",3,1
"edu.ge",ICANN,"*.edu.ge",3,1
"edu.ge",ICANN,"edu.ge",3,1
"gov.ge",ICANN,"*.gov.ge",3,1
"gov.ge",ICANN,"gov.ge",3,1
"net.ge",ICANN,"*.net.ge",3,1
"net.ge",ICANN,"net.ge",3,1
"org.ge",ICANN,"*.org.ge",3,1
"org.ge",ICANN,"org.ge",3,1
"pvt.ge",ICANN,"*.pvt.ge",3,1
"pvt.ge",ICANN,"pvt.ge",3,1
"school.ge",ICANN,"*.school.ge",3,1
"school.ge",ICANN,"school.ge",3,1
"co.gg",ICANN,"*.co.gg",3,1
"co.gg",ICANN,"co.gg",3,1
"net.gg",ICANN,"*.net.gg",3,1
"net.gg",ICANN,"net.gg",3,1
"org.gg",ICANN,"*.org.gg",3,1
"org.gg",ICANN,"org.gg",3,1
"biz.gh",ICANN,"*.biz.gh",3,1
"biz.gh",ICANN,"biz.gh",3,1
"com.gh",ICANN,"*.com.gh",3,1
"com.gh",ICANN,"com.gh",3,1
"edu.gh",ICANN,"*.edu.gh",3,1
"edu.gh",ICANN,"edu.gh",3,1
"gov.gh",ICANN,"*.gov.gh",3,1
"gov.gh",ICANN,"gov.gh",3,1
"mil.gh",ICANN,"*.mil.gh",3,1
"mil.gh",ICANN,"mil.gh",3,1
"net.gh",ICANN,"*.net.gh",3,1
"net.gh",ICANN,"net.gh",3,1
"org.gh",ICANN,"*.org.gh",3,1
"org.gh",ICANN,"org.gh",3,1
"com.gi",ICANN,"*.com.gi",3,1
"com.gi",ICANN,"com.gi",3,1
"edu.gi",ICANN,"*.edu.gi",3,1
"edu.gi",ICANN,"edu.gi",3,1
"gov.gi",ICANN,"*.gov.gi",3,1
"gov.gi",ICANN,"gov.gi",3,1
"ltd.gi",ICANN,"*.ltd.gi",3,1
"ltd.gi",ICANN,"ltd.gi",3,1
"mod.gi",ICANN,"*.mod.gi",3,1
"mod.gi",ICANN,"mod.gi",3,1
"org.gi",ICANN,"*.org.gi",3,1
"org.gi",ICANN,"org.gi",3,1
"co.gl",ICANN,"*.co.gl",3,1
"co.gl",ICANN,"co.gl",3,1
"com.gl",ICANN,"*.com.gl",3,1
"com.gl",ICANN,"com.gl",3,1
"edu.gl",ICANN,"*.edu.gl",3,1
"edu.gl",ICANN,"edu.gl",3,1
"net.gl",ICANN,"*.net.gl",3,1
"net.gl",ICANN,"net.gl",3,1
"org.gl",ICANN,"*.org.gl",3,1
"org.gl",ICANN,"org.gl",3,1
"ac.gn",ICANN,"*.ac.gn",3,1
"ac.gn",ICANN,"ac.gn",3,1
"com.gn",ICANN,"*.com.gn",3,1
"com.gn",ICANN,"com.gn",3,1
"edu.gn",ICANN,"*.edu.gn",3,1
"edu.gn",ICANN,"edu.gn",3,1
"gov.gn",ICANN,"*.gov.gn",3,1
"gov.gn",ICANN,"gov.gn",3,1
"net.gn",ICANN,"*.net.gn",3,1
"net.gn",ICANN,"net.gn",3,1
"org.gn",ICANN,"*.org.gn",3,1
"org.gn",ICANN,"org.gn",3,1
"asso.gp",ICANN,"*.asso.gp",3,1
"asso.gp",ICANN,"asso.gp",3,1
"com.gp",ICANN,"*.com.gp",3,1
"com.gp",ICANN,"com.gp",3,1
"edu.gp",ICANN,"*.edu.gp",3,1
"edu.gp",ICANN,"edu.gp",3,1
"mobi.gp",ICANN,"*.mobi.gp",3,1
"mobi.gp",ICANN,"mobi.gp",3,1
"net.gp",ICANN,"*.net.gp",3,1
"net.gp",ICANN,"net.gp",3,1
"org.gp",ICANN,"*.org.gp",3,1
"org.gp",ICANN,"org.gp",3,1
"com.gr",ICANN,"*.com.gr",3,1
"com.gr",ICANN,"com.gr",3,1
"edu.gr",ICANN,"*.edu.gr",3,1
"edu.gr",ICANN,"edu.gr",3,1
"gov.gr",ICANN,"*.gov.gr",3,1
"gov.gr",ICANN,"gov.gr",3,1
"net.gr",ICANN,"*.net.gr",3,1
"net.gr",ICANN,"net.gr",3,1
"org.gr",ICANN,"*.org.gr",3,1
"org.gr",ICANN,"org.gr",3,1
"com.gt",ICANN,"*.com.gt",3,1
"com.gt",ICANN,"com.gt",3,1
"edu.gt",ICANN,"*.edu.gt",3,1
"edu.gt",ICANN,"edu.gt",3,1
"gob.gt",ICANN,"*.gob.gt",3,1
"gob.gt",ICANN,"gob.gt",3,1
"ind.gt",ICANN,"*.ind.gt",3,1
"ind.gt",ICANN,"ind.gt",3,1
"mil.gt",ICANN,"*.mil.gt",3,1
"mil.gt",ICANN,"mil.gt",3,1
"net.gt",ICANN,"*.net.gt",3,1
"net.gt",ICANN,"net.gt",3,1
"org.gt",ICANN,"*.org.gt",3,1
"org.gt",ICANN,"org.gt",3,1
"com.gu",ICANN,"*.com.gu",3,1
"com.gu",ICANN,"com.gu",3,1
"edu.gu",ICANN,"*.edu.gu",3,1
"edu.gu",ICANN,"edu.gu",3,1
"gov.gu",ICANN,"*.gov.gu",3,1
"gov.gu",ICANN,"gov.gu",3,1
"guam.gu",ICANN,"*.guam.gu",3,1
"guam.gu",ICANN,"guam.gu",3,1
"info.gu",ICANN,"*.info.gu",3,1
"info.gu",ICANN,"info.gu",3,1
"net.gu",ICANN,"*.net.gu",3,1
"net.gu",ICANN,"net.gu",3,1
"org.gu",ICANN,"*.org.gu",3,1
"org.gu",ICANN,"org.gu",3,1
"web.gu",ICANN,"*.web.gu",3,1
"web.gu",ICANN,"web.gu",3,1
"co.gy",ICANN,"*.co.gy",3,1
"co.gy",ICANN,"co.gy",3,1
"com.gy",ICANN,"*.com.gy",3,1
"com.gy",ICANN,"com.gy",3,1
"edu.gy",ICANN,"*.edu.gy",3,1
"edu.gy",ICANN,"edu.gy",3,1
"gov.gy",ICANN,"*.gov.gy",3,1
"gov.gy",ICANN,"gov.gy",3,1
"net.gy",ICANN,"*.net.gy",3,1
"net.gy",ICANN,"net.gy",3,1
"org.gy",ICANN,"*.org.gy",3,1
"org.gy",ICANN,"org.gy",3,1
"com.hk",ICANN,"*.com.hk",3,1
"com.hk",ICANN,"com.hk",3,1
"edu.hk",ICANN,"*.edu.hk",3,1
"edu.hk",ICANN,"edu.hk",3,1
"gov.hk",ICANN,"*.gov.hk",3,1
"gov.hk",ICANN,"gov.hk",3,1
"idv.hk",ICANN,"*.idv.hk",3,1
"idv.hk",ICANN,"idv.hk",3,1
"net.hk",ICANN,"*.net.hk",3,1
"net.hk",ICANN,"net.hk",3,1
"org.hk",ICANN,"*.org.hk",3,1
"org.hk",ICANN,"org.hk",3,1
"个人.hk",ICANN,"*.个人.hk",3,1
"个人.hk",ICANN,"个人.hk",3,1
"个人.hk",ICANN,"*.xn--ciqpn.hk",3,1
"个人.hk",ICANN,"xn--ciqpn.hk",3,1
"個人.hk",ICANN,"*.個人.hk",3,1
"個人.hk",ICANN,"個人.hk",3,1
"個人.hk",ICANN,"*.xn--gmqw5a.hk",3,1
"個人.hk",ICANN,"xn--gmqw5a.hk",3,1
"公司.hk",ICANN,"*.公司.hk",3,1
"公司.hk",ICANN,"公司.hk",3,1
"公司.hk",ICANN,"*.xn--55qx5d.hk",3,1
"公司.hk",ICANN,"xn--55qx5d.hk",3,1
"政府.hk",ICANN,"*.政府.hk",3,1
"政府.hk",ICANN,"政府.hk",3,1
"政府.hk",ICANN,"*.xn--mxtq1m.hk",3,1
"政府.hk",ICANN,"xn--mxtq1m.hk",3,1
"敎育.hk",ICANN,"*.敎育.hk",3,1
"敎育.hk",ICANN,"敎育.hk",3,1
"敎育.hk",ICANN,"*.xn--lcvr32d.hk",3,1
"敎育.hk",ICANN,"xn--lcvr32d.hk",3,1
"教育.hk",ICANN,"*.教育.hk",3,1
"教育.hk",ICANN,"教育.hk",3,1
"教育.hk",ICANN,"*.xn--wcvs22d.hk",3,1
"教育.hk",ICANN,"xn--wcvs22d.hk",3,1
"箇人.hk",ICANN,"*.箇人.hk",3,1
"箇人.hk",ICANN,"箇人.hk",3,1
"箇人.hk",ICANN,"*.xn--gmq050i.hk",3,1
"箇人.hk",ICANN,"xn--gmq050i.hk",3,1
"組織.hk",ICANN,"*.組織.hk",3,1
"組織.hk",ICANN,"組織.hk",3,1
"組織.hk",ICANN,"*.xn--uc0atv.hk",3,1
"組織.hk",ICANN,"xn--uc0atv.hk",3,1
"組织.hk",ICANN,"*.組织.hk",3,1
"組织.hk",ICANN,"組织.hk",3,1
"組织.hk",ICANN,"*.xn--uc0ay4a.hk",3,1
"組织.hk",ICANN,"xn--uc0ay4a.hk",3,1
"網絡.hk",ICANN,"*.網絡.hk",3,1
"網絡.hk",ICANN,"網絡.hk",3,1
"網絡.hk",ICANN,"*.xn--od0alg.hk",3,1
"網絡.hk",ICANN,"xn--od0alg.hk",3,1
"網络.hk",ICANN,"*.網络.hk",3,1
"網络.hk",ICANN,"網络.hk",3,1
"網络.hk",ICANN,"*.xn--zf0avx.hk",3,1
"網络.hk",ICANN,"xn--zf0avx.hk",3,1
"组織.hk",ICANN,"*.组織.hk",3,1
"组織.hk",ICANN,"组織.hk",3,1
"组織.hk",ICANN,"*.xn--mk0axi.hk",3,1
"组織.hk",ICANN,"xn--mk0axi.hk",3,1
"组织.hk",ICANN,"*.组织.hk",3,1
"组织.hk",ICANN,"组织.hk",3,1
"组织.hk",ICANN,"*.xn--tn0ag.hk",3,1
"组织.hk",ICANN,"xn--tn0ag.hk",3,1
"网絡.hk",ICANN,"*.网絡.hk",3,1
"网絡.hk",ICANN,"网絡.hk",3,1
"网絡.hk",ICANN,"*.xn--od0aq3b.hk",3,1
"网絡.hk",ICANN,"xn--od0aq3b.hk",3,1
"网络.hk",ICANN,"*.网络.hk",3,1
"网络.hk",ICANN,"网络.hk",3,1
"网络.hk",ICANN,"*.xn--io0a7i.hk",3,1
"网络.hk",ICANN,"xn--io0a7i.hk",3,1
"com.hn",ICANN,"*.com.hn",3,1
"com.hn",ICANN,"com.hn",3,1
"edu.hn",ICANN,"*.edu.hn",3,1
"edu.hn",ICANN,"edu.hn",3,1
"gob.hn",ICANN,"*.gob.hn",3,1
"gob.hn",ICANN,"gob.hn",3,1
"mil.hn",ICANN,"*.mil.hn",3,1
"mil.hn",ICANN,"mil.hn",3,1
"net.hn",ICANN,"*.net.hn",3,1
"net.hn",ICANN,"net.hn",3,1
"org.hn",ICANN,"*.org.hn",3,1
"org.hn",ICANN,"org.hn",3,1
"com.hr",ICANN,"*.com.hr",3,1
"com.hr",ICANN,"com.hr",3,1
"from.hr",ICANN,"*.from.hr",3,1
"from.hr",ICANN,"from.hr",3,1
"iz.hr",ICANN,"*.iz.hr",3,1
"iz.hr",ICANN,"iz.hr",3,1
"name.hr",ICANN,"*.name.hr",3,1
"name.hr",ICANN,"name.hr",3,1
"adult.ht",ICANN,"*.adult.ht",3,1
"adult.ht",ICANN,"adult.ht",3,1
"art.ht",ICANN,"*.art.ht",3,1
"art.ht",ICANN,"art.ht",3,1
"asso.ht",ICANN,"*.asso.ht",3,1
"asso.ht",ICANN,"asso.ht",3,1
"com.ht",ICANN,"*.com.ht",3,1
"com.ht",ICANN,"com.ht",3,1
"coop.ht",ICANN,"*.coop.ht",3,1
"coop.ht",ICANN,"coop.ht",3,1
"edu.ht",ICANN,"*.edu.ht",3,1
"edu.ht",ICANN,"edu.ht",3,1
"firm.ht",ICANN,"*.firm.ht",3,1
"firm.ht",ICANN,"firm.ht",3,1
"gouv.ht",ICANN,"*.gouv.ht",3,1
"gouv.ht",ICANN,"gouv.ht",3,1
"info.ht",ICANN,"*.info.ht",3,1
"info.ht",ICANN,"info.ht",3,1
"med.ht",ICANN,"*.med.ht",3,1
"med.ht",ICANN,"med.ht",3,1
"net.ht",ICANN,"*.net.ht",3,1
"net.ht",ICANN,"net.ht",3,1
"org.ht",ICANN,"*.org.ht",3,1
"org.ht",ICANN,"org.ht",3,1
"perso.ht",ICANN,"*.perso.ht",3,1
"perso.ht",ICANN,"perso.ht",3,1
"pol.ht",ICANN,"*.pol.ht",3,1
"pol.ht",ICANN,"pol.ht",3,1
"pro.ht",ICANN,"*.pro.ht",3,1
"pro.ht",ICANN,"pro.ht",3,1
"rel.ht",ICANN,"*.rel.ht",3,1
"rel.ht",ICANN,"rel.ht",3,1
"shop.ht",ICANN,"*.shop.ht",3,1
"shop.ht",ICANN,"shop.ht",3,1
"2000.hu",ICANN,"*.2000.hu",3,1
"2000.hu",ICANN,"2000.hu",3,1
"agrar.hu",ICANN,"*.agrar.hu",3,1
"agrar.hu",ICANN,"agrar.hu",3,1
"bolt.hu",ICANN,"*.bolt.hu",3,1
"bolt.hu",ICANN,"bolt.hu",3,1
"casino.hu",ICANN,"*.casino.hu",3,1
"casino.hu",ICANN,"casino.hu",3,1
"city.hu",ICANN,"*.city.hu",3,1
"city.hu",ICANN,"city.hu",3,1
"co.hu",ICANN,"*.co.hu",3,1
"co.hu",ICANN,"co.hu",3,1
"erotica.hu",ICANN,"*.erotica.hu",3,1
"erotica.hu",ICANN,"erotica.hu",3,1
"erotika.hu",ICANN,"*.erotika.hu",3,1
"erotika.hu",ICANN,"erotika.hu",3,1
"film.hu",ICANN,"*.film.hu",3,1
"film.hu",ICANN,"film.hu",3,1
"forum.hu",ICANN,"*.forum.hu",3,1
"forum.hu",ICANN,"forum.hu",3,1
"games.hu",ICANN,"*.games.hu",3,1
"games.hu",ICANN,"games.hu",3,1
"hotel.hu",ICANN,"*.hotel.hu",3,1
"hotel.hu",ICANN,"hotel.hu",3,1
"info.hu",ICANN,"*.info.hu",3,1
"info.hu",ICANN,"info.hu",3,1
"ingatlan.hu",ICANN,"*.ingatlan.hu",3,1
"ingatlan.hu",ICANN,"ingatlan.hu",3,1
"jogasz.hu",ICANN,"*.jogasz.hu",3,1
"jogasz.hu",ICANN,"jogasz.hu",3,1
"konyvelo.hu",ICANN,"*.konyvelo.hu",3,1
"konyvelo.hu",ICANN,"konyvelo.hu",3,1
"lakas.hu",ICANN,"*.lakas.hu",3,1
"lakas.hu",ICANN,"lakas.hu",3,1
"media.hu",ICANN,"*.media.hu",3,1
"media.hu",ICANN,"media.hu",3,1
"news.hu",ICANN,"*.news.hu",3,1
"news.hu",ICANN,"news.hu",3,1
"org.hu",ICANN,"*.org.hu",3,1
"org.hu",ICANN,"org.hu",3,1
"priv.hu",ICANN,"*.priv.hu",3,1
"priv.hu",ICANN,"priv.hu",3,1
"reklam.hu",ICANN,"*.reklam.hu",3,1
"reklam.hu",ICANN,"reklam.hu",3,1
"sex.hu",ICANN,"*.sex.hu",3,1
"sex.hu",ICANN,"sex.hu",3,1
"shop.hu",ICANN,"*.shop.hu",3,1
"shop.hu",ICANN,"shop.hu",3,1
"sport.hu",ICANN,"*.sport.hu",3,1
"sport.hu",ICANN,"sport.hu",3,1
"suli.hu",ICANN,"*.suli.hu",3,1
"suli.hu",ICANN,"suli.hu",3,1
"szex.hu",ICANN,"*.szex.hu",3,1
"szex.hu",ICANN,"szex.hu",3,1
"tm.hu",ICANN,"*.tm.hu",3,1
"tm.hu",ICANN,"tm.hu",3,1
"tozsde.hu",ICANN,"*.tozsde.hu",3,1
"tozsde.hu",ICANN,"tozsde.hu",3,1
"utazas.hu",ICANN,"*.utazas.hu",3,1
"utazas.hu",ICANN,"utazas.hu",3,1
"video.hu",ICANN,"*.video.hu",3,1
"video.hu",ICANN,"video.hu",3,1
"ac.id",ICANN,"*.ac.id",3,1
"ac.id",ICANN,"ac.id",3,1
"biz.id",ICANN,"*.biz.id",3,1
"biz.id",ICANN,"biz.id",3,1
"co.id",ICANN,"*.co.id",3,1
"co.id",ICANN,"co.id",3,1
"desa.id",ICANN,"*.desa.id",3,1
"desa.id",ICANN,"desa.id",3,1
"go.id",ICANN,"*.go.id",3,1
"go.id",ICANN,"go.id",3,1
"kop.id",ICANN,"*.kop.id",3,1
"kop.id",ICANN,"kop.id",3,1
"mil.id",ICANN,"*.mil.id",3,1
"mil.id",ICANN,"mil.id",3,1
"my.id",ICANN,"*.my.id",3,1
"my.id",ICANN,"my.id",3,1
"net.id",ICANN,"*.net.id",3,1
"net.id",ICANN,"net.id",3,1
"or.id",ICANN,"*.or.id",3,1
"or.id",ICANN,"or.id",3,1
"ponpes.id",ICANN,"*.ponpes.id",3,1
"ponpes.id",ICANN,"ponpes.id",3,1
"sch.id",ICANN,"*.sch.id",3,1
"sch.id",ICANN,"sch.id",3,1
"web.id",ICANN,"*.web.id",3,1
"web.id",ICANN,"web.id",3,1
"gov.ie",ICANN,"*.gov.ie",3,1
"gov.ie",ICANN,"gov.ie",3,1
"ac.il",ICANN,"*.ac.il",3,1
"ac.il",ICANN,"ac.il",3,1
"co.il",ICANN,"*.co.il",3,1
"co.il",ICANN,"co.il",3,1
"gov.il",ICANN,"*.gov.il",3,1
"gov.il",ICANN,"gov.il",3,1
"idf.il",ICANN,"*.idf.il",3,1
"idf.il",ICANN,"idf.il",3,1
"k12.il",ICANN,"*.k12.il",3,1
"k12.il",ICANN,"k12.il",3,1
"muni.il",ICANN,"*.muni.il",3,1
"muni.il",ICANN,"muni.il",3,1
"net.il",ICANN,"*.net.il",3,1
"net.il",ICANN,"net.il",3,1
"org.il",ICANN,"*.org.il",3,1
"org.il",ICANN,"org.il",3,1
"אקדמיה.ישראל",ICANN,"*.אקדמיה.ישראל",3,1
"אקדמיה.ישראל",ICANN,"אקדמיה.ישראל",3,1
"אקדמיה.ישראל",ICANN,"*.xn--4dbgdty6c.xn--4dbrk0ce",3,1
"אקדמיה.ישראל",ICANN,"xn--4dbgdty6c.xn--4dbrk0ce",3,1
"ישוב.ישראל",ICANN,"*.ישוב.ישראל",3,1
"ישוב.ישראל",ICANN,"ישוב.ישראל",3,1
"ישוב.ישראל",ICANN,"*.xn--5dbhl8d.xn--4dbrk0ce",3,1
"ישוב.ישראל",ICANN,"xn--5dbhl8d.xn--4dbrk0ce",3,1
"צהל.ישראל",ICANN,"*.צהל.ישראל",3,1
"צהל.ישראל",ICANN,"צהל.ישראל",3,1
"צהל.ישראל",ICANN,"*.xn--8dbq2a.xn--4dbrk0ce",3,1
"צהל.ישראל",ICANN,"xn--8dbq2a.xn--4dbrk0ce",3,1
"ממשל.ישראל",ICANN,"*.ממשל.ישראל",3,1
"ממשל.ישראל",ICANN,"ממשל.ישראל",3,1
"ממשל.ישראל",ICANN,"*.xn--hebda8b.xn--4dbrk0ce",3,1
"ממשל.ישראל",ICANN,"xn--hebda8b.xn--4dbrk0ce",3,1
"ac.im",ICANN,"*.ac.im",3,1
"ac.im",ICANN,"ac.im",3,1
"co.im",ICANN,"*.co.im",3,1
"co.im",ICANN,"co.im",3,1
"com.im",ICANN,"*.com.im",3,1
"com.im",ICANN,"com.im",3,1
"net.im",ICANN,"*.net.im",3,1
"net.im",ICANN,"net.im",3,1
"org.im",ICANN,"*.org.im",3,1
"org.im",ICANN,"org.im",3,1
"tt.im",ICANN,"*.tt.im",3,1
"tt.im",ICANN,"tt.im",3,1
"tv.im",ICANN,"*.tv.im",3,1
"tv.im",ICANN,"tv.im",3,1
"5g.in",ICANN,"*.5g.in",3,1
"5g.in",ICANN,"5g.in",3,1
"6g.in",ICANN,"*.6g.in",3,1
"6g.in",ICANN,"6g.in",3,1
"ac.in",ICANN,"*.ac.in",3,1
"ac.in",ICANN,"ac.in",3,1
"ai.in",ICANN,"*.ai.in",3,1
"ai.in",ICANN,"ai.in",3,1
"am.in",ICANN,"*.am.in",3,1
"am.in",ICANN,"am.in",3,1
"bihar.in",ICANN,"*.bihar.in",3,1
"bihar.in",ICANN,"bihar.in",3,1
"biz.in",ICANN,"*.biz.in",3,1
"biz.in",ICANN,"biz.in",3,1
"business.in",ICANN,"*.business.in",3,1
"business.in",ICANN,"business.in",3,1
"ca.in",ICANN,"*.ca.in",3,1
"ca.in",ICANN,"ca.in",3,1
"cn.in",ICANN,"*.cn.in",3,1
"cn.in",ICANN,"cn.in",3,1
"co.in",ICANN,"*.co.in",3,1
"co.in",ICANN,"co.in",3,1
"com.in",ICANN,"*.com.in",3,1
"com.in",ICANN,"com.in",3,1
"coop.in",ICANN,"*.coop.in",3,1
"coop.in",ICANN,"coop.in",3,1
"cs.in",ICANN,"*.cs.in",3,1
"cs.in",ICANN,"cs.in",3,1
"delhi.in",ICANN,"*.delhi.in",3,1
"delhi.in",ICANN,"delhi.in",3,1
"dr.in",ICANN,"*.dr.in",3,1
"dr.in",ICANN,"dr.in",3,1
"edu.in",ICANN,"*.edu.in",3,1
"edu.in",ICANN,"edu.in",3,1
"er.in",ICANN,"*.er.in",3,1
"er.in",ICANN,"er.in",3,1
"firm.in",ICANN,"*.firm.in",3,1
"firm.in",ICANN,"firm.in",3,1
"gen.in",ICANN,"*.gen.in",3,1
"gen.in",ICANN,"gen.in",3,1
"gov.in",ICANN,"*.gov.in",3,1
"gov.in",ICANN,"gov.in",3,1
"gujarat.in",ICANN,"*.gujarat.in",3,1
"gujarat.in",ICANN,"gujarat.in",3,1
"ind.in",ICANN,"*.ind.in",3,1
"ind.in",ICANN,"ind.in",3,1
"info.in",ICANN,"*.info.in",3,1
"info.in",ICANN,"info.in",3,1
"int.in",ICANN,"*.int.in",3,1
"int.in",ICANN,"int.in",3,1
"internet.in",ICANN,"*.internet.in",3,1
"internet.in",ICANN,"internet.in",3,1
"io.in",ICANN,"*.io.in",3,1
"io.in",ICANN,"io.in",3,1
"me.in",ICANN,"*.me.in",3,1
"me.in",ICANN,"me.in",3,1
"mil.in",ICANN,"*.mil.in",3,1
"mil.in",ICANN,"mil.in",3,1
"net.in",ICANN,"*.net.in",3,1
"net.in",ICANN,"net.in",3,1
"nic.in",ICANN,"*.nic.in",3,1
"nic.in",ICANN,"nic.in",3,1
"org.in",ICANN,"*.org.in",3,1
"org.in",ICANN,"org.in",3,1
"pg.in",ICANN,"*.pg.in",3,1
"pg.in",ICANN,"pg.in",3,1
"post.in",ICANN,"*.post.in",3,1
"post.in",ICANN,"post.in",3,1
"pro.in",ICANN,"*.pro.in",3,1
"pro.in",ICANN,"pro.in",3,1
"res.in",ICANN,"*.res.in",3,1
"res.in",ICANN,"res.in",3,1
"travel.in",ICANN,"*.travel.in",3,1
"travel.in",ICANN,"travel.in",3,1
"tv.in",ICANN,"*.tv.in",3,1
"tv.in",ICANN,"tv.in",3,1
"uk.in",ICANN,"*.uk.in",3,1
"uk.in",ICANN,"uk.in",3,1
"up.in",ICANN,"*.up.in",3,1
"up.in",ICANN,"up.in",3,1
"us.in",ICANN,"*.us.in",3,1
"us.in",ICANN,"us.in",3,1
"eu.int",ICANN,"*.eu.int",3,1
"eu.int",ICANN,"eu.int",3,1
"co.io",ICANN,"*.co.io",3,1
"co.io",ICANN,"co.io",3,1
"com.io",ICANN,"*.com.io",3,1
"com.io",ICANN,"com.io",3,1
"edu.io",ICANN,"*.edu.io",3,1
"edu.io",ICANN,"edu.io",3,1
"gov.io",ICANN,"*.gov.io",3,1
"gov.io",ICANN,"gov.io",3,1
"mil.io",ICANN,"*.mil.io",3,1
"mil.io",ICANN,"mil.io",3,1
"net.io",ICANN,"*.net.io",3,1
"net.io",ICANN,"net.io",3,1
"nom.io",ICANN,"*.nom.io",3,1
"nom.io",ICANN,"nom.io",3,1
"org.io",ICANN,"*.org.io",3,1
"org.io",ICANN,"org.io",3,1
"com.iq",ICANN,"*.com.iq",3,1
"com.iq",ICANN,"com.iq",3,1
"edu.iq",ICANN,"*.edu.iq",3,1
"edu.iq",ICANN,"edu.iq",3,1
"gov.iq",ICANN,"*.gov.iq",3,1
"gov.iq",ICANN,"gov.iq",3,1
"mil.iq",ICANN,"*.mil.iq",3,1
"mil.iq",ICANN,"mil.iq",3,1
"net.iq",ICANN,"*.net.iq",3,1
"net.iq",ICANN,"net.iq",3,1
"org.iq",ICANN,"*.org.iq",3,1
"org.iq",ICANN,"org.iq",3,1
"ac.ir",ICANN,"*.ac.ir",3,1
"ac.ir",ICANN,"ac.ir",3,1
"co.ir",ICANN,"*.co.ir",3,1
"co.ir",ICANN,"co.ir",3,1
"gov.ir",ICANN,"*.gov.ir",3,1
"gov.ir",ICANN,"gov.ir",3,1
"id.ir",ICANN,"*.id.ir",3,1
"id.ir",ICANN,"id.ir",3,1
"net.ir",ICANN,"*.net.ir",3,1
"net.ir",ICANN,"net.ir",3,1
"org.ir",ICANN,"*.org.ir",3,1
"org.ir",ICANN,"org.ir",3,1
"sch.ir",ICANN,"*.sch.ir",3,1
"sch.ir",ICANN,"sch.ir",3,1
"ایران.ir",ICANN,"*.ایران.ir",3,1
"ایران.ir",ICANN,"ایران.ir",3,1
"ایران.ir",ICANN,"*.xn--mgba3a4f16a.ir",3,1
"ایران.ir",ICANN,"xn--mgba3a4f16a.ir",3,1
"ايران.ir",ICANN,"*.ايران.ir",3,1
"ايران.ir",ICANN,"ايران.ir",3,1
"ايران.ir",ICANN,"*.xn--mgba3a4fra.ir",3,1
"ايران.ir",ICANN,"xn--mgba3a4fra.ir",3,1
"edu.it",ICANN,"*.edu.it",3,1
"edu.it",ICANN,"edu.it",3,1
"gov.it",ICANN,"*.gov.it",3,1
"gov.it",ICANN,"gov.it",3,1
"abr.it",ICANN,"*.abr.it",3,1
"abr.it",ICANN,"abr.it",3,1
"abruzzo.it",ICANN,"*.abruzzo.it",3,1
"abruzzo.it",ICANN,"abruzzo.it",3,1
"aosta-valley.it",ICANN,"*.aosta-valley.it",3,1
"aosta-valley.it",ICANN,"aosta-valley.it",3,1
"aostavalley.it",ICANN,"*.aostavalley.it",3,1
"aostavalley.it",ICANN,"aostavalley.it",3,1
"bas.it",ICANN,"*.bas.it",3,1
"bas.it",ICANN,"bas.it",3,1
"basilicata.it",ICANN,"*.basilicata.it",3,1
"basilicata.it",ICANN,"basilicata.it",3,1
"cal.it",ICANN,"*.cal.it",3,1
"cal.it",ICANN,"cal.it",3,1
"calabria.it",ICANN,"*.calabria.it",3,1
"calabria.it",ICANN,"calabria.it",3,1
"cam.it",ICANN,"*.cam.it",3,1
"cam.it",ICANN,"cam.it",3,1
"campania.it",ICANN,"*.campania.it",3,1
"campania.it",ICANN,"campania.it",3,1
"emilia-romagna.it",ICANN,"*.emilia-romagna.it",3,1
"emilia-romagna.it",ICANN,"emilia-romagna.it",3,1
"emiliaromagna.it",ICANN,"*.emiliaromagna.it",3,1
"emiliaromagna.it",ICANN,"emiliaromagna.it",3,1
"emr.it",ICANN,"*.emr.it",3,1
"emr.it",ICANN,"emr.it",3,1
"friuli-v-giulia.it",ICANN,"*.friuli-v-giulia.it",3,1
"friuli-v-giulia.it",ICANN,"friuli-v-giulia.it",3,1
"friuli-ve-giulia.it",ICANN,"*.friuli-ve-giulia.it",3,1
"friuli-ve-giulia.it",ICANN,"friuli-ve-giulia.it",3,1
"friuli-vegiulia.it",ICANN,"*.friuli-vegiulia.it",3,1
"friuli-vegiulia.it",ICANN,"friuli-vegiulia.it",3,1
"friuli-venezia-giulia.it",ICANN,"*.friuli-venezia-giulia.it",3,1
"friuli-venezia-giulia.it",ICANN,"friuli-venezia-giulia.it",3,1
"friuli-veneziagiulia.it",ICANN,"*.friuli-veneziagiulia.it",3,1
"friuli-veneziagiulia.it",ICANN,"friuli-veneziagiulia.it",3,1
"friuli-vgiulia.it",ICANN,"*.friuli-vgiulia.it",3,1
"friuli-vgiulia.it",ICANN,"friuli-vgiulia.it",3,1
"friuliv-giulia.it",ICANN,"*.friuliv-giulia.it",3,1
"friuliv-giulia.it",ICANN,"friuliv-giulia.it",3,1
"friulive-giulia.it",ICANN,"*.friulive-giulia.it",3,1
"friulive-giulia.it",ICANN,"friulive-giulia.it",3,1
"friulivegiulia.it",ICANN,"*.friulivegiulia.it",3,1
"friulivegiulia.it",ICANN,"friulivegiulia.it",3,1
"friulivenezia-giulia.it",ICANN,"*.friulivenezia-giulia.it",3,1
"friulivenezia-giulia.it",ICANN,"friulivenezia-giulia.it",3,1
"friuliveneziagiulia.it",ICANN,"*.friuliveneziagiulia.it",3,1
"friuliveneziagiulia.it",ICANN,"friuliveneziagiulia.it",3,1
"friulivgiulia.it",ICANN,"*.friulivgiulia.it",3,1
"friulivgiulia.it",ICANN,"friulivgiulia.it",3,1
"fvg.it",ICANN,"*.fvg.it",3,1
"fvg.it",ICANN,"fvg.it",3,1
"laz.it",ICANN,"*.laz.it",3,1
"laz.it",ICANN,"laz.it",3,1
"lazio.it",ICANN,"*.lazio.it",3,1
"lazio.it",ICANN,"lazio.it",3,1
"lig.it",ICANN,"*.lig.it",3,1
"lig.it",ICANN,"lig.it",3,1
"liguria.it",ICANN,"*.liguria.it",3,1
"liguria.it",ICANN,"liguria.it",3,1
"lom.it",ICANN,"*.lom.it",3,1
"lom.it",ICANN,"lom.it",3,1
"lombardia.it",ICANN,"*.lombardia.it",3,1
"lombardia.it",ICANN,"lombardia.it",3,1
"lombardy.it",ICANN,"*.lombardy.it",3,1
"lombardy.it",ICANN,"lombardy.it",3,1
"lucania.it",ICANN,"*.lucania.it",3,1
"lucania.it",ICANN,"lucania.it",3,1
"mar.it",ICANN,"*.mar.it",3,1
"mar.it",ICANN,"mar.it",3,1
"marche.it",ICANN,"*.marche.it",3,1
"marche.it",ICANN,"marche.it",3,1
"mol.it",ICANN,"*.mol.it",3,1
"mol.it",ICANN,"mol.it",3,1
"molise.it",ICANN,"*.molise.it",3,1
"molise.it",ICANN,"molise.it",3,1
"piedmont.it",ICANN,"*.piedmont.it",3,1
"piedmont.it",ICANN,"piedmont.it",3,1
"piemonte.it",ICANN,"*.piemonte.it",3,1
"piemonte.it",ICANN,"piemonte.it",3,1
"pmn.it",ICANN,"*.pmn.it",3,1
"pmn.it",ICANN,"pmn.it",3,1
"pug.it",ICANN,"*.pug.it",3,1
"pug.it",ICANN,"pug.it",3,1
"puglia.it",ICANN,"*.puglia.it",3,1
"puglia.it",ICANN,"puglia.it",3,1
"sar.it",ICANN,"*.sar.it",3,1
"sar.it",ICANN,"sar.it",3,1
"sardegna.it",ICANN,"*.sardegna.it",3,1
"sardegna.it",ICANN,"sardegna.it",3,1
"sardinia.it",ICANN,"*.sardinia.it",3,1
"sardinia.it",ICANN,"sardinia.it",3,1
"sic.it",ICANN,"*.sic.it",3,1
"sic.it",ICANN,"sic.it",3,1
"sicilia.it",ICANN,"*.sicilia.it",3,1
"sicilia.it",ICANN,"sicilia.it",3,1
"sicily.it",ICANN,"*.sicily.it",3,1
"sicily.it",ICANN,"sicily.it",3,1
"taa.it",ICANN,"*.taa.it",3,1
"taa.it",ICANN,"taa.it",3,1
"tos.it",ICANN,"*.tos.it",3,1
"tos.it",ICANN,"tos.it",3,1
"toscana.it",ICANN,"*.toscana.it",3,1
"toscana.it",ICANN,"toscana.it",3,1
"trentin-sud-tirol.it",ICANN,"*.trentin-sud-tirol.it",3,1
"trentin-sud-tirol.it",ICANN,"trentin-sud-tirol.it",3,1
"trentin-süd-tirol.it",ICANN,"*.trentin-süd-tirol.it",3,1
"trentin-süd-tirol.it",ICANN,"trentin-süd-tirol.it",3,1
"trentin-süd-tirol.it",ICANN,"*.xn--trentin-sd-tirol-rzb.it",3,1
"trentin-süd-tirol.it",ICANN,"xn--trentin-sd-tirol-rzb.it",3,1
"trentin-sudtirol.it",ICANN,"*.trentin-sudtirol.it",3,1
"trentin-sudtirol.it",ICANN,"trentin-sudtirol.it",3,1
"trentin-südtirol.it",ICANN,"*.trentin-südtirol.it",3,1
"trentin-südtirol.it",ICANN,"trentin-südtirol.it",3,1
"trentin-südtirol.it",ICANN,"*.xn--trentin-sdtirol-7vb.it",3,1
"trentin-südtirol.it",ICANN,"xn--trentin-sdtirol-7vb.it",3,1
"trentin-sued-tirol.it",ICANN,"*.trentin-sued-tirol.it",3,1
"trentin-sued-tirol.it",ICANN,"trentin-sued-tirol.it",3,1
"trentin-suedtirol.it",ICANN,"*.trentin-suedtirol.it",3,1
"trentin-suedtirol.it",ICANN,"trentin-suedtirol.it",3,1
"trentino.it",ICANN,"*.trentino.it",3,1
"trentino.it",ICANN,"trentino.it",3,1
"trentino-a-adige.it",ICANN,"*.trentino-a-adige.it",3,1
"trentino-a-adige.it",ICANN,"trentino-a-adige.it",3,1
"trentino-aadige.it",ICANN,"*.trentino-aadige.it",3,1
"trentino-aadige.it",ICANN,"trentino-aadige.it",3,1
"trentino-alto-adige.it",ICANN,"*.trentino-alto-adige.it",3,1
"trentino-alto-adige.it",ICANN,"trentino-alto-adige.it",3,1
"trentino-altoadige.it",ICANN,"*.trentino-altoadige.it",3,1
"trentino-altoadige.it",ICANN,"trentino-altoadige.it",3,1
"trentino-s-tirol.it",ICANN,"*.trentino-s-tirol.it",3,1
"trentino-s-tirol.it",ICANN,"trentino-s-tirol.it",3,1
"trentino-stirol.it",ICANN,"*.trentino-stirol.it",3,1
"trentino-stirol.it",ICANN,"trentino-stirol.it",3,1
"trentino-sud-tirol.it",ICANN,"*.trentino-sud-tirol.it",3,1
"trentino-sud-tirol.it",ICANN,"trentino-sud-tirol.it",3,1
"trentino-süd-tirol.it",ICANN,"*.trentino-süd-tirol.it",3,1
"trentino-süd-tirol.it",ICANN,"trentino-süd-tirol.it",3,1
"trentino-süd-tirol.it",ICANN,"*.xn--trentino-sd-tirol-c3b.it",3,1
"trentino-süd-tirol.it",ICANN,"xn--trentino-sd-tirol-c3b.it",3,1
"trentino-sudtirol.it",ICANN,"*.trentino-sudtirol.it",3,1
"trentino-sudtirol.it",ICANN,"trentino-sudtirol.it",3,1
"trentino-südtirol.it",ICANN,"*.trentino-südtirol.it",3,1
"trentino-südtirol.it",ICANN,"trentino-südtirol.it",3,1
"trentino-südtirol.it",ICANN,"*.xn--trentino-sdtirol-szb.it",3,1
"trentino-südtirol.it",ICANN,"xn--trentino-sdtirol-szb.it",3,1
"trentino-sued-tirol.it",ICANN,"*.trentino-sued-tirol.it",3,1
"trentino-sued-tirol.it",ICANN,"trentino-sued-tirol.it",3,1
"trentino-suedtirol.it",ICANN,"*.trentino-suedtirol.it",3,1
"trentino-suedtirol.it",ICANN,"trentino-suedtirol.it",3,1
"trentinoa-adige.it",ICANN,"*.trentinoa-adige.it",3,1
"trentinoa-adige.it",ICANN,"trentinoa-adige.it",3,1
"trentinoaadige.it",ICANN,"*.trentinoaadige.it",3,1
"trentinoaadige.it",ICANN,"trentinoaadige.it",3,1
"trentinoalto-adige.it",ICANN,"*.trentinoalto-adige.it",3,1
"trentinoalto-adige.it",ICANN,"trentinoalto-adige.it",3,1
"trentinoaltoadige.it",ICANN,"*.trentinoaltoadige.it",3,1
"trentinoaltoadige.it",ICANN,"trentinoaltoadige.it",3,1
"trentinos-tirol.it",ICANN,"*.trentinos-tirol.it",3,1
"trentinos-tirol.it",ICANN,"trentinos-tirol.it",3,1
"trentinostirol.it",ICANN,"*.trentinostirol.it",3,1
"trentinostirol.it",ICANN,"trentinostirol.it",3,1
"trentinosud-tirol.it",ICANN,"*.trentinosud-tirol.it",3,1
"trentinosud-tirol.it",ICANN,"trentinosud-tirol.it",3,1
"trentinosüd-tirol.it",ICANN,"*.trentinosüd-tirol.it",3,1
"trentinosüd-tirol.it",ICANN,"trentinosüd-tirol.it",3,1
"trentinosüd-tirol.it",ICANN,"*.xn--trentinosd-tirol-rzb.it",3,1
"trentinosüd-tirol.it",ICANN,"xn--trentinosd-tirol-rzb.it",3,1
"trentinosudtirol.it",ICANN,"*.trentinosudtirol.it",3,1
"trentinosudtirol.it",ICANN,"trentinosudtirol.it",3,1
"trentinosüdtirol.it",ICANN,"*.trentinosüdtirol.it",3,1
"trentinosüdtirol.it",ICANN,"trentinosüdtirol.it",3,1
"trentinosüdtirol.it",ICANN,"*.xn--trentinosdtirol-7vb.it",3,1
"trentinosüdtirol.it",ICANN,"xn--trentinosdtirol-7vb.it",3,1
"trentinosued-tirol.it",ICANN,"*.trentinosued-tirol.it",3,1
"trentinosued-tirol.it",ICANN,"trentinosued-tirol.it",3,1
"trentinosuedtirol.it",ICANN,"*.trentinosuedtirol.it",3,1
"trentinosuedtirol.it",ICANN,"trentinosuedtirol.it",3,1
"trentinsud-tirol.it",ICANN,"*.trentinsud-tirol.it",3,1
"trentinsud-tirol.it",ICANN,"trentinsud-tirol.it",3,1
"trentinsüd-tirol.it",ICANN,"*.trentinsüd-tirol.it",3,1
"trentinsüd-tirol.it",ICANN,"trentinsüd-tirol.it",3,1
"trentinsüd-tirol.it",ICANN,"*.xn--trentinsd-tirol-6vb.it",3,1
"trentinsüd-tirol.it",ICANN,"xn--trentinsd-tirol-6vb.it",3,1
"trentinsudtirol.it",ICANN,"*.trentinsudtirol.it",3,1
"trentinsudtirol.it",ICANN,"trentinsudtirol.it",3,1
"trentinsüdtirol.it",ICANN,"*.trentinsüdtirol.it",3,1
"trentinsüdtirol.it",ICANN,"trentinsüdtirol.it",3,1
"trentinsüdtirol.it",ICANN,"*.xn--trentinsdtirol-nsb.it",3,1
"trentinsüdtirol.it",ICANN,"xn--trentinsdtirol-nsb.it",3,1
"trentinsued-tirol.it",ICANN,"*.trentinsued-tirol.it",3,1
"trentinsued-tirol.it",ICANN,"trentinsued-tirol.it",3,1
"trentinsuedtirol.it",ICANN,"*.trentinsuedtirol.it",3,1
"trentinsuedtirol.it",ICANN,"trentinsuedtirol.it",3,1
"tuscany.it",ICANN,"*.tuscany.it",3,1
"tuscany.it",ICANN,"tuscany.it",3,1
"umb.it",ICANN,"*.umb.it",3,1
"umb.it",ICANN,"umb.it",3,1
"umbria.it",ICANN,"*.umbria.it",3,1
"umbria.it",ICANN,"umbria.it",3,1
"val-d-aosta.it",ICANN,"*.val-d-aosta.it",3,1
"val-d-aosta.it",ICANN,"val-d-aosta.it",3,1
"val-daosta.it",ICANN,"*.val-daosta.it",3,1
"val-daosta.it",ICANN,"val-daosta.it",3,1
"vald-aosta.it",ICANN,"*.vald-aosta.it",3,1
"vald-aosta.it",ICANN,"vald-aosta.it",3,1
"valdaosta.it",ICANN,"*.valdaosta.it",3,1
"valdaosta.it",ICANN,"valdaosta.it",3,1
"valle-aosta.it",ICANN,"*.valle-aosta.it",3,1
"valle-aosta.it",ICANN,"valle-aosta.it",3,1
"valle-d-aosta.it",ICANN,"*.valle-d-aosta.it",3,1
"valle-d-aosta.it",ICANN,"valle-d-aosta.it",3,1
"valle-daosta.it",ICANN,"*.valle-daosta.it",3,1
"valle-daosta.it",ICANN,"valle-daosta.it",3,1
"valleaosta.it",ICANN,"*.valleaosta.it",3,1
"valleaosta.it",ICANN,"valleaosta.it",3,1
"valled-aosta.it",ICANN,"*.valled-aosta.it",3,1
"valled-aosta.it",ICANN,"valled-aosta.it",3,1
"valledaosta.it",ICANN,"*.valledaosta.it",3,1
"valledaosta.it",ICANN,"valledaosta.it",3,1
"vallee-aoste.it",ICANN,"*.vallee-aoste.it",3,1
"vallee-aoste.it",ICANN,"vallee-aoste.it",3,1
"vallée-aoste.it",ICANN,"*.vallée-aoste.it",3,1
"vallée-aoste.it",ICANN,"vallée-aoste.it",3,1
"vallée-aoste.it",ICANN,"*.xn--valle-aoste-ebb.it",3,1
"vallée-aoste.it",ICANN,"xn--valle-aoste-ebb.it",3,1
"vallee-d-aoste.it",ICANN,"*.vallee-d-aoste.it",3,1
"vallee-d-aoste.it",ICANN,"vallee-d-aoste.it",3,1
"vallée-d-aoste.it",ICANN,"*.vallée-d-aoste.it",3,1
"vallée-d-aoste.it",ICANN,"vallée-d-aoste.it",3,1
"vallée-d-aoste.it",ICANN,"*.xn--valle-d-aoste-ehb.it",3,1
"vallée-d-aoste.it",ICANN,"xn--valle-d-aoste-ehb.it",3,1
"valleeaoste.it",ICANN,"*.valleeaoste.it",3,1
"valleeaoste.it",ICANN,"valleeaoste.it",3,1
"valléeaoste.it",ICANN,"*.valléeaoste.it",3,1
"valléeaoste.it",ICANN,"valléeaoste.it",3,1
"valléeaoste.it",ICANN,"*.xn--valleaoste-e7a.it",3,1
"valléeaoste.it",ICANN,"xn--valleaoste-e7a.it",3,1
"valleedaoste.it",ICANN,"*.valleedaoste.it",3,1
"valleedaoste.it",ICANN,"valleedaoste.it",3,1
"valléedaoste.it",ICANN,"*.valléedaoste.it",3,1
"valléedaoste.it",ICANN,"valléedaoste.it",3,1
"valléedaoste.it",ICANN,"*.xn--valledaoste-ebb.it",3,1
"valléedaoste.it",ICANN,"xn--valledaoste-ebb.it",3,1
"vao.it",ICANN,"*.vao.it",3,1
"vao.it",ICANN,"vao.it",3,1
"vda.it",ICANN,"*.vda.it",3,1
"vda.it",ICANN,"vda.it",3,1
"ven.it",ICANN,"*.ven.it",3,1
"ven.it",ICANN,"ven.it",3,1
"veneto.it",ICANN,"*.veneto.it",3,1
"veneto.it",ICANN,"veneto.it",3,1
"ag.it",ICANN,"*.ag.it",3,1
"ag.it",ICANN,"ag.it",3,1
"agrigento.it",ICANN,"*.agrigento.it",3,1
"agrigento.it",ICANN,"agrigento.it",3,1
"al.it",ICANN,"*.al.it",3,1
"al.it",ICANN,"al.it",3,1
"alessandria.it",ICANN,"*.alessandria.it",3,1
"alessandria.it",ICANN,"alessandria.it",3,1
"alto-adige.it",ICANN,"*.alto-adige.it",3,1
"alto-adige.it",ICANN,"alto-adige.it",3,1
"altoadige.it",ICANN,"*.altoadige.it",3,1
"altoadige.it",ICANN,"altoadige.it",3,1
"an.it",ICANN,"*.an.it",3,1
"an.it",ICANN,"an.it",3,1
"ancona.it",ICANN,"*.ancona.it",3,1
"ancona.it",ICANN,"ancona.it",3,1
"andria-barletta-trani.it",ICANN,"*.andria-barletta-trani.it",3,1
"andria-barletta-trani.it",ICANN,"andria-barletta-trani.it",3,1
"andria-trani-barletta.it",ICANN,"*.andria-trani-barletta.it",3,1
"andria-trani-barletta.it",ICANN,"andria-trani-barletta.it",3,1
"andriabarlettatrani.it",ICANN,"*.andriabarlettatrani.it",3,1
"andriabarlettatrani.it",ICANN,"andriabarlettatrani.it",3,1
"andriatranibarletta.it",ICANN,"*.andriatranibarletta.it",3,1
"andriatranibarletta.it",ICANN,"andriatranibarletta.it",3,1
"ao.it",ICANN,"*.ao.it",3,1
"ao.it",ICANN,"ao.it",3,1
"aosta.it",ICANN,"*.aosta.it",3,1
"aosta.it",ICANN,"aosta.it",3,1
"aoste.it",ICANN,"*.aoste.it",3,1
"aoste.it",ICANN,"aoste.it",3,1
"ap.it",ICANN,"*.ap.it",3,1
"ap.it",ICANN,"ap.it",3,1
"aq.it",ICANN,"*.aq.it",3,1
"aq.it",ICANN,"aq.it",3,1
"aquila.it",ICANN,"*.aquila.it",3,1
"aquila.it",ICANN,"aquila.it",3,1
"ar.it",ICANN,"*.ar.it",3,1
"ar.it",ICANN,"ar.it",3,1
"arezzo.it",ICANN,"*.arezzo.it",3,1
"arezzo.it",ICANN,"arezzo.it",3,1
"ascoli-piceno.it",ICANN,"*.ascoli-piceno.it",3,1
"ascoli-piceno.it",ICANN,"ascoli-piceno.it",3,1
"ascolipiceno.it",ICANN,"*.ascolipiceno.it",3,1
"ascolipiceno.it",ICANN,"ascolipiceno.it",3,1
"asti.it",ICANN,"*.asti.it",3,1
"asti.it",ICANN,"asti.it",3,1
"at.it",ICANN,"*.at.it",3,1
"at.it",ICANN,"at.it",3,1
"av.it",ICANN,"*.av.it",3,1
"av.it",ICANN,"av.it",3,1
"avellino.it",ICANN,"*.avellino.it",3,1
"avellino.it",ICANN,"avellino.it",3,1
"ba.it",ICANN,"*.ba.it",3,1
"ba.it",ICANN,"ba.it",3,1
"balsan.it",ICANN,"*.balsan.it",3,1
"balsan.it",ICANN,"balsan.it",3,1
"balsan-sudtirol.it",ICANN,"*.balsan-sudtirol.it",3,1
"balsan-sudtirol.it",ICANN,"balsan-sudtirol.it",3,1
"balsan-südtirol.it",ICANN,"*.balsan-südtirol.it",3,1
"balsan-südtirol.it",ICANN,"balsan-südtirol.it",3,1
"balsan-südtirol.it",ICANN,"*.xn--balsan-sdtirol-nsb.it",3,1
"balsan-südtirol.it",ICANN,"xn--balsan-sdtirol-nsb.it",3,1
"balsan-suedtirol.it",ICANN,"*.balsan-suedtirol.it",3,1
"balsan-suedtirol.it",ICANN,"balsan-suedtirol.it",3,1
"bari.it",ICANN,"*.bari.it",3,1
"bari.it",ICANN,"bari.it",3,1
"barletta-trani-andria.it",ICANN,"*.barletta-trani-andria.it",3,1
"barletta-trani-andria.it",ICANN,"barletta-trani-andria.it",3,1
"barlettatraniandria.it",ICANN,"*.barlettatraniandria.it",3,1
"barlettatraniandria.it",ICANN,"barlettatraniandria.it",3,1
"belluno.it",ICANN,"*.belluno.it",3,1
"belluno.it",ICANN,"belluno.it",3,1
"benevento.it",ICANN,"*.benevento.it",3,1
"benevento.it",ICANN,"benevento.it",3,1
"bergamo.it",ICANN,"*.bergamo.it",3,1
"bergamo.it",ICANN,"bergamo.it",3,1
"bg.it",ICANN,"*.bg.it",3,1
"bg.it",ICANN,"bg.it",3,1
"bi.it",ICANN,"*.bi.it",3,1
"bi.it",ICANN,"bi.it",3,1
"biella.it",ICANN,"*.biella.it",3,1
"biella.it",ICANN,"biella.it",3,1
"bl.it",ICANN,"*.bl.it",3,1
"bl.it",ICANN,"bl.it",3,1
"bn.it",ICANN,"*.bn.it",3,1
"bn.it",ICANN,"bn.it",3,1
"bo.it",ICANN,"*.bo.it",3,1
"bo.it",ICANN,"bo.it",3,1
"bologna.it",ICANN,"*.bologna.it",3,1
"bologna.it",ICANN,"bologna.it",3,1
"bolzano.it",ICANN,"*.bolzano.it",3,1
"bolzano.it",ICANN,"bolzano.it",3,1
"bolzano-altoadige.it",ICANN,"*.bolzano-altoadige.it",3,1
"bolzano-altoadige.it",ICANN,"bolzano-altoadige.it",3,1
"bozen.it",ICANN,"*.bozen.it",3,1
"bozen.it",ICANN,"bozen.it",3,1
"bozen-sudtirol.it",ICANN,"*.bozen-sudtirol.it",3,1
"bozen-sudtirol.it",ICANN,"bozen-sudtirol.it",3,1
"bozen-südtirol.it",ICANN,"*.bozen-südtirol.it",3,1
"bozen-südtirol.it",ICANN,"bozen-südtirol.it",3,1
"bozen-südtirol.it",ICANN,"*.xn--bozen-sdtirol-2ob.it",3,1
"bozen-südtirol.it",ICANN,"xn--bozen-sdtirol-2ob.it",3,1
"bozen-suedtirol.it",ICANN,"*.bozen-suedtirol.it",3,1
"bozen-suedtirol.it",ICANN,"bozen-suedtirol.it",3,1
"br.it",ICANN,"*.br.it",3,1
"br.it",ICANN,"br.it",3,1
"brescia.it",ICANN,"*.brescia.it",3,1
"brescia.it",ICANN,"brescia.it",3,1
"brindisi.it",ICANN,"*.brindisi.it",3,1
"brindisi.it",ICANN,"brindisi.it",3,1
"bs.it",ICANN,"*.bs.it",3,1
"bs.it",ICANN,"bs.it",3,1
"bt.it",ICANN,"*.bt.it",3,1
"bt.it",ICANN,"bt.it",3,1
"bulsan.it",ICANN,"*.bulsan.it",3,1
"bulsan.it",ICANN,"bulsan.it",3,1
"bulsan-sudtirol.it",ICANN,"*.bulsan-sudtirol.it",3,1
"bulsan-sudtirol.it",ICANN,"bulsan-sudtirol.it",3,1
"bulsan-südtirol.it",ICANN,"*.bulsan-südtirol.it",3,1
"bulsan-südtirol.it",ICANN,"bulsan-südtirol.it",3,1
"bulsan-südtirol.it",ICANN,"*.xn--bulsan-sdtirol-nsb.it",3,1
"bulsan-südtirol.it",ICANN,"xn--bulsan-sdtirol-nsb.it",3,1
"bulsan-suedtirol.it",ICANN,"*.bulsan-suedtirol.it",3,1
"bulsan-suedtirol.it",ICANN,"bulsan-suedtirol.it",3,1
"bz.it",ICANN,"*.bz.it",3,1
"bz.it",ICANN,"bz.it",3,1
"ca.it",ICANN,"*.ca.it",3,1
"ca.it",ICANN,"ca.it",3,1
"cagliari.it",ICANN,"*.cagliari.it",3,1
"cagliari.it",ICANN,"cagliari.it",3,1
"caltanissetta.it",ICANN,"*.caltanissetta.it",3,1
"caltanissetta.it",ICANN,"caltanissetta.it",3,1
"campidano-medio.it",ICANN,"*.campidano-medio.it",3,1
"campidano-medio.it",ICANN,"campidano-medio.it",3,1
"campidanomedio.it",ICANN,"*.campidanomedio.it",3,1
"campidanomedio.it",ICANN,"campidanomedio.it",3,1
"campobasso.it",ICANN,"*.campobasso.it",3,1
"campobasso.it",ICANN,"campobasso.it",3,1
"carbonia-iglesias.it",ICANN,"*.carbonia-iglesias.it",3,1
"carbonia-iglesias.it",ICANN,"carbonia-iglesias.it",3,1
"carboniaiglesias.it",ICANN,"*.carboniaiglesias.it",3,1
"carboniaiglesias.it",ICANN,"carboniaiglesias.it",3,1
"carrara-massa.it",ICANN,"*.carrara-massa.it",3,1
"carrara-massa.it",ICANN,"carrara-massa.it",3,1
"carraramassa.it",ICANN,"*.carraramassa.it",3,1
"carraramassa.it",ICANN,"carraramassa.it",3,1
"caserta.it",ICANN,"*.caserta.it",3,1
"caserta.it",ICANN,"caserta.it",3,1
"catania.it",ICANN,"*.catania.it",3,1
"catania.it",ICANN,"catania.it",3,1
"catanzaro.it",ICANN,"*.catanzaro.it",3,1
"catanzaro.it",ICANN,"catanzaro.it",3,1
"cb.it",ICANN,"*.cb.it",3,1
"cb.it",ICANN,"cb.it",3,1
"ce.it",ICANN,"*.ce.it",3,1
"ce.it",ICANN,"ce.it",3,1
"cesena-forli.it",ICANN,"*.cesena-forli.it",3,1
"cesena-forli.it",ICANN,"cesena-forli.it",3,1
"cesena-forlì.it",ICANN,"*.cesena-forlì.it",3,1
"cesena-forlì.it",ICANN,"cesena-forlì.it",3,1
"cesena-forlì.it",ICANN,"*.xn--cesena-forl-mcb.it",3,1
"cesena-forlì.it",ICANN,"xn--cesena-forl-mcb.it",3,1
"cesenaforli.it",ICANN,"*.cesenaforli.it",3,1
"cesenaforli.it",ICANN,"cesenaforli.it",3,1
"cesenaforlì.it",ICANN,"*.cesenaforlì.it",3,1
"cesenaforlì.it",ICANN,"cesenaforlì.it",3,1
"cesenaforlì.it",ICANN,"*.xn--cesenaforl-i8a.it",3,1
"cesenaforlì.it",ICANN,"xn--cesenaforl-i8a.it",3,1
"ch.it",ICANN,"*.ch.it",3,1
"ch.it",ICANN,"ch.it",3,1
"chieti.it",ICANN,"*.chieti.it",3,1
"chieti.it",ICANN,"chieti.it",3,1
"ci.it",ICANN,"*.ci.it",3,1
"ci.it",ICANN,"ci.it",3,1
"cl.it",ICANN,"*.cl.it",3,1
"cl.it",ICANN,"cl.it",3,1
"cn.it",ICANN,"*.cn.it",3,1
"cn.it",ICANN,"cn.it",3,1
"co.it",ICANN,"*.co.it",3,1
"co.it",ICANN,"co.it",3,1
"como.it",ICANN,"*.como.it",3,1
"como.it",ICANN,"como.it",3,1
"cosenza.it",ICANN,"*.cosenza.it",3,1
"cosenza.it",ICANN,"cosenza.it",3,1
"cr.it",ICANN,"*.cr.it",3,1
"cr.it",ICANN,"cr.it",3,1
"cremona.it",ICANN,"*.cremona.it",3,1
"cremona.it",ICANN,"cremona.it",3,1
"crotone.it",ICANN,"*.crotone.it",3,1
"crotone.it",ICANN,"crotone.it",3,1
"cs.it",ICANN,"*.cs.it",3,1
"cs.it",ICANN,"cs.it",3,1
"ct.it",ICANN,"*.ct.it",3,1
"ct.it",ICANN,"ct.it",3,1
"cuneo.it",ICANN,"*.cuneo.it",3,1
"cuneo.it",ICANN,"cuneo.it",3,1
"cz.it",ICANN,"*.cz.it",3,1
"cz.it",ICANN,"cz.it",3,1
"dell-ogliastra.it",ICANN,"*.dell-ogliastra.it",3,1
"dell-ogliastra.it",ICANN,"dell-ogliastra.it",3,1
"dellogliastra.it",ICANN,"*.dellogliastra.it",3,1
"dellogliastra.it",ICANN,"dellogliastra.it",3,1
"en.it",ICANN,"*.en.it",3,1
"en.it",ICANN,"en.it",3,1
"enna.it",ICANN,"*.enna.it",3,1
"enna.it",ICANN,"enna.it",3,1
"fc.it",ICANN,"*.fc.it",3,1
"fc.it",ICANN,"fc.it",3,1
"fe.it",ICANN,"*.fe.it",3,1
"fe.it",ICANN,"fe.it",3,1
"fermo.it",ICANN,"*.fermo.it",3,1
"fermo.it",ICANN,"fermo.it",3,1
"ferrara.it",ICANN,"*.ferrara.it",3,1
"ferrara.it",ICANN,"ferrara.it",3,1
"fg.it",ICANN,"*.fg.it",3,1
"fg.it",ICANN,"fg.it",3,1
"fi.it",ICANN,"*.fi.it",3,1
"fi.it",ICANN,"fi.it",3,1
"firenze.it",ICANN,"*.firenze.it",3,1
"firenze.it",ICANN,"firenze.it",3,1
"florence.it",ICANN,"*.florence.it",3,1
"florence.it",ICANN,"florence.it",3,1
"fm.it",ICANN,"*.fm.it",3,1
"fm.it",ICANN,"fm.it",3,1
"foggia.it",ICANN,"*.foggia.it",3,1
"foggia.it",ICANN,"foggia.it",3,1
"forli-cesena.it",ICANN,"*.forli-cesena.it",3,1
"forli-cesena.it",ICANN,"forli-cesena.it",3,1
"forlì-cesena.it",ICANN,"*.forlì-cesena.it",3,1
"forlì-cesena.it",ICANN,"forlì-cesena.it",3,1
"forlì-cesena.it",ICANN,"*.xn--forl-cesena-fcb.it",3,1
"forlì-cesena.it",ICANN,"xn--forl-cesena-fcb.it",3,1
"forlicesena.it",ICANN,"*.forlicesena.it",3,1
"forlicesena.it",ICANN,"forlicesena.it",3,1
"forlìcesena.it",ICANN,"*.forlìcesena.it",3,1
"forlìcesena.it",ICANN,"forlìcesena.it",3,1
"forlìcesena.it",ICANN,"*.xn--forlcesena-c8a.it",3,1
"forlìcesena.it",ICANN,"xn--forlcesena-c8a.it",3,1
"fr.it",ICANN,"*.fr.it",3,1
"fr.it",ICANN,"fr.it",3,1
"frosinone.it",ICANN,"*.frosinone.it",3,1
"frosinone.it",ICANN,"frosinone.it",3,1
"ge.it",ICANN,"*.ge.it",3,1
"ge.it",ICANN,"ge.it",3,1
"genoa.it",ICANN,"*.genoa.it",3,1
"genoa.it",ICANN,"genoa.it",3,1
"genova.it",ICANN,"*.genova.it",3,1
"genova.it",ICANN,"genova.it",3,1
"go.it",ICANN,"*.go.it",3,1
"go.it",ICANN,"go.it",3,1
"gorizia.it",ICANN,"*.gorizia.it",3,1
"gorizia.it",ICANN,"gorizia.it",3,1
"gr.it",ICANN,"*.gr.it",3,1
"gr.it",ICANN,"gr.it",3,1
"grosseto.it",ICANN,"*.grosseto.it",3,1
"grosseto.it",ICANN,"grosseto.it",3,1
"iglesias-carbonia.it",ICANN,"*.iglesias-carbonia.it",3,1
"iglesias-carbonia.it",ICANN,"iglesias-carbonia.it",3,1
"iglesiascarbonia.it",ICANN,"*.iglesiascarbonia.it",3,1
"iglesiascarbonia.it",ICANN,"iglesiascarbonia.it",3,1
"im.it",ICANN,"*.im.it",3,1
"im.it",ICANN,"im.it",3,1
"imperia.it",ICANN,"*.imperia.it",3,1
"imperia.it",ICANN,"imperia.it",3,1
"is.it",ICANN,"*.is.it",3,1
"is.it",ICANN,"is.it",3,1
"isernia.it",ICANN,"*.isernia.it",3,1
"isernia.it",ICANN,"isernia.it",3,1
"kr.it",ICANN,"*.kr.it",3,1
"kr.it",ICANN,"kr.it",3,1
"la-spezia.it",ICANN,"*.la-spezia.it",3,1
"la-spezia.it",ICANN,"la-spezia.it",3,1
"laquila.it",ICANN,"*.laquila.it",3,1
"laquila.it",ICANN,"laquila.it",3,1
"laspezia.it",ICANN,"*.laspezia.it",3,1
"laspezia.it",ICANN,"laspezia.it",3,1
"latina.it",ICANN,"*.latina.it",3,1
"latina.it",ICANN,"latina.it",3,1
"lc.it",ICANN,"*.lc.it",3,1
"lc.it",ICANN,"lc.it",3,1
"le.it",ICANN,"*.le.it",3,1
"le.it",ICANN,"le.it",3,1
"lecce.it",ICANN,"*.lecce.it",3,1
"lecce.it",ICANN,"lecce.it",3,1
"lecco.it",ICANN,"*.lecco.it",3,1
"lecco.it",ICANN,"lecco.it",3,1
"li.it",ICANN,"*.li.it",3,1
"li.it",ICANN,"li.it",3,1
"livorno.it",ICANN,"*.livorno.it",3,1
"livorno.it",ICANN,"livorno.it",3,1
"lo.it",ICANN,"*.lo.it",3,1
"lo.it",ICANN,"lo.it",3,1
"lodi.it",ICANN,"*.lodi.it",3,1
"lodi.it",ICANN,"lodi.it",3,1
"lt.it",ICANN,"*.lt.it",3,1
"lt.it",ICANN,"lt.it",3,1
"lu.it",ICANN,"*.lu.it",3,1
"lu.it",ICANN,"lu.it",3,1
"lucca.it",ICANN,"*.lucca.it",3,1
"lucca.it",ICANN,"lucca.it",3,1
"macerata.it",ICANN,"*.macerata.it",3,1
"macerata.it",ICANN,"macerata.it",3,1
"mantova.it",ICANN,"*.mantova.it",3,1
"mantova.it",ICANN,"mantova.it",3,1
"massa-carrara.it",ICANN,"*.massa-carrara.it",3,1
"massa-carrara.it",ICANN,"massa-carrara.it",3,1
"massacarrara.it",ICANN,"*.massacarrara.it",3,1
"massacarrara.it",ICANN,"massacarrara.it",3,1
"matera.it",ICANN,"*.matera.it",3,1
"matera.it",ICANN,"matera.it",3,1
"mb.it",ICANN,"*.mb.it",3,1
"mb.it",ICANN,"mb.it",3,1
"mc.it",ICANN,"*.mc.it",3,1
"mc.it",ICANN,"mc.it",3,1
"me.it",ICANN,"*.me.it",3,1
"me.it",ICANN,"me.it",3,1
"medio-campidano.it",ICANN,"*.medio-campidano.it",3,1
"medio-campidano.it",ICANN,"medio-campidano.it",3,1
"mediocampidano.it",ICANN,"*.mediocampidano.it",3,1
"mediocampidano.it",ICANN,"mediocampidano.it",3,1
"messina.it",ICANN,"*.messina.it",3,1
"messina.it",ICANN,"messina.it",3,1
"mi.it",ICANN,"*.mi.it",3,1
"mi.it",ICANN,"mi.it",3,1
"milan.it",ICANN,"*.milan.it",3,1
"milan.it",ICANN,"milan.it",3,1
"milano.it",ICANN,"*.milano.it",3,1
"milano.it",ICANN,"milano.it",3,1
"mn.it",ICANN,"*.mn.it",3,1
"mn.it",ICANN,"mn.it",3,1
"mo.it",ICANN,"*.mo.it",3,1
"mo.it",ICANN,"mo.it",3,1
"modena.it",ICANN,"*.modena.it",3,1
"modena.it",ICANN,"modena.it",3,1
"monza.it",ICANN,"*.monza.it",3,1
"monza.it",ICANN,"monza.it",3,1
"monza-brianza.it",ICANN,"*.monza-brianza.it",3,1
"monza-brianza.it",ICANN,"monza-brianza.it",3,1
"monza-e-della-brianza.it",ICANN,"*.monza-e-della-brianza.it",3,1
"monza-e-della-brianza.it",ICANN,"monza-e-della-brianza.it",3,1
"monzabrianza.it",ICANN,"*.monzabrianza.it",3,1
"monzabrianza.it",ICANN,"monzabrianza.it",3,1
"monzaebrianza.it",ICANN,"*.monzaebrianza.it",3,1
"monzaebrianza.it",ICANN,"monzaebrianza.it",3,1
"monzaedellabrianza.it",ICANN,"*.monzaedellabrianza.it",3,1
"monzaedellabrianza.it",ICANN,"monzaedellabrianza.it",3,1
"ms.it",ICANN,"*.ms.it",3,1
"ms.it",ICANN,"ms.it",3,1
"mt.it",ICANN,"*.mt.it",3,1
"mt.it",ICANN,"mt.it",3,1
"na.it",ICANN,"*.na.it",3,1
"na.it",ICANN,"na.it",3,1
"naples.it",ICANN,"*.naples.it",3,1
"naples.it",ICANN,"naples.it",3,1
"napoli.it",ICANN,"*.napoli.it",3,1
"napoli.it",ICANN,"napoli.it",3,1
"no.it",ICANN,"*.no.it",3,1
"no.it",ICANN,"no.it",3,1
"novara.it",ICANN,"*.novara.it",3,1
"novara.it",ICANN,"novara.it",3,1
"nu.it",ICANN,"*.nu.it",3,1
"nu.it",ICANN,"nu.it",3,1
"nuoro.it",ICANN,"*.nuoro.it",3,1
"nuoro.it",ICANN,"nuoro.it",3,1
"og.it",ICANN,"*.og.it",3,1
"og.it",ICANN,"og.it",3,1
"ogliastra.it",ICANN,"*.ogliastra.it",3,1
"ogliastra.it",ICANN,"ogliastra.it",3,1
"olbia-tempio.it",ICANN,"*.olbia-tempio.it",3,1
"olbia-tempio.it",ICANN,"olbia-tempio.it",3,1
"olbiatempio.it",ICANN,"*.olbiatempio.it",3,1
"olbiatempio.it",ICANN,"olbiatempio.it",3,1
"or.it",ICANN,"*.or.it",3,1
"or.it",ICANN,"or.it",3,1
"oristano.it",ICANN,"*.oristano.it",3,1
"oristano.it",ICANN,"oristano.it",3,1
"ot.it",ICANN,"*.ot.it",3,1
"ot.it",ICANN,"ot.it",3,1
"pa.it",ICANN,"*.pa.it",3,1
"pa.it",ICANN,"pa.it",3,1
"padova.it",ICANN,"*.padova.it",3,1
"padova.it",ICANN,"padova.it",3,1
"padua.it",ICANN,"*.padua.it",3,1
"padua.it",ICANN,"padua.it",3,1
"palermo.it",ICANN,"*.palermo.it",3,1
"palermo.it",ICANN,"palermo.it",3,1
"parma.it",ICANN,"*.parma.it",3,1
"parma.it",ICANN,"parma.it",3,1
"pavia.it",ICANN,"*.pavia.it",3,1
"pavia.it",ICANN,"pavia.it",3,1
"pc.it",ICANN,"*.pc.it",3,1
"pc.it",ICANN,"pc.it",3,1
"pd.it",ICANN,"*.pd.it",3,1
"pd.it",ICANN,"pd.it",3,1
"pe.it",ICANN,"*.pe.it",3,1
"pe.it",ICANN,"pe.it",3,1
"perugia.it",ICANN,"*.perugia.it",3,1
"perugia.it",ICANN,"perugia.it",3,1
"pesaro-urbino.it",ICANN,"*.pesaro-urbino.it",3,1
"pesaro-urbino.it",ICANN,"pesaro-urbino.it",3,1
"pesarourbino.it",ICANN,"*.pesarourbino.it",3,1
"pesarourbino.it",ICANN,"pesarourbino.it",3,1
"pescara.it",ICANN,"*.pescara.it",3,1
"pescara.it",ICANN,"pescara.it",3,1
"pg.it",ICANN,"*.pg.it",3,1
"pg.it",ICANN,"pg.it",3,1
"pi.it",ICANN,"*.pi.it",3,1
"pi.it",ICANN,"pi.it",3,1
"piacenza.it",ICANN,"*.piacenza.it",3,1
"piacenza.it",ICANN,"piacenza.it",3,1
"pisa.it",ICANN,"*.pisa.it",3,1
"pisa.it",ICANN,"pisa.it",3,1
"pistoia.it",ICANN,"*.pistoia.it",3,1
"pistoia.it",ICANN,"pistoia.it",3,1
"pn.it",ICANN,"*.pn.it",3,1
"pn.it",ICANN,"pn.it",3,1
"po.it",ICANN,"*.po.it",3,1
"po.it",ICANN,"po.it",3,1
"pordenone.it",ICANN,"*.pordenone.it",3,1
"pordenone.it",ICANN,"pordenone.it",3,1
"potenza.it",ICANN,"*.potenza.it",3,1
"potenza.it",ICANN,"potenza.it",3,1
"pr.it",ICANN,"*.pr.it",3,1
"pr.it",ICANN,"pr.it",3,1
"prato.it",ICANN,"*.prato.it",3,1
"prato.it",ICANN,"prato.it",3,1
"pt.it",ICANN,"*.pt.it",3,1
"pt.it",ICANN,"pt.it",3,1
"pu.it",ICANN,"*.pu.it",3,1
"pu.it",ICANN,"pu.it",3,1
"pv.it",ICANN,"*.pv.it",3,1
"pv.it",ICANN,"pv.it",3,1
"pz.it",ICANN,"*.pz.it",3,1
"pz.it",ICANN,"pz.it",3,1
"ra.it",ICANN,"*.ra.it",3,1
"ra.it",ICANN,"ra.it",3,1
"ragusa.it",ICANN,"*.ragusa.it",3,1
"ragusa.it",ICANN,"ragusa.it",3,1
"ravenna.it",ICANN,"*.ravenna.it",3,1
"ravenna.it",ICANN,"ravenna.it",3,1
"rc.it",ICANN,"*.rc.it",3,1
"rc.it",ICANN,"rc.it",3,1
"re.it",ICANN,"*.re.it",3,1
"re.it",ICANN,"re.it",3,1
"reggio-calabria.it",ICANN,"*.reggio-calabria.it",3,1
"reggio-calabria.it",ICANN,"reggio-calabria.it",3,1
"reggio-emilia.it",ICANN,"*.reggio-emilia.it",3,1
"reggio-emilia.it",ICANN,"reggio-emilia.it",3,1
"reggiocalabria.it",ICANN,"*.reggiocalabria.it",3,1
"reggiocalabria.it",ICANN,"reggiocalabria.it",3,1
"reggioemilia.it",ICANN,"*.reggioemilia.it",3,1
"reggioemilia.it",ICANN,"reggioemilia.it",3,1
"rg.it",ICANN,"*.rg.it",3,1
"rg.it",ICANN,"rg.it",3,1
"ri.it",ICANN,"*.ri.it",3,1
"ri.it",ICANN,"ri.it",3,1
"rieti.it",ICANN,"*.rieti.it",3,1
"rieti.it",ICANN,"rieti.it",3,1
"rimini.it",ICANN,"*.rimini.it",3,1
"rimini.it",ICANN,"rimini.it",3,1
"rm.it",ICANN,"*.rm.it",3,1
"rm.it",ICANN,"rm.it",3,1
"rn.it",ICANN,"*.rn.it",3,1
"rn.it",ICANN,"rn.it",3,1
"ro.it",ICANN,"*.ro.it",3,1
"ro.it",ICANN,"ro.it",3,1
"roma.it",ICANN,"*.roma.it",3,1
"roma.it",ICANN,"roma.it",3,1
"rome.it",ICANN,"*.rome.it",3,1
"rome.it",ICANN,"rome.it",3,1
"rovigo.it",ICANN,"*.rovigo.it",3,1
"rovigo.it",ICANN,"rovigo.it",3,1
"sa.it",ICANN,"*.sa.it",3,1
"sa.it",ICANN,"sa.it",3,1
"salerno.it",ICANN,"*.salerno.it",3,1
"salerno.it",ICANN,"salerno.it",3,1
"sassari.it",ICANN,"*.sassari.it",3,1
"sassari.it",ICANN,"sassari.it",3,1
"savona.it",ICANN,"*.savona.it",3,1
"savona.it",ICANN,"savona.it",3,1
"si.it",ICANN,"*.si.it",3,1
"si.it",ICANN,"si.it",3,1
"siena.it",ICANN,"*.siena.it",3,1
"siena.it",ICANN,"siena.it",3,1
"siracusa.it",ICANN,"*.siracusa.it",3,1
"siracusa.it",ICANN,"siracusa.it",3,1
"so.it",ICANN,"*.so.it",3,1
"so.it",ICANN,"so.it",3,1
"sondrio.it",ICANN,"*.sondrio.it",3,1
"sondrio.it",ICANN,"sondrio.it",3,1
"sp.it",ICANN,"*.sp.it",3,1
"sp.it",ICANN,"sp.it",3,1
"sr.it",ICANN,"*.sr.it",3,1
"sr.it",ICANN,"sr.it",3,1
"ss.it",ICANN,"*.ss.it",3,1
"ss.it",ICANN,"ss.it",3,1
"südtirol.it",ICANN,"*.südtirol.it",3,1
"südtirol.it",ICANN,"südtirol.it",3,1
"südtirol.it",ICANN,"*.xn--sdtirol-n2a.it",3,1
"südtirol.it",ICANN,"xn--sdtirol-n2a.it",3,1
"suedtirol.it",ICANN,"*.suedtirol.it",3,1
"suedtirol.it",ICANN,"suedtirol.it",3,1
"sv.it",ICANN,"*.sv.it",3,1
"sv.it",ICANN,"sv.it",3,1
"ta.it",ICANN,"*.ta.it",3,1
"ta.it",ICANN,"ta.it",3,1
"taranto.it",ICANN,"*.taranto.it",3,1
"taranto.it",ICANN,"taranto.it",3,1
"te.it",ICANN,"*.te.it",3,1
"te.it",ICANN,"te.it",3,1
"tempio-olbia.it",ICANN,"*.tempio-olbia.it",3,1
"tempio-olbia.it",ICANN,"tempio-olbia.it",3,1
"tempioolbia.it",ICANN,"*.tempioolbia.it",3,1
"tempioolbia.it",ICANN,"tempioolbia.it",3,1
"teramo.it",ICANN,"*.teramo.it",3,1
"teramo.it",ICANN,"teramo.it",3,1
"terni.it",ICANN,"*.terni.it",3,1
"terni.it",ICANN,"terni.it",3,1
"tn.it",ICANN,"*.tn.it",3,1
"tn.it",ICANN,"tn.it",3,1
"to.it",ICANN,"*.to.it",3,1
"to.it",ICANN,"to.it",3,1
"torino.it",ICANN,"*.torino.it",3,1
"torino.it",ICANN,"torino.it",3,1
"tp.it",ICANN,"*.tp.it",3,1
"tp.it",ICANN,"tp.it",3,1
"tr.it",ICANN,"*.tr.it",3,1
"tr.it",ICANN,"tr.it",3,1
"trani-andria-barletta.it",ICANN,"*.trani-andria-barletta.it",3,1
"trani-andria-barletta.it",ICANN,"trani-andria-barletta.it",3,1
"trani-barletta-andria.it",ICANN,"*.trani-barletta-andria.it",3,1
"trani-barletta-andria.it",ICANN,"trani-barletta-andria.it",3,1
"traniandriabarletta.it",ICANN,"*.traniandriabarletta.it",3,1
"traniandriabarletta.it",ICANN,"traniandriabarletta.it",3,1
"tranibarlettaandria.it",ICANN,"*.tranibarlettaandria.it",3,1
"tranibarlettaandria.it",ICANN,"tranibarlettaandria.it",3,1
"trapani.it",ICANN,"*.trapani.it",3,1
"trapani.it",ICANN,"trapani.it",3,1
"trento.it",ICANN,"*.trento.it",3,1
"trento.it",ICANN,"trento.it",3,1
"treviso.it",ICANN,"*.treviso.it",3,1
"treviso.it",ICANN,"treviso.it",3,1
"trieste.it",ICANN,"*.trieste.it",3,1
"trieste.it",ICANN,"trieste.it",3,1
"ts.it",ICANN,"*.ts.it",3,1
"ts.it",ICANN,"ts.it",3,1
"turin.it",ICANN,"*.turin.it",3,1
"turin.it",ICANN,"turin.it",3,1
"tv.it",ICANN,"*.tv.it",3,1
"tv.it",ICANN,"tv.it",3,1
"ud.it",ICANN,"*.ud.it",3,1
"ud.it",ICANN,"ud.it",3,1
"udine.it",ICANN,"*.udine.it",3,1
"udine.it",ICANN,"udine.it",3,1
"urbino-pesaro.it",ICANN,"*.urbino-pesaro.it",3,1
"urbino-pesaro.it",ICANN,"urbino-pesaro.it",3,1
"urbinopesaro.it",ICANN,"*.urbinopesaro.it",3,1
"urbinopesaro.it",ICANN,"urbinopesaro.it",3,1
"va.it",ICANN,"*.va.it",3,1
"va.it",ICANN,"va.it",3,1
"varese.it",ICANN,"*.varese.it",3,1
"varese.it",ICANN,"varese.it",3,1
"vb.it",ICANN,"*.vb.it",3,1
"vb.it",ICANN,"vb.it",3,1
"vc.it",ICANN,"*.vc.it",3,1
"vc.it",ICANN,"vc.it",3,1
"ve.it",ICANN,"*.ve.it",3,1
"ve.it",ICANN,"ve.it",3,1
"venezia.it",ICANN,"*.venezia.it",3,1
"venezia.it",ICANN,"venezia.it",3,1
"venice.it",ICANN,"*.venice.it",3,1
"venice.it",ICANN,"venice.it",3,1
"verbania.it",ICANN,"*.verbania.it",3,1
"verbania.it",ICANN,"verbania.it",3,1
"vercelli.it",ICANN,"*.vercelli.it",3,1
"vercelli.it",ICANN,"vercelli.it",3,1
"verona.it",ICANN,"*.verona.it",3,1
"verona.it",ICANN,"verona.it",3,1
"vi.it",ICANN,"*.vi.it",3,1
"vi.it",ICANN,"vi.it",3,1
"vibo-valentia.it",ICANN,"*.vibo-valentia.it",3,1
"vibo-valentia.it",ICANN,"vibo-valentia.it",3,1
"vibovalentia.it",ICANN,"*.vibovalentia.it",3,1
"vibovalentia.it",ICANN,"vibovalentia.it",3,1
"vicenza.it",ICANN,"*.vicenza.it",3,1
"vicenza.it",ICANN,"vicenza.it",3,1
"viterbo.it",ICANN,"*.viterbo.it",3,1
"viterbo.it",ICANN,"viterbo.it",3,1
"vr.it",ICANN,"*.vr.it",3,1
"vr.it",ICANN,"vr.it",3,1
"vs.it",ICANN,"*.vs.it",3,1
"vs.it",ICANN,"vs.it",3,1
"vt.it",ICANN,"*.vt.it",3,1
"vt.it",ICANN,"vt.it",3,1
"vv.it",ICANN,"*.vv.it",3,1
"vv.it",ICANN,"vv.it",3,1
"co.je",ICANN,"*.co.je",3,1
"co.je",ICANN,"co.je",3,1
"net.je",ICANN,"*.net.je",3,1
"net.je",ICANN,"net.je",3,1
"org.je",ICANN,"*.org.je",3,1
"org.je",ICANN,"org.je",3,1
"agri.jo",ICANN,"*.agri.jo",3,1
"agri.jo",ICANN,"agri.jo",3,1
"ai.jo",ICANN,"*.ai.jo",3,1
"ai.jo",ICANN,"ai.jo",3,1
"com.jo",ICANN,"*.com.jo",3,1
"com.jo",ICANN,"com.jo",3,1
"edu.jo",ICANN,"*.edu.jo",3,1
"edu.jo",ICANN,"edu.jo",3,1
"eng.jo",ICANN,"*.eng.jo",3,1
"eng.jo",ICANN,"eng.jo",3,1
"fm.jo",ICANN,"*.fm.jo",3,1
"fm.jo",ICANN,"fm.jo",3,1
"gov.jo",ICANN,"*.gov.jo",3,1
"gov.jo",ICANN,"gov.jo",3,1
"mil.jo",ICANN,"*.mil.jo",3,1
"mil.jo",ICANN,"mil.jo",3,1
"net.jo",ICANN,"*.net.jo",3,1
"net.jo",ICANN,"net.jo",3,1
"org.jo",ICANN,"*.org.jo",3,1
"org.jo",ICANN,"org.jo",3,1
"per.jo",ICANN,"*.per.jo",3,1
"per.jo",ICANN,"per.jo",3,1
"phd.jo",ICANN,"*.phd.jo",3,1
"phd.jo",ICANN,"phd.jo",3,1
"sch.jo",ICANN,"*.sch.jo",3,1
"sch.jo",ICANN,"sch.jo",3,1
"tv.jo",ICANN,"*.tv.jo",3,1
"tv.jo",ICANN,"tv.jo",3,1
"ac.jp",ICANN,"*.ac.jp",3,1
"ac.jp",ICANN,"ac.jp",3,1
"ad.jp",ICANN,"*.ad.jp",3,1
"ad.jp",ICANN,"ad.jp",3,1
"co.jp",ICANN,"*.co.jp",3,1
"co.jp",ICANN,"co.jp",3,1
"ed.jp",ICANN,"*.ed.jp",3,1
"ed.jp",ICANN,"ed.jp",3,1
"go.jp",ICANN,"*.go.jp",3,1
"go.jp",ICANN,"go.jp",3,1
"gr.jp",ICANN,"*.gr.jp",3,1
"gr.jp",ICANN,"gr.jp",3,1
"lg.jp",ICANN,"*.lg.jp",3,1
"lg.jp",ICANN,"lg.jp",3,1
"ne.jp",ICANN,"*.ne.jp",3,1
"ne.jp",ICANN,"ne.jp",3,1
"or.jp",ICANN,"*.or.jp",3,1
"or.jp",ICANN,"or.jp",3,1
"aichi.jp",ICANN,"*.aichi.jp",3,1
"aichi.jp",ICANN,"aichi.jp",3,1
"akita.jp",ICANN,"*.akita.jp",3,1
"akita.jp",ICANN,"akita.jp",3,1
"aomori.jp",ICANN,"*.aomori.jp",3,1
"aomori.jp",ICANN,"aomori.jp",3,1
"chiba.jp",ICANN,"*.chiba.jp",3,1
"chiba.jp",ICANN,"chiba.jp",3,1
"ehime.jp",ICANN,"*.ehime.jp",3,1
"ehime.jp",ICANN,"ehime.jp",3,1
"fukui.jp",ICANN,"*.fukui.jp",3,1
"fukui.jp",ICANN,"fukui.jp",3,1
"fukuoka.jp",ICANN,"*.fukuoka.jp",3,1
"fukuoka.jp",ICANN,"fukuoka.jp",3,1
"fukushima.jp",ICANN,"*.fukushima.jp",3,1
"fukushima.jp",ICANN,"fukushima.jp",3,1
"gifu.jp",ICANN,"*.gifu.jp",3,1
"gifu.jp",ICANN,"gifu.jp",3,1
"gunma.jp",ICANN,"*.gunma.jp",3,1
"gunma.jp",ICANN,"gunma.jp",3,1
"hiroshima.jp",ICANN,"*.hiroshima.jp",3,1
"hiroshima.jp",ICANN,"hiroshima.jp",3,1
"hokkaido.jp",ICANN,"*.hokkaido.jp",3,1
"hokkaido.jp",ICANN,"hokkaido.jp",3,1
"hyogo.jp",ICANN,"*.hyogo.jp",3,1
"hyogo.jp",ICANN,"hyogo.jp",3,1
"ibaraki.jp",ICANN,"*.ibaraki.jp",3,1
"ibaraki.jp",ICANN,"ibaraki.jp",3,1
"ishikawa.jp",ICANN,"*.ishikawa.jp",3,1
"ishikawa.jp",ICANN,"ishikawa.jp",3,1
"iwate.jp",ICANN,"*.iwate.jp",3,1
"iwate.jp",ICANN,"iwate.jp",3,1
"kagawa.jp",ICANN,"*.kagawa.jp",3,1
"kagawa.jp",ICANN,"kagawa.jp",3,1
"kagoshima.jp",ICANN,"*.kagoshima.jp",3,1
"kagoshima.jp",ICANN,"kagoshima.jp",3,1
"kanagawa.jp",ICANN,"*.kanagawa.jp",3,1
"kanagawa.jp",ICANN,"kanagawa.jp",3,1
"kochi.jp",ICANN,"*.kochi.jp",3,1
"kochi.jp",ICANN,"kochi.jp",3,1
"kumamoto.jp",ICANN,"*.kumamoto.jp",3,1
"kumamoto.jp",ICANN,"kumamoto.jp",3,1
"kyoto.jp",ICANN,"*.kyoto.jp",3,1
"kyoto.jp",ICANN,"kyoto.jp",3,1
"mie.jp",ICANN,"*.mie.jp",3,1
"mie.jp",ICANN,"mie.jp",3,1
"miyagi.jp",ICANN,"*.miyagi.jp",3,1
"miyagi.jp",ICANN,"miyagi.jp",3,1
"miyazaki.jp",ICANN,"*.miyazaki.jp",3,1
"miyazaki.jp",ICANN,"miyazaki.jp",3,1
"nagano.jp",ICANN,"*.nagano.jp",3,1
"nagano.jp",ICANN,"nagano.jp",3,1
"nagasaki.jp",ICANN,"*.nagasaki.jp",3,1
"nagasaki.jp",ICANN,"nagasaki.jp",3,1
"nara.jp",ICANN,"*.nara.jp",3,1
"nara.jp",ICANN,"nara.jp",3,1
"niigata.jp",ICANN,"*.niigata.jp",3,1
"niigata.jp",ICANN,"niigata.jp",3,1
"oita.jp",ICANN,"*.oita.jp",3,1
"oita.jp",ICANN,"oita.jp",3,1
"okayama.jp",ICANN,"*.okayama.jp",3,1
"okayama.jp",ICANN,"okayama.jp",3,1
"okinawa.jp",ICANN,"*.okinawa.jp",3,1
"okinawa.jp",ICANN,"okinawa.jp",3,1
"osaka.jp",ICANN,"*.osaka.jp",3,1
"osaka.jp",ICANN,"osaka.jp",3,1
"saga.jp",ICANN,"*.saga.jp",3,1
"saga.jp",ICANN,"saga.jp",3,1
"saitama.jp",ICANN,"*.saitama.jp",3,1
"saitama.jp",ICANN,"saitama.jp",3,1
"shiga.jp",ICANN,"*.shiga.jp",3,1
"shiga.jp",ICANN,"shiga.jp",3,1
"shimane.jp",ICANN,"*.shimane.jp",3,1
"shimane.jp",ICANN,"shimane.jp",3,1
"shizuoka.jp",ICANN,"*.shizuoka.jp",3,1
"shizuoka.jp",ICANN,"shizuoka.jp",3,1
"tochigi.jp",ICANN,"*.tochigi.jp",3,1
"tochigi.jp",ICANN,"tochigi.jp",3,1
"tokushima.jp",ICANN,"*.tokushima.jp",3,1
"tokushima.jp",ICANN,"tokushima.jp",3,1
"tokyo.jp",ICANN,"*.tokyo.jp",3,1
"tokyo.jp",ICANN,"tokyo.jp",3,1
"tottori.jp",ICANN,"*.tottori.jp",3,1
"tottori.jp",ICANN,"tottori.jp",3,1
"toyama.jp",ICANN,"*.toyama.jp",3,1
"toyama.jp",ICANN,"toyama.jp",3,1
"wakayama.jp",ICANN,"*.wakayama.jp",3,1
"wakayama.jp",ICANN,"wakayama.jp",3,1
"yamagata.jp",ICANN,"*.yamagata.jp",3,1
"yamagata.jp",ICANN,"yamagata.jp",3,1
"yamaguchi.jp",ICANN,"*.yamaguchi.jp",3,1
"yamaguchi.jp",ICANN,"yamaguchi.jp",3,1
"yamanashi.jp",ICANN,"*.yamanashi.jp",3,1
"yamanashi.jp",ICANN,"yamanashi.jp",3,1
"三重.jp",ICANN,"*.三重.jp",3,1
"三重.jp",ICANN,"三重.jp",3,1
"三重.jp",ICANN,"*.xn--ehqz56n.jp",3,1
"三重.jp",ICANN,"xn--ehqz56n.jp",3,1
"京都.jp",ICANN,"*.京都.jp",3,1
"京都.jp",ICANN,"京都.jp",3,1
"京都.jp",ICANN,"*.xn--1lqs03n.jp",3,1
"京都.jp",ICANN,"xn--1lqs03n.jp",3,1
"佐賀.jp",ICANN,"*.佐賀.jp",3,1
"佐賀.jp",ICANN,"佐賀.jp",3,1
"佐賀.jp",ICANN,"*.xn--qqqt11m.jp",3,1
"佐賀.jp",ICANN,"xn--qqqt11m.jp",3,1
"兵庫.jp",ICANN,"*.兵庫.jp",3,1
"兵庫.jp",ICANN,"兵庫.jp",3,1
"兵庫.jp",ICANN,"*.xn--f6qx53a.jp",3,1
"兵庫.jp",ICANN,"xn--f6qx53a.jp",3,1
"北海道.jp",ICANN,"*.北海道.jp",3,1
"北海道.jp",ICANN,"北海道.jp",3,1
"北海道.jp",ICANN,"*.xn--djrs72d6uy.jp",3,1
"北海道.jp",ICANN,"xn--djrs72d6uy.jp",3,1
"千葉.jp",ICANN,"*.千葉.jp",3,1
"千葉.jp",ICANN,"千葉.jp",3,1
"千葉.jp",ICANN,"*.xn--mkru45i.jp",3,1
"千葉.jp",ICANN,"xn--mkru45i.jp",3,1
"和歌山.jp",ICANN,"*.和歌山.jp",3,1
"和歌山.jp",ICANN,"和歌山.jp",3,1
"和歌山.jp",ICANN,"*.xn--0trq7p7nn.jp",3,1
"和歌山.jp",ICANN,"xn--0trq7p7nn.jp",3,1
"埼玉.jp",ICANN,"*.埼玉.jp",3,1
"埼玉.jp",ICANN,"埼玉.jp",3,1
"埼玉.jp",ICANN,"*.xn--5js045d.jp",3,1
"埼玉.jp",ICANN,"xn--5js045d.jp",3,1
"大分.jp",ICANN,"*.大分.jp",3,1
"大分.jp",ICANN,"大分.jp",3,1
"大分.jp",ICANN,"*.xn--kbrq7o.jp",3,1
"大分.jp",ICANN,"xn--kbrq7o.jp",3,1
"大阪.jp",ICANN,"*.大阪.jp",3,1
"大阪.jp",ICANN,"大阪.jp",3,1
"大阪.jp",ICANN,"*.xn--pssu33l.jp",3,1
"大阪.jp",ICANN,"xn--pssu33l.jp",3,1
"奈良.jp",ICANN,"*.奈良.jp",3,1
"奈良.jp",ICANN,"奈良.jp",3,1
"奈良.jp",ICANN,"*.xn--ntsq17g.jp",3,1
"奈良.jp",ICANN,"xn--ntsq17g.jp",3,1
"宮城.jp",ICANN,"*.宮城.jp",3,1
"宮城.jp",ICANN,"宮城.jp",3,1
"宮城.jp",ICANN,"*.xn--uisz3g.jp",3,1
"宮城.jp",ICANN,"xn--uisz3g.jp",3,1
"宮崎.jp",ICANN,"*.宮崎.jp",3,1
"宮崎.jp",ICANN,"宮崎.jp",3,1
"宮崎.jp",ICANN,"*.xn--6btw5a.jp",3,1
"宮崎.jp",ICANN,"xn--6btw5a.jp",3,1
"富山.jp",ICANN,"*.富山.jp",3,1
"富山.jp",ICANN,"富山.jp",3,1
"富山.jp",ICANN,"*.xn--1ctwo.jp",3,1
"富山.jp",ICANN,"xn--1ctwo.jp",3,1
"山口.jp",ICANN,"*.山口.jp",3,1
"山口.jp",ICANN,"山口.jp",3,1
"山口.jp",ICANN,"*.xn--6orx2r.jp",3,1
"山口.jp",ICANN,"xn--6orx2r.jp",3,1
"山形.jp",ICANN,"*.山形.jp",3,1
"山形.jp",ICANN,"山形.jp",3,1
"山形.jp",ICANN,"*.xn--rht61e.jp",3,1
"山形.jp",ICANN,"xn--rht61e.jp",3,1
"山梨.jp",ICANN,"*.山梨.jp",3,1
"山梨.jp",ICANN,"山梨.jp",3,1
"山梨.jp",ICANN,"*.xn--rht27z.jp",3,1
"山梨.jp",ICANN,"xn--rht27z.jp",3,1
"岐阜.jp",ICANN,"*.岐阜.jp",3,1
"岐阜.jp",ICANN,"岐阜.jp",3,1
"岐阜.jp",ICANN,"*.xn--nit225k.jp",3,1
"岐阜.jp",ICANN,"xn--nit225k.jp",3,1
"岡山.jp",ICANN,"*.岡山.jp",3,1
"岡山.jp",ICANN,"岡山.jp",3,1
"岡山.jp",ICANN,"*.xn--rht3d.jp",3,1
"岡山.jp",ICANN,"xn--rht3d.jp",3,1
"岩手.jp",ICANN,"*.岩手.jp",3,1
"岩手.jp",ICANN,"岩手.jp",3,1
"岩手.jp",ICANN,"*.xn--djty4k.jp",3,1
"岩手.jp",ICANN,"xn--djty4k.jp",3,1
"島根.jp",ICANN,"*.島根.jp",3,1
"島根.jp",ICANN,"島根.jp",3,1
"島根.jp",ICANN,"*.xn--klty5x.jp",3,1
"島根.jp",ICANN,"xn--klty5x.jp",3,1
"広島.jp",ICANN,"*.広島.jp",3,1
"広島.jp",ICANN,"広島.jp",3,1
"広島.jp",ICANN,"*.xn--kltx9a.jp",3,1
"広島.jp",ICANN,"xn--kltx9a.jp",3,1
"徳島.jp",ICANN,"*.徳島.jp",3,1
"徳島.jp",ICANN,"徳島.jp",3,1
"徳島.jp",ICANN,"*.xn--kltp7d.jp",3,1
"徳島.jp",ICANN,"xn--kltp7d.jp",3,1
"愛媛.jp",ICANN,"*.愛媛.jp",3,1
"愛媛.jp",ICANN,"愛媛.jp",3,1
"愛媛.jp",ICANN,"*.xn--c3s14m.jp",3,1
"愛媛.jp",ICANN,"xn--c3s14m.jp",3,1
"愛知.jp",ICANN,"*.愛知.jp",3,1
"愛知.jp",ICANN,"愛知.jp",3,1
"愛知.jp",ICANN,"*.xn--vgu402c.jp",3,1
"愛知.jp",ICANN,"xn--vgu402c.jp",3,1
"新潟.jp",ICANN,"*.新潟.jp",3,1
"新潟.jp",ICANN,"新潟.jp",3,1
"新潟.jp",ICANN,"*.xn--efvn9s.jp",3,1
"新潟.jp",ICANN,"xn--efvn9s.jp",3,1
"東京.jp",ICANN,"*.東京.jp",3,1
"東京.jp",ICANN,"東京.jp",3,1
"東京.jp",ICANN,"*.xn--1lqs71d.jp",3,1
"東京.jp",ICANN,"xn--1lqs71d.jp",3,1
"栃木.jp",ICANN,"*.栃木.jp",3,1
"栃木.jp",ICANN,"栃木.jp",3,1
"栃木.jp",ICANN,"*.xn--4pvxs.jp",3,1
"栃木.jp",ICANN,"xn--4pvxs.jp",3,1
"沖縄.jp",ICANN,"*.沖縄.jp",3,1
"沖縄.jp",ICANN,"沖縄.jp",3,1
"沖縄.jp",ICANN,"*.xn--uuwu58a.jp",3,1
"沖縄.jp",ICANN,"xn--uuwu58a.jp",3,1
"滋賀.jp",ICANN,"*.滋賀.jp",3,1
"滋賀.jp",ICANN,"滋賀.jp",3,1
"滋賀.jp",ICANN,"*.xn--zbx025d.jp",3,1
"滋賀.jp",ICANN,"xn--zbx025d.jp",3,1
"熊本.jp",ICANN,"*.熊本.jp",3,1
"熊本.jp",ICANN,"熊本.jp",3,1
"熊本.jp",ICANN,"*.xn--8pvr4u.jp",3,1
"熊本.jp",ICANN,"xn--8pvr4u.jp",3,1
"石川.jp",ICANN,"*.石川.jp",3,1
"石川.jp",ICANN,"石川.jp",3,1
"石川.jp",ICANN,"*.xn--5rtp49c.jp",3,1
"石川.jp",ICANN,"xn--5rtp49c.jp",3,1
"神奈川.jp",ICANN,"*.神奈川.jp",3,1
"神奈川.jp",ICANN,"神奈川.jp",3,1
"神奈川.jp",ICANN,"*.xn--ntso0iqx3a.jp",3,1
"神奈川.jp",ICANN,"xn--ntso0iqx3a.jp",3,1
"福井.jp",ICANN,"*.福井.jp",3,1
"福井.jp",ICANN,"福井.jp",3,1
"福井.jp",ICANN,"*.xn--elqq16h.jp",3,1
"福井.jp",ICANN,"xn--elqq16h.jp",3,1
"福岡.jp",ICANN,"*.福岡.jp",3,1
"福岡.jp",ICANN,"福岡.jp",3,1
"福岡.jp",ICANN,"*.xn--4it168d.jp",3,1
"福岡.jp",ICANN,"xn--4it168d.jp",3,1
"福島.jp",ICANN,"*.福島.jp",3,1
"福島.jp",ICANN,"福島.jp",3,1
"福島.jp",ICANN,"*.xn--klt787d.jp",3,1
"福島.jp",ICANN,"xn--klt787d.jp",3,1
"秋田.jp",ICANN,"*.秋田.jp",3,1
"秋田.jp",ICANN,"秋田.jp",3,1
"秋田.jp",ICANN,"*.xn--rny31h.jp",3,1
"秋田.jp",ICANN,"xn--rny31h.jp",3,1
"群馬.jp",ICANN,"*.群馬.jp",3,1
"群馬.jp",ICANN,"群馬.jp",3,1
"群馬.jp",ICANN,"*.xn--7t0a264c.jp",3,1
"群馬.jp",ICANN,"xn--7t0a264c.jp",3,1
"茨城.jp",ICANN,"*.茨城.jp",3,1
"茨城.jp",ICANN,"茨城.jp",3,1
"茨城.jp",ICANN,"*.xn--uist22h.jp",3,1
"茨城.jp",ICANN,"xn--uist22h.jp",3,1
"長崎.jp",ICANN,"*.長崎.jp",3,1
"長崎.jp",ICANN,"長崎.jp",3,1
"長崎.jp",ICANN,"*.xn--8ltr62k.jp",3,1
"長崎.jp",ICANN,"xn--8ltr62k.jp",3,1
"長野.jp",ICANN,"*.長野.jp",3,1
"長野.jp",ICANN,"長野.jp",3,1
"長野.jp",ICANN,"*.xn--2m4a15e.jp",3,1
"長野.jp",ICANN,"xn--2m4a15e.jp",3,1
"青森.jp",ICANN,"*.青森.jp",3,1
"青森.jp",ICANN,"青森.jp",3,1
"青森.jp",ICANN,"*.xn--32vp30h.jp",3,1
"青森.jp",ICANN,"xn--32vp30h.jp",3,1
"静岡.jp",ICANN,"*.静岡.jp",3,1
"静岡.jp",ICANN,"静岡.jp",3,1
"静岡.jp",ICANN,"*.xn--4it797k.jp",3,1
"静岡.jp",ICANN,"xn--4it797k.jp",3,1
"香川.jp",ICANN,"*.香川.jp",3,1
"香川.jp",ICANN,"香川.jp",3,1
"香川.jp",ICANN,"*.xn--5rtq34k.jp",3,1
"香川.jp",ICANN,"xn--5rtq34k.jp",3,1
"高知.jp",ICANN,"*.高知.jp",3,1
"高知.jp",ICANN,"高知.jp",3,1
"高知.jp",ICANN,"*.xn--k7yn95e.jp",3,1
"高知.jp",ICANN,"xn--k7yn95e.jp",3,1
"鳥取.jp",ICANN,"*.鳥取.jp",3,1
"鳥取.jp",ICANN,"鳥取.jp",3,1
"鳥取.jp",ICANN,"*.xn--tor131o.jp",3,1
"鳥取.jp",ICANN,"xn--tor131o.jp",3,1
"鹿児島.jp",ICANN,"*.鹿児島.jp",3,1
"鹿児島.jp",ICANN,"鹿児島.jp",3,1
"鹿児島.jp",ICANN,"*.xn--d5qv7z876c.jp",3,1
"鹿児島.jp",ICANN,"xn--d5qv7z876c.jp",3,1
"*.kawasaki.jp",ICANN,"*.kawasaki.jp",4,1
"*.kawasaki.jp",ICANN,"kawasaki.jp",4,1
"*.kitakyushu.jp",ICANN,"*.kitakyushu.jp",4,1
"*.kitakyushu.jp",ICANN,"kitakyushu.jp",4,1
"*.kobe.jp",ICANN,"*.kobe.jp",4,1
"*.kobe.jp",ICANN,"kobe.jp",4,1
"*.nagoya.jp",ICANN,"*.nagoya.jp",4,1
"*.nagoya.jp",ICANN,"nagoya.jp",4,1
"*.sapporo.jp",ICANN,"*.sapporo.jp",4,1
"*.sapporo.jp",ICANN,"sapporo.jp",4,1
"*.sendai.jp",ICANN,"*.sendai.jp",4,1
"*.sendai.jp",ICANN,"sendai.jp",4,1
"*.yokohama.jp",ICANN,"*.yokohama.jp",4,1
"*.yokohama.jp",ICANN,"yokohama.jp",4,1
"ac.ke",ICANN,"*.ac.ke",3,1
"ac.ke",ICANN,"ac.ke",3,1
"co.ke",ICANN,"*.co.ke",3,1
"co.ke",ICANN,"co.ke",3,1
"go.ke",ICANN,"*.go.ke",3,1
"go.ke",ICANN,"go.ke",3,1
"info.ke",ICANN,"*.info.ke",3,1
"info.ke",ICANN,"info.ke",3,1
"me.ke",ICANN,"*.me.ke",3,1
"me.ke",ICANN,"me.ke",3,1
"mobi.ke",ICANN,"*.mobi.ke",3,1
"mobi.ke",ICANN,"mobi.ke",3,1
"ne.ke",ICANN,"*.ne.ke",3,1
"ne.ke",ICANN,"ne.ke",3,1
"or.ke",ICANN,"*.or.ke",3,1
"or.ke",ICANN,"or.ke",3,1
"sc.ke",ICANN,"*.sc.ke",3,1
"sc.ke",ICANN,"sc.ke",3,1
"com.kg",ICANN,"*.com.kg",3,1
"com.kg",ICANN,"com.kg",3,1
"edu.kg",ICANN,"*.edu.kg",3,1
"edu.kg",ICANN,"edu.kg",3,1
"gov.kg",ICANN,"*.gov.kg",3,1
"gov.kg",ICANN,"gov.kg",3,1
"mil.kg",ICANN,"*.mil.kg",3,1
"mil.kg",ICANN,"mil.kg",3,1
"net.kg",ICANN,"*.net.kg",3,1
"net.kg",ICANN,"net.kg",3,1
"org.kg",ICANN,"*.org.kg",3,1
"org.kg",ICANN,"org.kg",3,1
"biz.ki",ICANN,"*.biz.ki",3,1
"biz.ki",ICANN,"biz.ki",3,1
"com.ki",ICANN,"*.com.ki",3,1
"com.ki",ICANN,"com.ki",3,1
"edu.ki",ICANN,"*.edu.ki",3,1
"edu.ki",ICANN,"edu.ki",3,1
"gov.ki",ICANN,"*.gov.ki",3,1
"gov.ki",ICANN,"gov.ki",3,1
"info.ki",ICANN,"*.info.ki",3,1
"info.ki",ICANN,"info.ki",3,1
"net.ki",ICANN,"*.net.ki",3,1
"net.ki",ICANN,"net.ki",3,1
"org.ki",ICANN,"*.org.ki",3,1
"org.ki",ICANN,"org.ki",3,1
"ass.km",ICANN,"*.ass.km",3,1
"ass.km",ICANN,"ass.km",3,1
"com.km",ICANN,"*.com.km",3,1
"com.km",ICANN,"com.km",3,1
"edu.km",ICANN,"*.edu.km",3,1
"edu.km",ICANN,"edu.km",3,1
"gov.km",ICANN,"*.gov.km",3,1
"gov.km",ICANN,"gov.km",3,1
"mil.km",ICANN,"*.mil.km",3,1
"mil.km",ICANN,"mil.km",3,1
"nom.km",ICANN,"*.nom.km",3,1
"nom.km",ICANN,"nom.km",3,1
"org.km",ICANN,"*.org.km",3,1
"org.km",ICANN,"org.km",3,1
"prd.km",ICANN,"*.prd.km",3,1
"prd.km",ICANN,"prd.km",3,1
"tm.km",ICANN,"*.tm.km",3,1
"tm.km",ICANN,"tm.km",3,1
"asso.km",ICANN,"*.asso.km",3,1
"asso.km",ICANN,"asso.km",3,1
"coop.km",ICANN,"*.coop.km",3,1
"coop.km",ICANN,"coop.km",3,1
"gouv.km",ICANN,"*.gouv.km",3,1
"gouv.km",ICANN,"gouv.km",3,1
"medecin.km",ICANN,"*.medecin.km",3,1
"medecin.km",ICANN,"medecin.km",3,1
"notaires.km",ICANN,"*.notaires.km",3,1
"notaires.km",ICANN,"notaires.km",3,1
"pharmaciens.km",ICANN,"*.pharmaciens.km",3,1
"pharmaciens.km",ICANN,"pharmaciens.km",3,1
"presse.km",ICANN,"*.presse.km",3,1
"presse.km",ICANN,"presse.km",3,1
"veterinaire.km",ICANN,"*.veterinaire.km",3,1
"veterinaire.km",ICANN,"veterinaire.km",3,1
"edu.kn",ICANN,"*.edu.kn",3,1
"edu.kn",ICANN,"edu.kn",3,1
"gov.kn",ICANN,"*.gov.kn",3,1
"gov.kn",ICANN,"gov.kn",3,1
"net.kn",ICANN,"*.net.kn",3,1
"net.kn",ICANN,"net.kn",3,1
"org.kn",ICANN,"*.org.kn",3,1
"org.kn",ICANN,"org.kn",3,1
"com.kp",ICANN,"*.com.kp",3,1
"com.kp",ICANN,"com.kp",3,1
"edu.kp",ICANN,"*.edu.kp",3,1
"edu.kp",ICANN,"edu.kp",3,1
"gov.kp",ICANN,"*.gov.kp",3,1
"gov.kp",ICANN,"gov.kp",3,1
"org.kp",ICANN,"*.org.kp",3,1
"org.kp",ICANN,"org.kp",3,1
"rep.kp",ICANN,"*.rep.kp",3,1
"rep.kp",ICANN,"rep.kp",3,1
"tra.kp",ICANN,"*.tra.kp",3,1
"tra.kp",ICANN,"tra.kp",3,1
"ac.kr",ICANN,"*.ac.kr",3,1
"ac.kr",ICANN,"ac.kr",3,1
"ai.kr",ICANN,"*.ai.kr",3,1
"ai.kr",ICANN,"ai.kr",3,1
"co.kr",ICANN,"*.co.kr",3,1
"co.kr",ICANN,"co.kr",3,1
"es.kr",ICANN,"*.es.kr",3,1
"es.kr",ICANN,"es.kr",3,1
"go.kr",ICANN,"*.go.kr",3,1
"go.kr",ICANN,"go.kr",3,1
"hs.kr",ICANN,"*.hs.kr",3,1
"hs.kr",ICANN,"hs.kr",3,1
"io.kr",ICANN,"*.io.kr",3,1
"io.kr",ICANN,"io.kr",3,1
"it.kr",ICANN,"*.it.kr",3,1
"it.kr",ICANN,"it.kr",3,1
"kg.kr",ICANN,"*.kg.kr",3,1
"kg.kr",ICANN,"kg.kr",3,1
"me.kr",ICANN,"*.me.kr",3,1
"me.kr",ICANN,"me.kr",3,1
"mil.kr",ICANN,"*.mil.kr",3,1
"mil.kr",ICANN,"mil.kr",3,1
"ms.kr",ICANN,"*.ms.kr",3,1
"ms.kr",ICANN,"ms.kr",3,1
"ne.kr",ICANN,"*.ne.kr",3,1
"ne.kr",ICANN,"ne.kr",3,1
"or.kr",ICANN,"*.or.kr",3,1
"or.kr",ICANN,"or.kr",3,1
"pe.kr",ICANN,"*.pe.kr",3,1
"pe.kr",ICANN,"pe.kr",3,1
"re.kr",ICANN,"*.re.kr",3,1
"re.kr",ICANN,"re.kr",3,1
"sc.kr",ICANN,"*.sc.kr",3,1
"sc.kr",ICANN,"sc.kr",3,1
"busan.kr",ICANN,"*.busan.kr",3,1
"busan.kr",ICANN,"busan.kr",3,1
"chungbuk.kr",ICANN,"*.chungbuk.kr",3,1
"chungbuk.kr",ICANN,"chungbuk.kr",3,1
"chungnam.kr",ICANN,"*.chungnam.kr",3,1
"chungnam.kr",ICANN,"chungnam.kr",3,1
"daegu.kr",ICANN,"*.daegu.kr",3,1
"daegu.kr",ICANN,"daegu.kr",3,1
"daejeon.kr",ICANN,"*.daejeon.kr",3,1
"daejeon.kr",ICANN,"daejeon.kr",3,1
"gangwon.kr",ICANN,"*.gangwon.kr",3,1
"gangwon.kr",ICANN,"gangwon.kr",3,1
"gwangju.kr",ICANN,"*.gwangju.kr",3,1
"gwangju.kr",ICANN,"gwangju.kr",3,1
"gyeongbuk.kr",ICANN,"*.gyeongbuk.kr",3,1
"gyeongbuk.kr",ICANN,"gyeongbuk.kr",3,1
"gyeonggi.kr",ICANN,"*.gyeonggi.kr",3,1
"gyeonggi.kr",ICANN,"gyeonggi.kr",3,1
"gyeongnam.kr",ICANN,"*.gyeongnam.kr",3,1
"gyeongnam.kr",ICANN,"gyeongnam.kr",3,1
"incheon.kr",ICANN,"*.incheon.kr",3,1
"incheon.kr",ICANN,"incheon.kr",3,1
"jeju.kr",ICANN,"*.jeju.kr",3,1
"jeju.kr",ICANN,"jeju.kr",3,1
"jeonbuk.kr",ICANN,"*.jeonbuk.kr",3,1
"jeonbuk.kr",ICANN,"jeonbuk.kr",3,1
"jeonnam.kr",ICANN,"*.jeonnam.kr",3,1
"jeonnam.kr",ICANN,"jeonnam.kr",3,1
"seoul.kr",ICANN,"*.seoul.kr",3,1
"seoul.kr",ICANN,"seoul.kr",3,1
"ulsan.kr",ICANN,"*.ulsan.kr",3,1
"ulsan.kr",ICANN,"ulsan.kr",3,1
"com.kw",ICANN,"*.com.kw",3,1
"com.kw",ICANN,"com.kw",3,1
"edu.kw",ICANN,"*.edu.kw",3,1
"edu.kw",ICANN,"edu.kw",3,1
"emb.kw",ICANN,"*.emb.kw",3,1
"emb.kw",ICANN,"emb.kw",3,1
"gov.kw",ICANN,"*.gov.kw",3,1
"gov.kw",ICANN,"gov.kw",3,1
"ind.kw",ICANN,"*.ind.kw",3,1
"ind.kw",ICANN,"ind.kw",3,1
"net.kw",ICANN,"*.net.kw",3,1
"net.kw",ICANN,"net.kw",3,1
"org.kw",ICANN,"*.org.kw",3,1
"org.kw",ICANN,"org.kw",3,1
"com.ky",ICANN,"*.com.ky",3,1
"com.ky",ICANN,"com.ky",3,1
"edu.ky",ICANN,"*.edu.ky",3,1
"edu.ky",ICANN,"edu.ky",3,1
"net.ky",ICANN,"*.net.ky",3,1
"net.ky",ICANN,"net.ky",3,1
"org.ky",ICANN,"*.org.ky",3,1
"org.ky",ICANN,"org.ky",3,1
"com.kz",ICANN,"*.com.kz",3,1
"com.kz",ICANN,"com.kz",3,1
"edu.kz",ICANN,"*.edu.kz",3,1
"edu.kz",ICANN,"edu.kz",3,1
"gov.kz",ICANN,"*.gov.kz",3,1
"gov.kz",ICANN,"gov.kz",3,1
"mil.kz",ICANN,"*.mil.kz",3,1
"mil.kz",ICANN,"mil.kz",3,1
"net.kz",ICANN,"*.net.kz",3,1
"net.kz",ICANN,"net.kz",3,1
"org.kz",ICANN,"*.org.kz",3,1
"org.kz",ICANN,"org.kz",3,1
"com.la",ICANN,"*.com.la",3,1
"com.la",ICANN,"com.la",3,1
"edu.la",ICANN,"*.edu.la",3,1
"edu.la",ICANN,"edu.la",3,1
"gov.la",ICANN,"*.gov.la",3,1
"gov.la",ICANN,"gov.la",3,1
"info.la",ICANN,"*.info.la",3,1
"info.la",ICANN,"info.la",3,1
"int.la",ICANN,"*.int.la",3,1
"int.la",ICANN,"int.la",3,1
"net.la",ICANN,"*.net.la",3,1
"net.la",ICANN,"net.la",3,1
"org.la",ICANN,"*.org.la",3,1
"org.la",ICANN,"org.la",3,1
"per.la",ICANN,"*.per.la",3,1
"per.la",ICANN,"per.la",3,1
"com.lb",ICANN,"*.com.lb",3,1
"com.lb",ICANN,"com.lb",3,1
"edu.lb",ICANN,"*.edu.lb",3,1
"edu.lb",ICANN,"edu.lb",3,1
"gov.lb",ICANN,"*.gov.lb",3,1
"gov.lb",ICANN,"gov.lb",3,1
"net.lb",ICANN,"*.net.lb",3,1
"net.lb",ICANN,"net.lb",3,1
"org.lb",ICANN,"*.org.lb",3,1
"org.lb",ICANN,"org.lb",3,1
"co.lc",ICANN,"*.co.lc",3,1
"co.lc",ICANN,"co.lc",3,1
"com.lc",ICANN,"*.com.lc",3,1
"com.lc",ICANN,"com.lc",3,1
"edu.lc",ICANN,"*.edu.lc",3,1
"edu.lc",ICANN,"edu.lc",3,1
"gov.lc",ICANN,"*.gov.lc",3,1
"gov.lc",ICANN,"gov.lc",3,1
"net.lc",ICANN,"*.net.lc",3,1
"net.lc",ICANN,"net.lc",3,1
"org.lc",ICANN,"*.org.lc",3,1
"org.lc",ICANN,"org.lc",3,1
"ac.lk",ICANN,"*.ac.lk",3,1
"ac.lk",ICANN,"ac.lk",3,1
"assn.lk",ICANN,"*.assn.lk",3,1
"assn.lk",ICANN,"assn.lk",3,1
"com.lk",ICANN,"*.com.lk",3,1
"com.lk",ICANN,"com.lk",3,1
"edu.lk",ICANN,"*.edu.lk",3,1
"edu.lk",ICANN,"edu.lk",3,1
"gov.lk",ICANN,"*.gov.lk",3,1
"gov.lk",ICANN,"gov.lk",3,1
"grp.lk",ICANN,"*.grp.lk",3,1
"grp.lk",ICANN,"grp.lk",3,1
"hotel.lk",ICANN,"*.hotel.lk",3,1
"hotel.lk",ICANN,"hotel.lk",3,1
"int.lk",ICANN,"*.int.lk",3,1
"int.lk",ICANN,"int.lk",3,1
"ltd.lk",ICANN,"*.ltd.lk",3,1
"ltd.lk",ICANN,"ltd.lk",3,1
"net.lk",ICANN,"*.net.lk",3,1
"net.lk",ICANN,"net.lk",3,1
"ngo.lk",ICANN,"*.ngo.lk",3,1
"ngo.lk",ICANN,"ngo.lk",3,1
"org.lk",ICANN,"*.org.lk",3,1
"org.lk",ICANN,"org.lk",3,1
"sch.lk",ICANN,"*.sch.lk",3,1
"sch.lk",ICANN,"sch.lk",3,1
"soc.lk",ICANN,"*.soc.lk",3,1
"soc.lk",ICANN,"soc.lk",3,1
"web.lk",ICANN,"*.web.lk",3,1
"web.lk",ICANN,"web.lk",3,1
"com.lr",ICANN,"*.com.lr",3,1
"com.lr",ICANN,"com.lr",3,1
"edu.lr",ICANN,"*.edu.lr",3,1
"edu.lr",ICANN,"edu.lr",3,1
"gov.lr",ICANN,"*.gov.lr",3,1
"gov.lr",ICANN,"gov.lr",3,1
"net.lr",ICANN,"*.net.lr",3,1
"net.lr",ICANN,"net.lr",3,1
"org.lr",ICANN,"*.org.lr",3,1
"org.lr",ICANN,"org.lr",3,1
"ac.ls",ICANN,"*.ac.ls",3,1
"ac.ls",ICANN,"ac.ls",3,1
"biz.ls",ICANN,"*.biz.ls",3,1
"biz.ls",ICANN,"biz.ls",3,1
"co.ls",ICANN,"*.co.ls",3,1
"co.ls",ICANN,"co.ls",3,1
"edu.ls",ICANN,"*.edu.ls",3,1
"edu.ls",ICANN,"edu.ls",3,1
"gov.ls",ICANN,"*.gov.ls",3,1
"gov.ls",ICANN,"gov.ls",3,1
"info.ls",ICANN,"*.info.ls",3,1
"info.ls",ICANN,"info.ls",3,1
"net.ls",ICANN,"*.net.ls",3,1
"net.ls",ICANN,"net.ls",3,1
"org.ls",ICANN,"*.org.ls",3,1
"org.ls",ICANN,"org.ls",3,1
"sc.ls",ICANN,"*.sc.ls",3,1
"sc.ls",ICANN,"sc.ls",3,1
"gov.lt",ICANN,"*.gov.lt",3,1
"gov.lt",ICANN,"gov.lt",3,1
"asn.lv",ICANN,"*.asn.lv",3,1
"asn.lv",ICANN,"asn.lv",3,1
"com.lv",ICANN,"*.com.lv",3,1
"com.lv",ICANN,"com.lv",3,1
"conf.lv",ICANN,"*.conf.lv",3,1
"conf.lv",ICANN,"conf.lv",3,1
"edu.lv",ICANN,"*.edu.lv",3,1
"edu.lv",ICANN,"edu.lv",3,1
"gov.lv",ICANN,"*.gov.lv",3,1
"gov.lv",ICANN,"gov.lv",3,1
"id.lv",ICANN,"*.id.lv",3,1
"id.lv",ICANN,"id.lv",3,1
"mil.lv",ICANN,"*.mil.lv",3,1
"mil.lv",ICANN,"mil.lv",3,1
"net.lv",ICANN,"*.net.lv",3,1
"net.lv",ICANN,"net.lv",3,1
"org.lv",ICANN,"*.org.lv",3,1
"org.lv",ICANN,"org.lv",3,1
"com.ly",ICANN,"*.com.ly",3,1
"com.ly",ICANN,"com.ly",3,1
"edu.ly",ICANN,"*.edu.ly",3,1
"edu.ly",ICANN,"edu.ly",3,1
"gov.ly",ICANN,"*.gov.ly",3,1
"gov.ly",ICANN,"gov.ly",3,1
"id.ly",ICANN,"*.id.ly",3,1
"id.ly",ICANN,"id.ly",3,1
"med.ly",ICANN,"*.med.ly",3,1
"med.ly",ICANN,"med.ly",3,1
"net.ly",ICANN,"*.net.ly",3,1
"net.ly",ICANN,"net.ly",3,1
"org.ly",ICANN,"*.org.ly",3,1
"org.ly",ICANN,"org.ly",3,1
"plc.ly",ICANN,"*.plc.ly",3,1
"plc.ly",ICANN,"plc.ly",3,1
"sch.ly",ICANN,"*.sch.ly",3,1
"sch.ly",ICANN,"sch.ly",3,1
"ac.ma",ICANN,"*.ac.ma",3,1
"ac.ma",ICANN,"ac.ma",3,1
"co.ma",ICANN,"*.co.ma",3,1
"co.ma",ICANN,"co.ma",3,1
"gov.ma",ICANN,"*.gov.ma",3,1
"gov.ma",ICANN,"gov.ma",3,1
"net.ma",ICANN,"*.net.ma",3,1
"net.ma",ICANN,"net.ma",3,1
"org.ma",ICANN,"*.org.ma",3,1
"org.ma",ICANN,"org.ma",3,1
"press.ma",ICANN,"*.press.ma",3,1
"press.ma",ICANN,"press.ma",3,1
"asso.mc",ICANN,"*.asso.mc",3,1
"asso.mc",ICANN,"asso.mc",3,1
"tm.mc",ICANN,"*.tm.mc",3,1
"tm.mc",ICANN,"tm.mc",3,1
"ac.me",ICANN,"*.ac.me",3,1
"ac.me",ICANN,"ac.me",3,1
"co.me",ICANN,"*.co.me",3,1
"co.me",ICANN,"co.me",3,1
"edu.me",ICANN,"*.edu.me",3,1
"edu.me",ICANN,"edu.me",3,1
"gov.me",ICANN,"*.gov.me",3,1
"gov.me",ICANN,"gov.me",3,1
"its.me",ICANN,"*.its.me",3,1
"its.me",ICANN,"its.me",3,1
"net.me",ICANN,"*.net.me",3,1
"net.me",ICANN,"net.me",3,1
"org.me",ICANN,"*.org.me",3,1
"org.me",ICANN,"org.me",3,1
"priv.me",ICANN,"*.priv.me",3,1
"priv.me",ICANN,"priv.me",3,1
"co.mg",ICANN,"*.co.mg",3,1
"co.mg",ICANN,"co.mg",3,1
"com.mg",ICANN,"*.com.mg",3,1
"com.mg",ICANN,"com.mg",3,1
"edu.mg",ICANN,"*.edu.mg",3,1
"edu.mg",ICANN,"edu.mg",3,1
"gov.mg",ICANN,"*.gov.mg",3,1
"gov.mg",ICANN,"gov.mg",3,1
"mil.mg",ICANN,"*.mil.mg",3,1
"mil.mg",ICANN,"mil.mg",3,1
"nom.mg",ICANN,"*.nom.mg",3,1
"nom.mg",ICANN,"nom.mg",3,1
"org.mg",ICANN,"*.org.mg",3,1
"org.mg",ICANN,"org.mg",3,1
"prd.mg",ICANN,"*.prd.mg",3,1
"prd.mg",ICANN,"prd.mg",3,1
"com.mk",ICANN,"*.com.mk",3,1
"com.mk",ICANN,"com.mk",3,1
"edu.mk",ICANN,"*.edu.mk",3,1
"edu.mk",ICANN,"edu.mk",3,1
"gov.mk",ICANN,"*.gov.mk",3,1
"gov.mk",ICANN,"gov.mk",3,1
"inf.mk",ICANN,"*.inf.mk",3,1
"inf.mk",ICANN,"inf.mk",3,1
"name.mk",ICANN,"*.name.mk",3,1
"name.mk",ICANN,"name.mk",3,1
"net.mk",ICANN,"*.net.mk",3,1
"net.mk",ICANN,"net.mk",3,1
"org.mk",ICANN,"*.org.mk",3,1
"org.mk",ICANN,"org.mk",3,1
"ac.ml",ICANN,"*.ac.ml",3,1
"ac.ml",ICANN,"ac.ml",3,1
"art.ml",ICANN,"*.art.ml",3,1
"art.ml",ICANN,"art.ml",3,1
"asso.ml",ICANN,"*.asso.ml",3,1
"asso.ml",ICANN,"asso.ml",3,1
"com.ml",ICANN,"*.com.ml",3,1
"com.ml",ICANN,"com.ml",3,1
"edu.ml",ICANN,"*.edu.ml",3,1
"edu.ml",ICANN,"edu.ml",3,1
"gouv.ml",ICANN,"*.gouv.ml",3,1
"gouv.ml",ICANN,"gouv.ml",3,1
"gov.ml",ICANN,"*.gov.ml",3,1
"gov.ml",ICANN,"gov.ml",3,1
"info.ml",ICANN,"*.info.ml",3,1
"info.ml",ICANN,"info.ml",3,1
"inst.ml",ICANN,"*.inst.ml",3,1
"inst.ml",ICANN,"inst.ml",3,1
"net.ml",ICANN,"*.net.ml",3,1
"net.ml",ICANN,"net.ml",3,1
"org.ml",ICANN,"*.org.ml",3,1
"org.ml",ICANN,"org.ml",3,1
"pr.ml",ICANN,"*.pr.ml",3,1
"pr.ml",ICANN,"pr.ml",3,1
"presse.ml",ICANN,"*.presse.ml",3,1
"presse.ml",ICANN,"presse.ml",3,1
"edu.mn",ICANN,"*.edu.mn",3,1
"edu.mn",ICANN,"edu.mn",3,1
"gov.mn",ICANN,"*.gov.mn",3,1
"gov.mn",ICANN,"gov.mn",3,1
"org.mn",ICANN,"*.org.mn",3,1
"org.mn",ICANN,"org.mn",3,1
"com.mo",ICANN,"*.com.mo",3,1
"com.mo",ICANN,"com.mo",3,1
"edu.mo",ICANN,"*.edu.mo",3,1
"edu.mo",ICANN,"edu.mo",3,1
"gov.mo",ICANN,"*.gov.mo",3,1
"gov.mo",ICANN,"gov.mo",3,1
"net.mo",ICANN,"*.net.mo",3,1
"net.mo",ICANN,"net.mo",3,1
"org.mo",ICANN,"*.org.mo",3,1
"org.mo",ICANN,"org.mo",3,1
"gov.mr",ICANN,"*.gov.mr",3,1
"gov.mr",ICANN,"gov.mr",3,1
"com.ms",ICANN,"*.com.ms",3,1
"com.ms",ICANN,"com.ms",3,1
"edu.ms",ICANN,"*.edu.ms",3,1
"edu.ms",ICANN,"edu.ms",3,1
"gov.ms",ICANN,"*.gov.ms",3,1
"gov.ms",ICANN,"gov.ms",3,1
"net.ms",ICANN,"*.net.ms",3,1
"net.ms",ICANN,"net.ms",3,1
"org.ms",ICANN,"*.org.ms",3,1
"org.ms",ICANN,"org.ms",3,1
"com.mt",ICANN,"*.com.mt",3,1
"com.mt",ICANN,"com.mt",3,1
"edu.mt",ICANN,"*.edu.mt",3,1
"edu.mt",ICANN,"edu.mt",3,1
"net.mt",ICANN,"*.net.mt",3,1
"net.mt",ICANN,"net.mt",3,1
"org.mt",ICANN,"*.org.mt",3,1
"org.mt",ICANN,"org.mt",3,1
"ac.mu",ICANN,"*.ac.mu",3,1
"ac.mu",ICANN,"ac.mu",3,1
"co.mu",ICANN,"*.co.mu",3,1
"co.mu",ICANN,"co.mu",3,1
"com.mu",ICANN,"*.com.mu",3,1
"com.mu",ICANN,"com.mu",3,1
"gov.mu",ICANN,"*.gov.mu",3,1
"gov.mu",ICANN,"gov.mu",3,1
"net.mu",ICANN,"*.net.mu",3,1
"net.mu",ICANN,"net.mu",3,1
"or.mu",ICANN,"*.or.mu",3,1
"or.mu",ICANN,"or.mu",3,1
"org.mu",ICANN,"*.org.mu",3,1
"org.mu",ICANN,"org.mu",3,1
"aero.mv",ICANN,"*.aero.mv",3,1
"aero.mv",ICANN,"aero.mv",3,1
"biz.mv",ICANN,"*.biz.mv",3,1
"biz.mv",ICANN,"biz.mv",3,1
"com.mv",ICANN,"*.com.mv",3,1
"com.mv",ICANN,"com.mv",3,1
"coop.mv",ICANN,"*.coop.mv",3,1
"coop.mv",ICANN,"coop.mv",3,1
"edu.mv",ICANN,"*.edu.mv",3,1
"edu.mv",ICANN,"edu.mv",3,1
"gov.mv",ICANN,"*.gov.mv",3,1
"gov.mv",ICANN,"gov.mv",3,1
"info.mv",ICANN,"*.info.mv",3,1
"info.mv",ICANN,"info.mv",3,1
"int.mv",ICANN,"*.int.mv",3,1
"int.mv",ICANN,"int.mv",3,1
"mil.mv",ICANN,"*.mil.mv",3,1
"mil.mv",ICANN,"mil.mv",3,1
"museum.mv",ICANN,"*.museum.mv",3,1
"museum.mv",ICANN,"museum.mv",3,1
"name.mv",ICANN,"*.name.mv",3,1
"name.mv",ICANN,"name.mv",3,1
"net.mv",ICANN,"*.net.mv",3,1
"net.mv",ICANN,"net.mv",3,1
"org.mv",ICANN,"*.org.mv",3,1
"org.mv",ICANN,"org.mv",3,1
"pro.mv",ICANN,"*.pro.mv",3,1
"pro.mv",ICANN,"pro.mv",3,1
"ac.mw",ICANN,"*.ac.mw",3,1
"ac.mw",ICANN,"ac.mw",3,1
"biz.mw",ICANN,"*.biz.mw",3,1
"biz.mw",ICANN,"biz.mw",3,1
"co.mw",ICANN,"*.co.mw",3,1
"co.mw",ICANN,"co.mw",3,1
"com.mw",ICANN,"*.com.mw",3,1
"com.mw",ICANN,"com.mw",3,1
"coop.mw",ICANN,"*.coop.mw",3,1
"coop.mw",ICANN,"coop.mw",3,1
"edu.mw",ICANN,"*.edu.mw",3,1
"edu.mw",ICANN,"edu.mw",3,1
"gov.mw",ICANN,"*.gov.mw",3,1
"gov.mw",ICANN,"gov.mw",3,1
"int.mw",ICANN,"*.int.mw",3,1
"int.mw",ICANN,"int.mw",3,1
"net.mw",ICANN,"*.net.mw",3,1
"net.mw",ICANN,"net.mw",3,1
"org.mw",ICANN,"*.org.mw",3,1
"org.mw",ICANN,"org.mw",3,1
"com.mx",ICANN,"*.com.mx",3,1
"com.mx",ICANN,"com.mx",3,1
"edu.mx",ICANN,"*.edu.mx",3,1
"edu.mx",ICANN,"edu.mx",3,1
"gob.mx",ICANN,"*.gob.mx",3,1
"gob.mx",ICANN,"gob.mx",3,1
"net.mx",ICANN,"*.net.mx",3,1
"net.mx",ICANN,"net.mx",3,1
"org.mx",ICANN,"*.org.mx",3,1
"org.mx",ICANN,"org.mx",3,1
"biz.my",ICANN,"*.biz.my",3,1
"biz.my",ICANN,"biz.my",3,1
"com.my",ICANN,"*.com.my",3,1
"com.my",ICANN,"com.my",3,1
"edu.my",ICANN,"*.edu.my",3,1
"edu.my",ICANN,"edu.my",3,1
"gov.my",ICANN,"*.gov.my",3,1
"gov.my",ICANN,"gov.my",3,1
"mil.my",ICANN,"*.mil.my",3,1
"mil.my",ICANN,"mil.my",3,1
"name.my",ICANN,"*.name.my",3,1
"name.my",ICANN,"name.my",3,1
"net.my",ICANN,"*.net.my",3,1
"net.my",ICANN,"net.my",3,1
"org.my",ICANN,"*.org.my",3,1
"org.my",ICANN,"org.my",3,1
"ac.mz",ICANN,"*.ac.mz",3,1
"ac.mz",ICANN,"ac.mz",3,1
"adv.mz",ICANN,"*.adv.mz",3,1
"adv.mz",ICANN,"adv.mz",3,1
"co.mz",ICANN,"*.co.mz",3,1
"co.mz",ICANN,"co.mz",3,1
"edu.mz",ICANN,"*.edu.mz",3,1
"edu.mz",ICANN,"edu.mz",3,1
"gov.mz",ICANN,"*.gov.mz",3,1
"gov.mz",ICANN,"gov.mz",3,1
"mil.mz",ICANN,"*.mil.mz",3,1
"mil.mz",ICANN,"mil.mz",3,1
"net.mz",ICANN,"*.net.mz",3,1
"net.mz",ICANN,"net.mz",3,1
"org.mz",ICANN,"*.org.mz",3,1
"org.mz",ICANN,"org.mz",3,1
"alt.na",ICANN,"*.alt.na",3,1
"alt.na",ICANN,"alt.na",3,1
"co.na",ICANN,"*.co.na",3,1
"co.na",ICANN,"co.na",3,1
"com.na",ICANN,"*.com.na",3,1
"com.na",ICANN,"com.na",3,1
"gov.na",ICANN,"*.gov.na",3,1
"gov.na",ICANN,"gov.na",3,1
"net.na",ICANN,"*.net.na",3,1
"net.na",ICANN,"net.na",3,1
"org.na",ICANN,"*.org.na",3,1
"org.na",ICANN,"org.na",3,1
"asso.nc",ICANN,"*.asso.nc",3,1
"asso.nc",ICANN,"asso.nc",3,1
"nom.nc",ICANN,"*.nom.nc",3,1
"nom.nc",ICANN,"nom.nc",3,1
"arts.nf",ICANN,"*.arts.nf",3,1
"arts.nf",ICANN,"arts.nf",3,1
"com.nf",ICANN,"*.com.nf",3,1
"com.nf",ICANN,"com.nf",3,1
"firm.nf",ICANN,"*.firm.nf",3,1
"firm.nf",ICANN,"firm.nf",3,1
"info.nf",ICANN,"*.info.nf",3,1
"info.nf",ICANN,"info.nf",3,1
"net.nf",ICANN,"*.net.nf",3,1
"net.nf",ICANN,"net.nf",3,1
"other.nf",ICANN,"*.other.nf",3,1
"other.nf",ICANN,"other.nf",3,1
"per.nf",ICANN,"*.per.nf",3,1
"per.nf",ICANN,"per.nf",3,1
"rec.nf",ICANN,"*.rec.nf",3,1
"rec.nf",ICANN,"rec.nf",3,1
"store.nf",ICANN,"*.store.nf",3,1
"store.nf",ICANN,"store.nf",3,1
"web.nf",ICANN,"*.web.nf",3,1
"web.nf",ICANN,"web.nf",3,1
"com.ng",ICANN,"*.com.ng",3,1
"com.ng",ICANN,"com.ng",3,1
"edu.ng",ICANN,"*.edu.ng",3,1
"edu.ng",ICANN,"edu.ng",3,1
"gov.ng",ICANN,"*.gov.ng",3,1
"gov.ng",ICANN,"gov.ng",3,1
"i.ng",ICANN,"*.i.ng",3,1
"i.ng",ICANN,"i.ng",3,1
"mil.ng",ICANN,"*.mil.ng",3,1
"mil.ng",ICANN,"mil.ng",3,1
"mobi.ng",ICANN,"*.mobi.ng",3,1
"mobi.ng",ICANN,"mobi.ng",3,1
"name.ng",ICANN,"*.name.ng",3,1
"name.ng",ICANN,"name.ng",3,1
"net.ng",ICANN,"*.net.ng",3,1
"net.ng",ICANN,"net.ng",3,1
"org.ng",ICANN,"*.org.ng",3,1
"org.ng",ICANN,"org.ng",3,1
"sch.ng",ICANN,"*.sch.ng",3,1
"sch.ng",ICANN,"sch.ng",3,1
"ac.ni",ICANN,"*.ac.ni",3,1
"ac.ni",ICANN,"ac.ni",3,1
"biz.ni",ICANN,"*.biz.ni",3,1
"biz.ni",ICANN,"biz.ni",3,1
"co.ni",ICANN,"*.co.ni",3,1
"co.ni",ICANN,"co.ni",3,1
"com.ni",ICANN,"*.com.ni",3,1
"com.ni",ICANN,"com.ni",3,1
"edu.ni",ICANN,"*.edu.ni",3,1
"edu.ni",ICANN,"edu.ni",3,1
"gob.ni",ICANN,"*.gob.ni",3,1
"gob.ni",ICANN,"gob.ni",3,1
"in.ni",ICANN,"*.in.ni",3,1
"in.ni",ICANN,"in.ni",3,1
"info.ni",ICANN,"*.info.ni",3,1
"info.ni",ICANN,"info.ni",3,1
"int.ni",ICANN,"*.int.ni",3,1
"int.ni",ICANN,"int.ni",3,1
"mil.ni",ICANN,"*.mil.ni",3,1
"mil.ni",ICANN,"mil.ni",3,1
"net.ni",ICANN,"*.net.ni",3,1
"net.ni",ICANN,"net.ni",3,1
"nom.ni",ICANN,"*.nom.ni",3,1
"nom.ni",ICANN,"nom.ni",3,1
"org.ni",ICANN,"*.org.ni",3,1
"org.ni",ICANN,"org.ni",3,1
"web.ni",ICANN,"*.web.ni",3,1
"web.ni",ICANN,"web.ni",3,1
"fhs.no",ICANN,"*.fhs.no",3,1
"fhs.no",ICANN,"fhs.no",3,1
"folkebibl.no",ICANN,"*.folkebibl.no",3,1
"folkebibl.no",ICANN,"folkebibl.no",3,1
"fylkesbibl.no",ICANN,"*.fylkesbibl.no",3,1
"fylkesbibl.no",ICANN,"fylkesbibl.no",3,1
"idrett.no",ICANN,"*.idrett.no",3,1
"idrett.no",ICANN,"idrett.no",3,1
"museum.no",ICANN,"*.museum.no",3,1
"museum.no",ICANN,"museum.no",3,1
"priv.no",ICANN,"*.priv.no",3,1
"priv.no",ICANN,"priv.no",3,1
"vgs.no",ICANN,"*.vgs.no",3,1
"vgs.no",ICANN,"vgs.no",3,1
"dep.no",ICANN,"*.dep.no",3,1
"dep.no",ICANN,"dep.no",3,1
"herad.no",ICANN,"*.herad.no",3,1
"herad.no",ICANN,"herad.no",3,1
"kommune.no",ICANN,"*.kommune.no",3,1
"kommune.no",ICANN,"kommune.no",3,1
"mil.no",ICANN,"*.mil.no",3,1
"mil.no",ICANN,"mil.no",3,1
"stat.no",ICANN,"*.stat.no",3,1
"stat.no",ICANN,"stat.no",3,1
"aa.no",ICANN,"*.aa.no",3,1
"aa.no",ICANN,"aa.no",3,1
"ah.no",ICANN,"*.ah.no",3,1
"ah.no",ICANN,"ah.no",3,1
"bu.no",ICANN,"*.bu.no",3,1
"bu.no",ICANN,"bu.no",3,1
"fm.no",ICANN,"*.fm.no",3,1
"fm.no",ICANN,"fm.no",3,1
"hl.no",ICANN,"*.hl.no",3,1
"hl.no",ICANN,"hl.no",3,1
"hm.no",ICANN,"*.hm.no",3,1
"hm.no",ICANN,"hm.no",3,1
"jan-mayen.no",ICANN,"*.jan-mayen.no",3,1
"jan-mayen.no",ICANN,"jan-mayen.no",3,1
"mr.no",ICANN,"*.mr.no",3,1
"mr.no",ICANN,"mr.no",3,1
"nl.no",ICANN,"*.nl.no",3,1
"nl.no",ICANN,"nl.no",3,1
"nt.no",ICANN,"*.nt.no",3,1
"nt.no",ICANN,"nt.no",3,1
"of.no",ICANN,"*.of.no",3,1
"of.no",ICANN,"of.no",3,1
"ol.no",ICANN,"*.ol.no",3,1
"ol.no",ICANN,"ol.no",3,1
"oslo.no",ICANN,"*.oslo.no",3,1
"oslo.no",ICANN,"oslo.no",3,1
"rl.no",ICANN,"*.rl.no",3,1
"rl.no",ICANN,"rl.no",3,1
"sf.no",ICANN,"*.sf.no",3,1
"sf.no",ICANN,"sf.no",3,1
"st.no",ICANN,"*.st.no",3,1
"st.no",ICANN,"st.no",3,1
"svalbard.no",ICANN,"*.svalbard.no",3,1
"svalbard.no",ICANN,"svalbard.no",3,1
"tm.no",ICANN,"*.tm.no",3,1
"tm.no",ICANN,"tm.no",3,1
"tr.no",ICANN,"*.tr.no",3,1
"tr.no",ICANN,"tr.no",3,1
"va.no",ICANN,"*.va.no",3,1
"va.no",ICANN,"va.no",3,1
"vf.no",ICANN,"*.vf.no",3,1
"vf.no",ICANN,"vf.no",3,1
"akrehamn.no",ICANN,"*.akrehamn.no",3,1
"akrehamn.no",ICANN,"akrehamn.no",3,1
"åkrehamn.no",ICANN,"*.åkrehamn.no",3,1
"åkrehamn.no",ICANN,"åkrehamn.no",3,1
"åkrehamn.no",ICANN,"*.xn--krehamn-dxa.no",3,1
"åkrehamn.no",ICANN,"xn--krehamn-dxa.no",3,1
"algard.no",ICANN,"*.algard.no",3,1
"algard.no",ICANN,"algard.no",3,1
"ålgård.no",ICANN,"*.ålgård.no",3,1
"ålgård.no",ICANN,"ålgård.no",3,1
"ålgård.no",ICANN,"*.xn--lgrd-poac.no",3,1
"ålgård.no",ICANN,"xn--lgrd-poac.no",3,1
"arna.no",ICANN,"*.arna.no",3,1
"arna.no",ICANN,"arna.no",3,1
"bronnoysund.no",ICANN,"*.bronnoysund.no",3,1
"bronnoysund.no",ICANN,"bronnoysund.no",3,1
"brønnøysund.no",ICANN,"*.brønnøysund.no",3,1
"brønnøysund.no",ICANN,"brønnøysund.no",3,1
"brønnøysund.no",ICANN,"*.xn--brnnysund-m8ac.no",3,1
"brønnøysund.no",ICANN,"xn--brnnysund-m8ac.no",3,1
"brumunddal.no",ICANN,"*.brumunddal.no",3,1
"brumunddal.no",ICANN,"brumunddal.no",3,1
"bryne.no",ICANN,"*.bryne.no",3,1
"bryne.no",ICANN,"bryne.no",3,1
"drobak.no",ICANN,"*.drobak.no",3,1
"drobak.no",ICANN,"drobak.no",3,1
"drøbak.no",ICANN,"*.drøbak.no",3,1
"drøbak.no",ICANN,"drøbak.no",3,1
"drøbak.no",ICANN,"*.xn--drbak-wua.no",3,1
"drøbak.no",ICANN,"xn--drbak-wua.no",3,1
"egersund.no",ICANN,"*.egersund.no",3,1
"egersund.no",ICANN,"egersund.no",3,1
"fetsund.no",ICANN,"*.fetsund.no",3,1
"fetsund.no",ICANN,"fetsund.no",3,1
"floro.no",ICANN,"*.floro.no",3,1
"floro.no",ICANN,"floro.no",3,1
"florø.no",ICANN,"*.florø.no",3,1
"florø.no",ICANN,"florø.no",3,1
"florø.no",ICANN,"*.xn--flor-jra.no",3,1
"florø.no",ICANN,"xn--flor-jra.no",3,1
"fredrikstad.no",ICANN,"*.fredrikstad.no",3,1
"fredrikstad.no",ICANN,"fredrikstad.no",3,1
"hokksund.no",ICANN,"*.hokksund.no",3,1
"hokksund.no",ICANN,"hokksund.no",3,1
"honefoss.no",ICANN,"*.honefoss.no",3,1
"honefoss.no",ICANN,"honefoss.no",3,1
"hønefoss.no",ICANN,"*.hønefoss.no",3,1
"hønefoss.no",ICANN,"hønefoss.no",3,1
"hønefoss.no",ICANN,"*.xn--hnefoss-q1a.no",3,1
"hønefoss.no",ICANN,"xn--hnefoss-q1a.no",3,1
"jessheim.no",ICANN,"*.jessheim.no",3,1
"jessheim.no",ICANN,"jessheim.no",3,1
"jorpeland.no",ICANN,"*.jorpeland.no",3,1
"jorpeland.no",ICANN,"jorpeland.no",3,1
"jørpeland.no",ICANN,"*.jørpeland.no",3,1
"jørpeland.no",ICANN,"jørpeland.no",3,1
"jørpeland.no",ICANN,"*.xn--jrpeland-54a.no",3,1
"jørpeland.no",ICANN,"xn--jrpeland-54a.no",3,1
"kirkenes.no",ICANN,"*.kirkenes.no",3,1
"kirkenes.no",ICANN,"kirkenes.no",3,1
"kopervik.no",ICANN,"*.kopervik.no",3,1
"kopervik.no",ICANN,"kopervik.no",3,1
"krokstadelva.no",ICANN,"*.krokstadelva.no",3,1
"krokstadelva.no",ICANN,"krokstadelva.no",3,1
"langevag.no",ICANN,"*.langevag.no",3,1
"langevag.no",ICANN,"langevag.no",3,1
"langevåg.no",ICANN,"*.langevåg.no",3,1
"langevåg.no",ICANN,"langevåg.no",3,1
"langevåg.no",ICANN,"*.xn--langevg-jxa.no",3,1
"langevåg.no",ICANN,"xn--langevg-jxa.no",3,1
"leirvik.no",ICANN,"*.leirvik.no",3,1
"leirvik.no",ICANN,"leirvik.no",3,1
"mjondalen.no",ICANN,"*.mjondalen.no",3,1
"mjondalen.no",ICANN,"mjondalen.no",3,1
"mjøndalen.no",ICANN,"*.mjøndalen.no",3,1
"mjøndalen.no",ICANN,"mjøndalen.no",3,1
"mjøndalen.no",ICANN,"*.xn--mjndalen-64a.no",3,1
"mjøndalen.no",ICANN,"xn--mjndalen-64a.no",3,1
"mo-i-rana.no",ICANN,"*.mo-i-rana.no",3,1
"mo-i-rana.no",ICANN,"mo-i-rana.no",3,1
"mosjoen.no",ICANN,"*.mosjoen.no",3,1
"mosjoen.no",ICANN,"mosjoen.no",3,1
"mosjøen.no",ICANN,"*.mosjøen.no",3,1
"mosjøen.no",ICANN,"mosjøen.no",3,1
"mosjøen.no",ICANN,"*.xn--mosjen-eya.no",3,1
"mosjøen.no",ICANN,"xn--mosjen-eya.no",3,1
"nesoddtangen.no",ICANN,"*.nesoddtangen.no",3,1
"nesoddtangen.no",ICANN,"nesoddtangen.no",3,1
"orkanger.no",ICANN,"*.orkanger.no",3,1
"orkanger.no",ICANN,"orkanger.no",3,1
"osoyro.no",ICANN,"*.osoyro.no",3,1
"osoyro.no",ICANN,"osoyro.no",3,1
"osøyro.no",ICANN,"*.osøyro.no",3,1
"osøyro.no",ICANN,"osøyro.no",3,1
"osøyro.no",ICANN,"*.xn--osyro-wua.no",3,1
"osøyro.no",ICANN,"xn--osyro-wua.no",3,1
"raholt.no",ICANN,"*.raholt.no",3,1
"raholt.no",ICANN,"raholt.no",3,1
"råholt.no",ICANN,"*.råholt.no",3,1
"råholt.no",ICANN,"råholt.no",3,1
"råholt.no",ICANN,"*.xn--rholt-mra.no",3,1
"råholt.no",ICANN,"xn--rholt-mra.no",3,1
"sandnessjoen.no",ICANN,"*.sandnessjoen.no",3,1
"sandnessjoen.no",ICANN,"sandnessjoen.no",3,1
"sandnessjøen.no",ICANN,"*.sandnessjøen.no",3,1
"sandnessjøen.no",ICANN,"sandnessjøen.no",3,1
"sandnessjøen.no",ICANN,"*.xn--sandnessjen-ogb.no",3,1
"sandnessjøen.no",ICANN,"xn--sandnessjen-ogb.no",3,1
"skedsmokorset.no",ICANN,"*.skedsmokorset.no",3,1
"skedsmokorset.no",ICANN,"skedsmokorset.no",3,1
"slattum.no",ICANN,"*.slattum.no",3,1
"slattum.no",ICANN,"slattum.no",3,1
"spjelkavik.no",ICANN,"*.spjelkavik.no",3,1
"spjelkavik.no",ICANN,"spjelkavik.no",3,1
"stathelle.no",ICANN,"*.stathelle.no",3,1
"stathelle.no",ICANN,"stathelle.no",3,1
"stavern.no",ICANN,"*.stavern.no",3,1
"stavern.no",ICANN,"stavern.no",3,1
"stjordalshalsen.no",ICANN,"*.stjordalshalsen.no",3,1
"stjordalshalsen.no",ICANN,"stjordalshalsen.no",3,1
"stjørdalshalsen.no",ICANN,"*.stjørdalshalsen.no",3,1
"stjørdalshalsen.no",ICANN,"stjørdalshalsen.no",3,1
"stjørdalshalsen.no",ICANN,"*.xn--stjrdalshalsen-sqb.no",3,1
"stjørdalshalsen.no",ICANN,"xn--stjrdalshalsen-sqb.no",3,1
"tananger.no",ICANN,"*.tananger.no",3,1
"tananger.no",ICANN,"tananger.no",3,1
"tranby.no",ICANN,"*.tranby.no",3,1
"tranby.no",ICANN,"tranby.no",3,1
"vossevangen.no",ICANN,"*.vossevangen.no",3,1
"vossevangen.no",ICANN,"vossevangen.no",3,1
"aarborte.no",ICANN,"*.aarborte.no",3,1
"aarborte.no",ICANN,"aarborte.no",3,1
"aejrie.no",ICANN,"*.aejrie.no",3,1
"aejrie.no",ICANN,"aejrie.no",3,1
"afjord.no",ICANN,"*.afjord.no",3,1
"afjord.no",ICANN,"afjord.no",3,1
"åfjord.no",ICANN,"*.åfjord.no",3,1
"åfjord.no",ICANN,"åfjord.no",3,1
"åfjord.no",ICANN,"*.xn--fjord-lra.no",3,1
"åfjord.no",ICANN,"xn--fjord-lra.no",3,1
"agdenes.no",ICANN,"*.agdenes.no",3,1
"agdenes.no",ICANN,"agdenes.no",3,1
"aknoluokta.no",ICANN,"*.aknoluokta.no",3,1
"aknoluokta.no",ICANN,"aknoluokta.no",3,1
"ákŋoluokta.no",ICANN,"*.ákŋoluokta.no",3,1
"ákŋoluokta.no",ICANN,"ákŋoluokta.no",3,1
"ákŋoluokta.no",ICANN,"*.xn--koluokta-7ya57h.no",3,1
"ákŋoluokta.no",ICANN,"xn--koluokta-7ya57h.no",3,1
"al.no",ICANN,"*.al.no",3,1
"al.no",ICANN,"al.no",3,1
"ål.no",ICANN,"*.ål.no",3,1
"ål.no",ICANN,"ål.no",3,1
"ål.no",ICANN,"*.xn--l-1fa.no",3,1
"ål.no",ICANN,"xn--l-1fa.no",3,1
"alaheadju.no",ICANN,"*.alaheadju.no",3,1
"alaheadju.no",ICANN,"alaheadju.no",3,1
"álaheadju.no",ICANN,"*.álaheadju.no",3,1
"álaheadju.no",ICANN,"álaheadju.no",3,1
"álaheadju.no",ICANN,"*.xn--laheadju-7ya.no",3,1
"álaheadju.no",ICANN,"xn--laheadju-7ya.no",3,1
"alesund.no",ICANN,"*.alesund.no",3,1
"alesund.no",ICANN,"alesund.no",3,1
"ålesund.no",ICANN,"*.ålesund.no",3,1
"ålesund.no",ICANN,"ålesund.no",3,1
"ålesund.no",ICANN,"*.xn--lesund-hua.no",3,1
"ålesund.no",ICANN,"xn--lesund-hua.no",3,1
"alstahaug.no",ICANN,"*.alstahaug.no",3,1
"alstahaug.no",ICANN,"alstahaug.no",3,1
"alta.no",ICANN,"*.alta.no",3,1
"alta.no",ICANN,"alta.no",3,1
"áltá.no",ICANN,"*.áltá.no",3,1
"áltá.no",ICANN,"áltá.no",3,1
"áltá.no",ICANN,"*.xn--lt-liac.no",3,1
"áltá.no",ICANN,"xn--lt-liac.no",3,1
"alvdal.no",ICANN,"*.alvdal.no",3,1
"alvdal.no",ICANN,"alvdal.no",3,1
"amli.no",ICANN,"*.amli.no",3,1
"amli.no",ICANN,"amli.no",3,1
"åmli.no",ICANN,"*.åmli.no",3,1
"åmli.no",ICANN,"åmli.no",3,1
"åmli.no",ICANN,"*.xn--mli-tla.no",3,1
"åmli.no",ICANN,"xn--mli-tla.no",3,1
"amot.no",ICANN,"*.amot.no",3,1
"amot.no",ICANN,"amot.no",3,1
"åmot.no",ICANN,"*.åmot.no",3,1
"åmot.no",ICANN,"åmot.no",3,1
"åmot.no",ICANN,"*.xn--mot-tla.no",3,1
"åmot.no",ICANN,"xn--mot-tla.no",3,1
"andasuolo.no",ICANN,"*.andasuolo.no",3,1
"andasuolo.no",ICANN,"andasuolo.no",3,1
"andebu.no",ICANN,"*.andebu.no",3,1
"andebu.no",ICANN,"andebu.no",3,1
"andoy.no",ICANN,"*.andoy.no",3,1
"andoy.no",ICANN,"andoy.no",3,1
"andøy.no",ICANN,"*.andøy.no",3,1
"andøy.no",ICANN,"andøy.no",3,1
"andøy.no",ICANN,"*.xn--andy-ira.no",3,1
"andøy.no",ICANN,"xn--andy-ira.no",3,1
"ardal.no",ICANN,"*.ardal.no",3,1
"ardal.no",ICANN,"ardal.no",3,1
"årdal.no",ICANN,"*.årdal.no",3,1
"årdal.no",ICANN,"årdal.no",3,1
"årdal.no",ICANN,"*.xn--rdal-poa.no",3,1
"årdal.no",ICANN,"xn--rdal-poa.no",3,1
"aremark.no",ICANN,"*.aremark.no",3,1
"aremark.no",ICANN,"aremark.no",3,1
"arendal.no",ICANN,"*.arendal.no",3,1
"arendal.no",ICANN,"arendal.no",3,1
"ås.no",ICANN,"*.ås.no",3,1
"ås.no",ICANN,"ås.no",3,1
"ås.no",ICANN,"*.xn--s-1fa.no",3,1
"ås.no",ICANN,"xn--s-1fa.no",3,1
"aseral.no",ICANN,"*.aseral.no",3,1
"aseral.no",ICANN,"aseral.no",3,1
"åseral.no",ICANN,"*.åseral.no",3,1
"åseral.no",ICANN,"åseral.no",3,1
"åseral.no",ICANN,"*.xn--seral-lra.no",3,1
"åseral.no",ICANN,"xn--seral-lra.no",3,1
"asker.no",ICANN,"*.asker.no",3,1
"asker.no",ICANN,"asker.no",3,1
"askim.no",ICANN,"*.askim.no",3,1
"askim.no",ICANN,"askim.no",3,1
"askoy.no",ICANN,"*.askoy.no",3,1
"askoy.no",ICANN,"askoy.no",3,1
"askøy.no",ICANN,"*.askøy.no",3,1
"askøy.no",ICANN,"askøy.no",3,1
"askøy.no",ICANN,"*.xn--asky-ira.no",3,1
"askøy.no",ICANN,"xn--asky-ira.no",3,1
"askvoll.no",ICANN,"*.askvoll.no",3,1
"askvoll.no",ICANN,"askvoll.no",3,1
"asnes.no",ICANN,"*.asnes.no",3,1
"asnes.no",ICANN,"asnes.no",3,1
"åsnes.no",ICANN,"*.åsnes.no",3,1
"åsnes.no",ICANN,"åsnes.no",3,1
"åsnes.no",ICANN,"*.xn--snes-poa.no",3,1
"åsnes.no",ICANN,"xn--snes-poa.no",3,1
"audnedaln.no",ICANN,"*.audnedaln.no",3,1
"audnedaln.no",ICANN,"audnedaln.no",3,1
"aukra.no",ICANN,"*.aukra.no",3,1
"aukra.no",ICANN,"aukra.no",3,1
"aure.no",ICANN,"*.aure.no",3,1
"aure.no",ICANN,"aure.no",3,1
"aurland.no",ICANN,"*.aurland.no",3,1
"aurland.no",ICANN,"aurland.no",3,1
"aurskog-holand.no",ICANN,"*.aurskog-holand.no",3,1
"aurskog-holand.no",ICANN,"aurskog-holand.no",3,1
"aurskog-høland.no",ICANN,"*.aurskog-høland.no",3,1
"aurskog-høland.no",ICANN,"aurskog-høland.no",3,1
"aurskog-høland.no",ICANN,"*.xn--aurskog-hland-jnb.no",3,1
"aurskog-høland.no",ICANN,"xn--aurskog-hland-jnb.no",3,1
"austevoll.no",ICANN,"*.austevoll.no",3,1
"austevoll.no",ICANN,"austevoll.no",3,1
"austrheim.no",ICANN,"*.austrheim.no",3,1
"austrheim.no",ICANN,"austrheim.no",3,1
"averoy.no",ICANN,"*.averoy.no",3,1
"averoy.no",ICANN,"averoy.no",3,1
"averøy.no",ICANN,"*.averøy.no",3,1
"averøy.no",ICANN,"averøy.no",3,1
"averøy.no",ICANN,"*.xn--avery-yua.no",3,1
"averøy.no",ICANN,"xn--avery-yua.no",3,1
"badaddja.no",ICANN,"*.badaddja.no",3,1
"badaddja.no",ICANN,"badaddja.no",3,1
"bådåddjå.no",ICANN,"*.bådåddjå.no",3,1
"bådåddjå.no",ICANN,"bådåddjå.no",3,1
"bådåddjå.no",ICANN,"*.xn--bdddj-mrabd.no",3,1
"bådåddjå.no",ICANN,"xn--bdddj-mrabd.no",3,1
"bærum.no",ICANN,"*.bærum.no",3,1
"bærum.no",ICANN,"bærum.no",3,1
"bærum.no",ICANN,"*.xn--brum-voa.no",3,1
"bærum.no",ICANN,"xn--brum-voa.no",3,1
"bahcavuotna.no",ICANN,"*.bahcavuotna.no",3,1
"bahcavuotna.no",ICANN,"bahcavuotna.no",3,1
"báhcavuotna.no",ICANN,"*.báhcavuotna.no",3,1
"báhcavuotna.no",ICANN,"báhcavuotna.no",3,1
"báhcavuotna.no",ICANN,"*.xn--bhcavuotna-s4a.no",3,1
"báhcavuotna.no",ICANN,"xn--bhcavuotna-s4a.no",3,1
"bahccavuotna.no",ICANN,"*.bahccavuotna.no",3,1
"bahccavuotna.no",ICANN,"bahccavuotna.no",3,1
"báhccavuotna.no",ICANN,"*.báhccavuotna.no",3,1
"báhccavuotna.no",ICANN,"báhccavuotna.no",3,1
"báhccavuotna.no",ICANN,"*.xn--bhccavuotna-k7a.no",3,1
"báhccavuotna.no",ICANN,"xn--bhccavuotna-k7a.no",3,1
"baidar.no",ICANN,"*.baidar.no",3,1
"baidar.no",ICANN,"baidar.no",3,1
"báidár.no",ICANN,"*.báidár.no",3,1
"báidár.no",ICANN,"báidár.no",3,1
"báidár.no",ICANN,"*.xn--bidr-5nac.no",3,1
"báidár.no",ICANN,"xn--bidr-5nac.no",3,1
"bajddar.no",ICANN,"*.bajddar.no",3,1
"bajddar.no",ICANN,"bajddar.no",3,1
"bájddar.no",ICANN,"*.bájddar.no",3,1
"bájddar.no",ICANN,"bájddar.no",3,1
"bájddar.no",ICANN,"*.xn--bjddar-pta.no",3,1
"bájddar.no",ICANN,"xn--bjddar-pta.no",3,1
"balat.no",ICANN,"*.balat.no",3,1
"balat.no",ICANN,"balat.no",3,1
"bálát.no",ICANN,"*.bálát.no",3,1
"bálát.no",ICANN,"bálát.no",3,1
"bálát.no",ICANN,"*.xn--blt-elab.no",3,1
"bálát.no",ICANN,"xn--blt-elab.no",3,1
"balestrand.no",ICANN,"*.balestrand.no",3,1
"balestrand.no",ICANN,"balestrand.no",3,1
"ballangen.no",ICANN,"*.ballangen.no",3,1
"ballangen.no",ICANN,"ballangen.no",3,1
"balsfjord.no",ICANN,"*.balsfjord.no",3,1
"balsfjord.no",ICANN,"balsfjord.no",3,1
"bamble.no",ICANN,"*.bamble.no",3,1
"bamble.no",ICANN,"bamble.no",3,1
"bardu.no",ICANN,"*.bardu.no",3,1
"bardu.no",ICANN,"bardu.no",3,1
"barum.no",ICANN,"*.barum.no",3,1
"barum.no",ICANN,"barum.no",3,1
"batsfjord.no",ICANN,"*.batsfjord.no",3,1
"batsfjord.no",ICANN,"batsfjord.no",3,1
"båtsfjord.no",ICANN,"*.båtsfjord.no",3,1
"båtsfjord.no",ICANN,"båtsfjord.no",3,1
"båtsfjord.no",ICANN,"*.xn--btsfjord-9za.no",3,1
"båtsfjord.no",ICANN,"xn--btsfjord-9za.no",3,1
"bearalvahki.no",ICANN,"*.bearalvahki.no",3,1
"bearalvahki.no",ICANN,"bearalvahki.no",3,1
"bearalváhki.no",ICANN,"*.bearalváhki.no",3,1
"bearalváhki.no",ICANN,"bearalváhki.no",3,1
"bearalváhki.no",ICANN,"*.xn--bearalvhki-y4a.no",3,1
"bearalváhki.no",ICANN,"xn--bearalvhki-y4a.no",3,1
"beardu.no",ICANN,"*.beardu.no",3,1
"beardu.no",ICANN,"beardu.no",3,1
"beiarn.no",ICANN,"*.beiarn.no",3,1
"beiarn.no",ICANN,"beiarn.no",3,1
"berg.no",ICANN,"*.berg.no",3,1
"berg.no",ICANN,"berg.no",3,1
"bergen.no",ICANN,"*.bergen.no",3,1
"bergen.no",ICANN,"bergen.no",3,1
"berlevag.no",ICANN,"*.berlevag.no",3,1
"berlevag.no",ICANN,"berlevag.no",3,1
"berlevåg.no",ICANN,"*.berlevåg.no",3,1
"berlevåg.no",ICANN,"berlevåg.no",3,1
"berlevåg.no",ICANN,"*.xn--berlevg-jxa.no",3,1
"berlevåg.no",ICANN,"xn--berlevg-jxa.no",3,1
"bievat.no",ICANN,"*.bievat.no",3,1
"bievat.no",ICANN,"bievat.no",3,1
"bievát.no",ICANN,"*.bievát.no",3,1
"bievát.no",ICANN,"bievát.no",3,1
"bievát.no",ICANN,"*.xn--bievt-0qa.no",3,1
"bievát.no",ICANN,"xn--bievt-0qa.no",3,1
"bindal.no",ICANN,"*.bindal.no",3,1
"bindal.no",ICANN,"bindal.no",3,1
"birkenes.no",ICANN,"*.birkenes.no",3,1
"birkenes.no",ICANN,"birkenes.no",3,1
"bjarkoy.no",ICANN,"*.bjarkoy.no",3,1
"bjarkoy.no",ICANN,"bjarkoy.no",3,1
"bjarkøy.no",ICANN,"*.bjarkøy.no",3,1
"bjarkøy.no",ICANN,"bjarkøy.no",3,1
"bjarkøy.no",ICANN,"*.xn--bjarky-fya.no",3,1
"bjarkøy.no",ICANN,"xn--bjarky-fya.no",3,1
"bjerkreim.no",ICANN,"*.bjerkreim.no",3,1
"bjerkreim.no",ICANN,"bjerkreim.no",3,1
"bjugn.no",ICANN,"*.bjugn.no",3,1
"bjugn.no",ICANN,"bjugn.no",3,1
"bodo.no",ICANN,"*.bodo.no",3,1
"bodo.no",ICANN,"bodo.no",3,1
"bodø.no",ICANN,"*.bodø.no",3,1
"bodø.no",ICANN,"bodø.no",3,1
"bodø.no",ICANN,"*.xn--bod-2na.no",3,1
"bodø.no",ICANN,"xn--bod-2na.no",3,1
"bokn.no",ICANN,"*.bokn.no",3,1
"bokn.no",ICANN,"bokn.no",3,1
"bomlo.no",ICANN,"*.bomlo.no",3,1
"bomlo.no",ICANN,"bomlo.no",3,1
"bømlo.no",ICANN,"*.bømlo.no",3,1
"bømlo.no",ICANN,"bømlo.no",3,1
"bømlo.no",ICANN,"*.xn--bmlo-gra.no",3,1
"bømlo.no",ICANN,"xn--bmlo-gra.no",3,1
"bremanger.no",ICANN,"*.bremanger.no",3,1
"bremanger.no",ICANN,"bremanger.no",3,1
"bronnoy.no",ICANN,"*.bronnoy.no",3,1
"bronnoy.no",ICANN,"bronnoy.no",3,1
"brønnøy.no",ICANN,"*.brønnøy.no",3,1
"brønnøy.no",ICANN,"brønnøy.no",3,1
"brønnøy.no",ICANN,"*.xn--brnny-wuac.no",3,1
"brønnøy.no",ICANN,"xn--brnny-wuac.no",3,1
"budejju.no",ICANN,"*.budejju.no",3,1
"budejju.no",ICANN,"budejju.no",3,1
"bygland.no",ICANN,"*.bygland.no",3,1
"bygland.no",ICANN,"bygland.no",3,1
"bykle.no",ICANN,"*.bykle.no",3,1
"bykle.no",ICANN,"bykle.no",3,1
"cahcesuolo.no",ICANN,"*.cahcesuolo.no",3,1
"cahcesuolo.no",ICANN,"cahcesuolo.no",3,1
"čáhcesuolo.no",ICANN,"*.čáhcesuolo.no",3,1
"čáhcesuolo.no",ICANN,"čáhcesuolo.no",3,1
"čáhcesuolo.no",ICANN,"*.xn--hcesuolo-7ya35b.no",3,1
"čáhcesuolo.no",ICANN,"xn--hcesuolo-7ya35b.no",3,1
"davvenjarga.no",ICANN,"*.davvenjarga.no",3,1
"davvenjarga.no",ICANN,"davvenjarga.no",3,1
"davvenjárga.no",ICANN,"*.davvenjárga.no",3,1
"davvenjárga.no",ICANN,"davvenjárga.no",3,1
"davvenjárga.no",ICANN,"*.xn--davvenjrga-y4a.no",3,1
"davvenjárga.no",ICANN,"xn--davvenjrga-y4a.no",3,1
"davvesiida.no",ICANN,"*.davvesiida.no",3,1
"davvesiida.no",ICANN,"davvesiida.no",3,1
"deatnu.no",ICANN,"*.deatnu.no",3,1
"deatnu.no",ICANN,"deatnu.no",3,1
"dielddanuorri.no",ICANN,"*.dielddanuorri.no",3,1
"dielddanuorri.no",ICANN,"dielddanuorri.no",3,1
"divtasvuodna.no",ICANN,"*.divtasvuodna.no",3,1
"divtasvuodna.no",ICANN,"divtasvuodna.no",3,1
"divttasvuotna.no",ICANN,"*.divttasvuotna.no",3,1
"divttasvuotna.no",ICANN,"divttasvuotna.no",3,1
"donna.no",ICANN,"*.donna.no",3,1
"donna.no",ICANN,"donna.no",3,1
"dønna.no",ICANN,"*.dønna.no",3,1
"dønna.no",ICANN,"dønna.no",3,1
"dønna.no",ICANN,"*.xn--dnna-gra.no",3,1
"dønna.no",ICANN,"xn--dnna-gra.no",3,1
"dovre.no",ICANN,"*.dovre.no",3,1
"dovre.no",ICANN,"dovre.no",3,1
"drammen.no",ICANN,"*.drammen.no",3,1
"drammen.no",ICANN,"drammen.no",3,1
"drangedal.no",ICANN,"*.drangedal.no",3,1
"drangedal.no",ICANN,"drangedal.no",3,1
"dyroy.no",ICANN,"*.dyroy.no",3,1
"dyroy.no",ICANN,"dyroy.no",3,1
"dyrøy.no",ICANN,"*.dyrøy.no",3,1
"dyrøy.no",ICANN,"dyrøy.no",3,1
"dyrøy.no",ICANN,"*.xn--dyry-ira.no",3,1
"dyrøy.no",ICANN,"xn--dyry-ira.no",3,1
"eid.no",ICANN,"*.eid.no",3,1
"eid.no",ICANN,"eid.no",3,1
"eidfjord.no",ICANN,"*.eidfjord.no",3,1
"eidfjord.no",ICANN,"eidfjord.no",3,1
"eidsberg.no",ICANN,"*.eidsberg.no",3,1
"eidsberg.no",ICANN,"eidsberg.no",3,1
"eidskog.no",ICANN,"*.eidskog.no",3,1
"eidskog.no",ICANN,"eidskog.no",3,1
"eidsvoll.no",ICANN,"*.eidsvoll.no",3,1
"eidsvoll.no",ICANN,"eidsvoll.no",3,1
"eigersund.no",ICANN,"*.eigersund.no",3,1
"eigersund.no",ICANN,"eigersund.no",3,1
"elverum.no",ICANN,"*.elverum.no",3,1
"elverum.no",ICANN,"elverum.no",3,1
"enebakk.no",ICANN,"*.enebakk.no",3,1
"enebakk.no",ICANN,"enebakk.no",3,1
"engerdal.no",ICANN,"*.engerdal.no",3,1
"engerdal.no",ICANN,"engerdal.no",3,1
"etne.no",ICANN,"*.etne.no",3,1
"etne.no",ICANN,"etne.no",3,1
"etnedal.no",ICANN,"*.etnedal.no",3,1
"etnedal.no",ICANN,"etnedal.no",3,1
"evenassi.no",ICANN,"*.evenassi.no",3,1
"evenassi.no",ICANN,"evenassi.no",3,1
"evenášši.no",ICANN,"*.evenášši.no",3,1
"evenášši.no",ICANN,"evenášši.no",3,1
"evenášši.no",ICANN,"*.xn--eveni-0qa01ga.no",3,1
"evenášši.no",ICANN,"xn--eveni-0qa01ga.no",3,1
"evenes.no",ICANN,"*.evenes.no",3,1
"evenes.no",ICANN,"evenes.no",3,1
"evje-og-hornnes.no",ICANN,"*.evje-og-hornnes.no",3,1
"evje-og-hornnes.no",ICANN,"evje-og-hornnes.no",3,1
"farsund.no",ICANN,"*.farsund.no",3,1
"farsund.no",ICANN,"farsund.no",3,1
"fauske.no",ICANN,"*.fauske.no",3,1
"fauske.no",ICANN,"fauske.no",3,1
"fedje.no",ICANN,"*.fedje.no",3,1
"fedje.no",ICANN,"fedje.no",3,1
"fet.no",ICANN,"*.fet.no",3,1
"fet.no",ICANN,"fet.no",3,1
"finnoy.no",ICANN,"*.finnoy.no",3,1
"finnoy.no",ICANN,"finnoy.no",3,1
"finnøy.no",ICANN,"*.finnøy.no",3,1
"finnøy.no",ICANN,"finnøy.no",3,1
"finnøy.no",ICANN,"*.xn--finny-yua.no",3,1
"finnøy.no",ICANN,"xn--finny-yua.no",3,1
"fitjar.no",ICANN,"*.fitjar.no",3,1
"fitjar.no",ICANN,"fitjar.no",3,1
"fjaler.no",ICANN,"*.fjaler.no",3,1
"fjaler.no",ICANN,"fjaler.no",3,1
"fjell.no",ICANN,"*.fjell.no",3,1
"fjell.no",ICANN,"fjell.no",3,1
"fla.no",ICANN,"*.fla.no",3,1
"fla.no",ICANN,"fla.no",3,1
"flå.no",ICANN,"*.flå.no",3,1
"flå.no",ICANN,"flå.no",3,1
"flå.no",ICANN,"*.xn--fl-zia.no",3,1
"flå.no",ICANN,"xn--fl-zia.no",3,1
"flakstad.no",ICANN,"*.flakstad.no",3,1
"flakstad.no",ICANN,"flakstad.no",3,1
"flatanger.no",ICANN,"*.flatanger.no",3,1
"flatanger.no",ICANN,"flatanger.no",3,1
"flekkefjord.no",ICANN,"*.flekkefjord.no",3,1
"flekkefjord.no",ICANN,"flekkefjord.no",3,1
"flesberg.no",ICANN,"*.flesberg.no",3,1
"flesberg.no",ICANN,"flesberg.no",3,1
"flora.no",ICANN,"*.flora.no",3,1
"flora.no",ICANN,"flora.no",3,1
"folldal.no",ICANN,"*.folldal.no",3,1
"folldal.no",ICANN,"folldal.no",3,1
"forde.no",ICANN,"*.forde.no",3,1
"forde.no",ICANN,"forde.no",3,1
"førde.no",ICANN,"*.førde.no",3,1
"førde.no",ICANN,"førde.no",3,1
"førde.no",ICANN,"*.xn--frde-gra.no",3,1
"førde.no",ICANN,"xn--frde-gra.no",3,1
"forsand.no",ICANN,"*.forsand.no",3,1
"forsand.no",ICANN,"forsand.no",3,1
"fosnes.no",ICANN,"*.fosnes.no",3,1
"fosnes.no",ICANN,"fosnes.no",3,1
"fræna.no",ICANN,"*.fræna.no",3,1
"fræna.no",ICANN,"fræna.no",3,1
"fræna.no",ICANN,"*.xn--frna-woa.no",3,1
"fræna.no",ICANN,"xn--frna-woa.no",3,1
"frana.no",ICANN,"*.frana.no",3,1
"frana.no",ICANN,"frana.no",3,1
"frei.no",ICANN,"*.frei.no",3,1
"frei.no",ICANN,"frei.no",3,1
"frogn.no",ICANN,"*.frogn.no",3,1
"frogn.no",ICANN,"frogn.no",3,1
"froland.no",ICANN,"*.froland.no",3,1
"froland.no",ICANN,"froland.no",3,1
"frosta.no",ICANN,"*.frosta.no",3,1
"frosta.no",ICANN,"frosta.no",3,1
"froya.no",ICANN,"*.froya.no",3,1
"froya.no",ICANN,"froya.no",3,1
"frøya.no",ICANN,"*.frøya.no",3,1
"frøya.no",ICANN,"frøya.no",3,1
"frøya.no",ICANN,"*.xn--frya-hra.no",3,1
"frøya.no",ICANN,"xn--frya-hra.no",3,1
"fuoisku.no",ICANN,"*.fuoisku.no",3,1
"fuoisku.no",ICANN,"fuoisku.no",3,1
"fuossko.no",ICANN,"*.fuossko.no",3,1
"fuossko.no",ICANN,"fuossko.no",3,1
"fusa.no",ICANN,"*.fusa.no",3,1
"fusa.no",ICANN,"fusa.no",3,1
"fyresdal.no",ICANN,"*.fyresdal.no",3,1
"fyresdal.no",ICANN,"fyresdal.no",3,1
"gaivuotna.no",ICANN,"*.gaivuotna.no",3,1
"gaivuotna.no",ICANN,"gaivuotna.no",3,1
"gáivuotna.no",ICANN,"*.gáivuotna.no",3,1
"gáivuotna.no",ICANN,"gáivuotna.no",3,1
"gáivuotna.no",ICANN,"*.xn--givuotna-8ya.no",3,1
"gáivuotna.no",ICANN,"xn--givuotna-8ya.no",3,1
"galsa.no",ICANN,"*.galsa.no",3,1
"galsa.no",ICANN,"galsa.no",3,1
"gálsá.no",ICANN,"*.gálsá.no",3,1
"gálsá.no",ICANN,"gálsá.no",3,1
"gálsá.no",ICANN,"*.xn--gls-elac.no",3,1
"gálsá.no",ICANN,"xn--gls-elac.no",3,1
"gamvik.no",ICANN,"*.gamvik.no",3,1
"gamvik.no",ICANN,"gamvik.no",3,1
"gangaviika.no",ICANN,"*.gangaviika.no",3,1
"gangaviika.no",ICANN,"gangaviika.no",3,1
"gáŋgaviika.no",ICANN,"*.gáŋgaviika.no",3,1
"gáŋgaviika.no",ICANN,"gáŋgaviika.no",3,1
"gáŋgaviika.no",ICANN,"*.xn--ggaviika-8ya47h.no",3,1
"gáŋgaviika.no",ICANN,"xn--ggaviika-8ya47h.no",3,1
"gaular.no",ICANN,"*.gaular.no",3,1
"gaular.no",ICANN,"gaular.no",3,1
"gausdal.no",ICANN,"*.gausdal.no",3,1
"gausdal.no",ICANN,"gausdal.no",3,1
"giehtavuoatna.no",ICANN,"*.giehtavuoatna.no",3,1
"giehtavuoatna.no",ICANN,"giehtavuoatna.no",3,1
"gildeskal.no",ICANN,"*.gildeskal.no",3,1
"gildeskal.no",ICANN,"gildeskal.no",3,1
"gildeskål.no",ICANN,"*.gildeskål.no",3,1
"gildeskål.no",ICANN,"gildeskål.no",3,1
"gildeskål.no",ICANN,"*.xn--gildeskl-g0a.no",3,1
"gildeskål.no",ICANN,"xn--gildeskl-g0a.no",3,1
"giske.no",ICANN,"*.giske.no",3,1
"giske.no",ICANN,"giske.no",3,1
"gjemnes.no",ICANN,"*.gjemnes.no",3,1
"gjemnes.no",ICANN,"gjemnes.no",3,1
"gjerdrum.no",ICANN,"*.gjerdrum.no",3,1
"gjerdrum.no",ICANN,"gjerdrum.no",3,1
"gjerstad.no",ICANN,"*.gjerstad.no",3,1
"gjerstad.no",ICANN,"gjerstad.no",3,1
"gjesdal.no",ICANN,"*.gjesdal.no",3,1
"gjesdal.no",ICANN,"gjesdal.no",3,1
"gjovik.no",ICANN,"*.gjovik.no",3,1
"gjovik.no",ICANN,"gjovik.no",3,1
"gjøvik.no",ICANN,"*.gjøvik.no",3,1
"gjøvik.no",ICANN,"gjøvik.no",3,1
"gjøvik.no",ICANN,"*.xn--gjvik-wua.no",3,1
"gjøvik.no",ICANN,"xn--gjvik-wua.no",3,1
"gloppen.no",ICANN,"*.gloppen.no",3,1
"gloppen.no",ICANN,"gloppen.no",3,1
"gol.no",ICANN,"*.gol.no",3,1
"gol.no",ICANN,"gol.no",3,1
"gran.no",ICANN,"*.gran.no",3,1
"gran.no",ICANN,"gran.no",3,1
"grane.no",ICANN,"*.grane.no",3,1
"grane.no",ICANN,"grane.no",3,1
"granvin.no",ICANN,"*.granvin.no",3,1
"granvin.no",ICANN,"granvin.no",3,1
"gratangen.no",ICANN,"*.gratangen.no",3,1
"gratangen.no",ICANN,"gratangen.no",3,1
"grimstad.no",ICANN,"*.grimstad.no",3,1
"grimstad.no",ICANN,"grimstad.no",3,1
"grong.no",ICANN,"*.grong.no",3,1
"grong.no",ICANN,"grong.no",3,1
"grue.no",ICANN,"*.grue.no",3,1
"grue.no",ICANN,"grue.no",3,1
"gulen.no",ICANN,"*.gulen.no",3,1
"gulen.no",ICANN,"gulen.no",3,1
"guovdageaidnu.no",ICANN,"*.guovdageaidnu.no",3,1
"guovdageaidnu.no",ICANN,"guovdageaidnu.no",3,1
"ha.no",ICANN,"*.ha.no",3,1
"ha.no",ICANN,"ha.no",3,1
"hå.no",ICANN,"*.hå.no",3,1
"hå.no",ICANN,"hå.no",3,1
"hå.no",ICANN,"*.xn--h-2fa.no",3,1
"hå.no",ICANN,"xn--h-2fa.no",3,1
"habmer.no",ICANN,"*.habmer.no",3,1
"habmer.no",ICANN,"habmer.no",3,1
"hábmer.no",ICANN,"*.hábmer.no",3,1
"hábmer.no",ICANN,"hábmer.no",3,1
"hábmer.no",ICANN,"*.xn--hbmer-xqa.no",3,1
"hábmer.no",ICANN,"xn--hbmer-xqa.no",3,1
"hadsel.no",ICANN,"*.hadsel.no",3,1
"hadsel.no",ICANN,"hadsel.no",3,1
"hægebostad.no",ICANN,"*.hægebostad.no",3,1
"hægebostad.no",ICANN,"hægebostad.no",3,1
"hægebostad.no",ICANN,"*.xn--hgebostad-g3a.no",3,1
"hægebostad.no",ICANN,"xn--hgebostad-g3a.no",3,1
"hagebostad.no",ICANN,"*.hagebostad.no",3,1
"hagebostad.no",ICANN,"hagebostad.no",3,1
"halden.no",ICANN,"*.halden.no",3,1
"halden.no",ICANN,"halden.no",3,1
"halsa.no",ICANN,"*.halsa.no",3,1
"halsa.no",ICANN,"halsa.no",3,1
"hamar.no",ICANN,"*.hamar.no",3,1
"hamar.no",ICANN,"hamar.no",3,1
"hamaroy.no",ICANN,"*.hamaroy.no",3,1
"hamaroy.no",ICANN,"hamaroy.no",3,1
"hammarfeasta.no",ICANN,"*.hammarfeasta.no",3,1
"hammarfeasta.no",ICANN,"hammarfeasta.no",3,1
"hámmárfeasta.no",ICANN,"*.hámmárfeasta.no",3,1
"hámmárfeasta.no",ICANN,"hámmárfeasta.no",3,1
"hámmárfeasta.no",ICANN,"*.xn--hmmrfeasta-s4ac.no",3,1
"hámmárfeasta.no",ICANN,"xn--hmmrfeasta-s4ac.no",3,1
"hammerfest.no",ICANN,"*.hammerfest.no",3,1
"hammerfest.no",ICANN,"hammerfest.no",3,1
"hapmir.no",ICANN,"*.hapmir.no",3,1
"hapmir.no",ICANN,"hapmir.no",3,1
"hápmir.no",ICANN,"*.hápmir.no",3,1
"hápmir.no",ICANN,"hápmir.no",3,1
"hápmir.no",ICANN,"*.xn--hpmir-xqa.no",3,1
"hápmir.no",ICANN,"xn--hpmir-xqa.no",3,1
"haram.no",ICANN,"*.haram.no",3,1
"haram.no",ICANN,"haram.no",3,1
"hareid.no",ICANN,"*.hareid.no",3,1
"hareid.no",ICANN,"hareid.no",3,1
"harstad.no",ICANN,"*.harstad.no",3,1
"harstad.no",ICANN,"harstad.no",3,1
"hasvik.no",ICANN,"*.hasvik.no",3,1
"hasvik.no",ICANN,"hasvik.no",3,1
"hattfjelldal.no",ICANN,"*.hattfjelldal.no",3,1
"hattfjelldal.no",ICANN,"hattfjelldal.no",3,1
"haugesund.no",ICANN,"*.haugesund.no",3,1
"haugesund.no",ICANN,"haugesund.no",3,1
"hemne.no",ICANN,"*.hemne.no",3,1
"hemne.no",ICANN,"hemne.no",3,1
"hemnes.no",ICANN,"*.hemnes.no",3,1
"hemnes.no",ICANN,"hemnes.no",3,1
"hemsedal.no",ICANN,"*.hemsedal.no",3,1
"hemsedal.no",ICANN,"hemsedal.no",3,1
"hitra.no",ICANN,"*.hitra.no",3,1
"hitra.no",ICANN,"hitra.no",3,1
"hjartdal.no",ICANN,"*.hjartdal.no",3,1
"hjartdal.no",ICANN,"hjartdal.no",3,1
"hjelmeland.no",ICANN,"*.hjelmeland.no",3,1
"hjelmeland.no",ICANN,"hjelmeland.no",3,1
"hobol.no",ICANN,"*.hobol.no",3,1
"hobol.no",ICANN,"hobol.no",3,1
"hobøl.no",ICANN,"*.hobøl.no",3,1
"hobøl.no",ICANN,"hobøl.no",3,1
"hobøl.no",ICANN,"*.xn--hobl-ira.no",3,1
"hobøl.no",ICANN,"xn--hobl-ira.no",3,1
"hof.no",ICANN,"*.hof.no",3,1
"hof.no",ICANN,"hof.no",3,1
"hol.no",ICANN,"*.hol.no",3,1
"hol.no",ICANN,"hol.no",3,1
"hole.no",ICANN,"*.hole.no",3,1
"hole.no",ICANN,"hole.no",3,1
"holmestrand.no",ICANN,"*.holmestrand.no",3,1
"holmestrand.no",ICANN,"holmestrand.no",3,1
"holtalen.no",ICANN,"*.holtalen.no",3,1
"holtalen.no",ICANN,"holtalen.no",3,1
"holtålen.no",ICANN,"*.holtålen.no",3,1
"holtålen.no",ICANN,"holtålen.no",3,1
"holtålen.no",ICANN,"*.xn--holtlen-hxa.no",3,1
"holtålen.no",ICANN,"xn--holtlen-hxa.no",3,1
"hornindal.no",ICANN,"*.hornindal.no",3,1
"hornindal.no",ICANN,"hornindal.no",3,1
"horten.no",ICANN,"*.horten.no",3,1
"horten.no",ICANN,"horten.no",3,1
"hoyanger.no",ICANN,"*.hoyanger.no",3,1
"hoyanger.no",ICANN,"hoyanger.no",3,1
"høyanger.no",ICANN,"*.høyanger.no",3,1
"høyanger.no",ICANN,"høyanger.no",3,1
"høyanger.no",ICANN,"*.xn--hyanger-q1a.no",3,1
"høyanger.no",ICANN,"xn--hyanger-q1a.no",3,1
"hoylandet.no",ICANN,"*.hoylandet.no",3,1
"hoylandet.no",ICANN,"hoylandet.no",3,1
"høylandet.no",ICANN,"*.høylandet.no",3,1
"høylandet.no",ICANN,"høylandet.no",3,1
"høylandet.no",ICANN,"*.xn--hylandet-54a.no",3,1
"høylandet.no",ICANN,"xn--hylandet-54a.no",3,1
"hurdal.no",ICANN,"*.hurdal.no",3,1
"hurdal.no",ICANN,"hurdal.no",3,1
"hurum.no",ICANN,"*.hurum.no",3,1
"hurum.no",ICANN,"hurum.no",3,1
"hvaler.no",ICANN,"*.hvaler.no",3,1
"hvaler.no",ICANN,"hvaler.no",3,1
"hyllestad.no",ICANN,"*.hyllestad.no",3,1
"hyllestad.no",ICANN,"hyllestad.no",3,1
"ibestad.no",ICANN,"*.ibestad.no",3,1
"ibestad.no",ICANN,"ibestad.no",3,1
"inderoy.no",ICANN,"*.inderoy.no",3,1
"inderoy.no",ICANN,"inderoy.no",3,1
"inderøy.no",ICANN,"*.inderøy.no",3,1
"inderøy.no",ICANN,"inderøy.no",3,1
"inderøy.no",ICANN,"*.xn--indery-fya.no",3,1
"inderøy.no",ICANN,"xn--indery-fya.no",3,1
"iveland.no",ICANN,"*.iveland.no",3,1
"iveland.no",ICANN,"iveland.no",3,1
"ivgu.no",ICANN,"*.ivgu.no",3,1
"ivgu.no",ICANN,"ivgu.no",3,1
"jevnaker.no",ICANN,"*.jevnaker.no",3,1
"jevnaker.no",ICANN,"jevnaker.no",3,1
"jolster.no",ICANN,"*.jolster.no",3,1
"jolster.no",ICANN,"jolster.no",3,1
"jølster.no",ICANN,"*.jølster.no",3,1
"jølster.no",ICANN,"jølster.no",3,1
"jølster.no",ICANN,"*.xn--jlster-bya.no",3,1
"jølster.no",ICANN,"xn--jlster-bya.no",3,1
"jondal.no",ICANN,"*.jondal.no",3,1
"jondal.no",ICANN,"jondal.no",3,1
"kafjord.no",ICANN,"*.kafjord.no",3,1
"kafjord.no",ICANN,"kafjord.no",3,1
"kåfjord.no",ICANN,"*.kåfjord.no",3,1
"kåfjord.no",ICANN,"kåfjord.no",3,1
"kåfjord.no",ICANN,"*.xn--kfjord-iua.no",3,1
"kåfjord.no",ICANN,"xn--kfjord-iua.no",3,1
"karasjohka.no",ICANN,"*.karasjohka.no",3,1
"karasjohka.no",ICANN,"karasjohka.no",3,1
"kárášjohka.no",ICANN,"*.kárášjohka.no",3,1
"kárášjohka.no",ICANN,"kárášjohka.no",3,1
"kárášjohka.no",ICANN,"*.xn--krjohka-hwab49j.no",3,1
"kárášjohka.no",ICANN,"xn--krjohka-hwab49j.no",3,1
"karasjok.no",ICANN,"*.karasjok.no",3,1
"karasjok.no",ICANN,"karasjok.no",3,1
"karlsoy.no",ICANN,"*.karlsoy.no",3,1
"karlsoy.no",ICANN,"karlsoy.no",3,1
"karmoy.no",ICANN,"*.karmoy.no",3,1
"karmoy.no",ICANN,"karmoy.no",3,1
"karmøy.no",ICANN,"*.karmøy.no",3,1
"karmøy.no",ICANN,"karmøy.no",3,1
"karmøy.no",ICANN,"*.xn--karmy-yua.no",3,1
"karmøy.no",ICANN,"xn--karmy-yua.no",3,1
"kautokeino.no",ICANN,"*.kautokeino.no",3,1
"kautokeino.no",ICANN,"kautokeino.no",3,1
"klabu.no",ICANN,"*.klabu.no",3,1
"klabu.no",ICANN,"klabu.no",3,1
"klæbu.no",ICANN,"*.klæbu.no",3,1
"klæbu.no",ICANN,"klæbu.no",3,1
"klæbu.no",ICANN,"*.xn--klbu-woa.no",3,1
"klæbu.no",ICANN,"xn--klbu-woa.no",3,1
"klepp.no",ICANN,"*.klepp.no",3,1
"klepp.no",ICANN,"klepp.no",3,1
"kongsberg.no",ICANN,"*.kongsberg.no",3,1
"kongsberg.no",ICANN,"kongsberg.no",3,1
"kongsvinger.no",ICANN,"*.kongsvinger.no",3,1
"kongsvinger.no",ICANN,"kongsvinger.no",3,1
"kraanghke.no",ICANN,"*.kraanghke.no",3,1
"kraanghke.no",ICANN,"kraanghke.no",3,1
"kråanghke.no",ICANN,"*.kråanghke.no",3,1
"kråanghke.no",ICANN,"kråanghke.no",3,1
"kråanghke.no",ICANN,"*.xn--kranghke-b0a.no",3,1
"kråanghke.no",ICANN,"xn--kranghke-b0a.no",3,1
"kragero.no",ICANN,"*.kragero.no",3,1
"kragero.no",ICANN,"kragero.no",3,1
"kragerø.no",ICANN,"*.kragerø.no",3,1
"kragerø.no",ICANN,"kragerø.no",3,1
"kragerø.no",ICANN,"*.xn--krager-gya.no",3,1
"kragerø.no",ICANN,"xn--krager-gya.no",3,1
"kristiansand.no",ICANN,"*.kristiansand.no",3,1
"kristiansand.no",ICANN,"kristiansand.no",3,1
"kristiansund.no",ICANN,"*.kristiansund.no",3,1
"kristiansund.no",ICANN,"kristiansund.no",3,1
"krodsherad.no",ICANN,"*.krodsherad.no",3,1
"krodsherad.no",ICANN,"krodsherad.no",3,1
"krødsherad.no",ICANN,"*.krødsherad.no",3,1
"krødsherad.no",ICANN,"krødsherad.no",3,1
"krødsherad.no",ICANN,"*.xn--krdsherad-m8a.no",3,1
"krødsherad.no",ICANN,"xn--krdsherad-m8a.no",3,1
"kvæfjord.no",ICANN,"*.kvæfjord.no",3,1
"kvæfjord.no",ICANN,"kvæfjord.no",3,1
"kvæfjord.no",ICANN,"*.xn--kvfjord-nxa.no",3,1
"kvæfjord.no",ICANN,"xn--kvfjord-nxa.no",3,1
"kvænangen.no",ICANN,"*.kvænangen.no",3,1
"kvænangen.no",ICANN,"kvænangen.no",3,1
"kvænangen.no",ICANN,"*.xn--kvnangen-k0a.no",3,1
"kvænangen.no",ICANN,"xn--kvnangen-k0a.no",3,1
"kvafjord.no",ICANN,"*.kvafjord.no",3,1
"kvafjord.no",ICANN,"kvafjord.no",3,1
"kvalsund.no",ICANN,"*.kvalsund.no",3,1
"kvalsund.no",ICANN,"kvalsund.no",3,1
"kvam.no",ICANN,"*.kvam.no",3,1
"kvam.no",ICANN,"kvam.no",3,1
"kvanangen.no",ICANN,"*.kvanangen.no",3,1
"kvanangen.no",ICANN,"kvanangen.no",3,1
"kvinesdal.no",ICANN,"*.kvinesdal.no",3,1
"kvinesdal.no",ICANN,"kvinesdal.no",3,1
"kvinnherad.no",ICANN,"*.kvinnherad.no",3,1
"kvinnherad.no",ICANN,"kvinnherad.no",3,1
"kviteseid.no",ICANN,"*.kviteseid.no",3,1
"kviteseid.no",ICANN,"kviteseid.no",3,1
"kvitsoy.no",ICANN,"*.kvitsoy.no",3,1
"kvitsoy.no",ICANN,"kvitsoy.no",3,1
"kvitsøy.no",ICANN,"*.kvitsøy.no",3,1
"kvitsøy.no",ICANN,"kvitsøy.no",3,1
"kvitsøy.no",ICANN,"*.xn--kvitsy-fya.no",3,1
"kvitsøy.no",ICANN,"xn--kvitsy-fya.no",3,1
"laakesvuemie.no",ICANN,"*.laakesvuemie.no",3,1
"laakesvuemie.no",ICANN,"laakesvuemie.no",3,1
"lærdal.no",ICANN,"*.lærdal.no",3,1
"lærdal.no",ICANN,"lærdal.no",3,1
"lærdal.no",ICANN,"*.xn--lrdal-sra.no",3,1
"lærdal.no",ICANN,"xn--lrdal-sra.no",3,1
"lahppi.no",ICANN,"*.lahppi.no",3,1
"lahppi.no",ICANN,"lahppi.no",3,1
"láhppi.no",ICANN,"*.láhppi.no",3,1
"láhppi.no",ICANN,"láhppi.no",3,1
"láhppi.no",ICANN,"*.xn--lhppi-xqa.no",3,1
"láhppi.no",ICANN,"xn--lhppi-xqa.no",3,1
"lardal.no",ICANN,"*.lardal.no",3,1
"lardal.no",ICANN,"lardal.no",3,1
"larvik.no",ICANN,"*.larvik.no",3,1
"larvik.no",ICANN,"larvik.no",3,1
"lavagis.no",ICANN,"*.lavagis.no",3,1
"lavagis.no",ICANN,"lavagis.no",3,1
"lavangen.no",ICANN,"*.lavangen.no",3,1
"lavangen.no",ICANN,"lavangen.no",3,1
"leangaviika.no",ICANN,"*.leangaviika.no",3,1
"leangaviika.no",ICANN,"leangaviika.no",3,1
"leaŋgaviika.no",ICANN,"*.leaŋgaviika.no",3,1
"leaŋgaviika.no",ICANN,"leaŋgaviika.no",3,1
"leaŋgaviika.no",ICANN,"*.xn--leagaviika-52b.no",3,1
"leaŋgaviika.no",ICANN,"xn--leagaviika-52b.no",3,1
"lebesby.no",ICANN,"*.lebesby.no",3,1
"lebesby.no",ICANN,"lebesby.no",3,1
"leikanger.no",ICANN,"*.leikanger.no",3,1
"leikanger.no",ICANN,"leikanger.no",3,1
"leirfjord.no",ICANN,"*.leirfjord.no",3,1
"leirfjord.no",ICANN,"leirfjord.no",3,1
"leka.no",ICANN,"*.leka.no",3,1
"leka.no",ICANN,"leka.no",3,1
"leksvik.no",ICANN,"*.leksvik.no",3,1
"leksvik.no",ICANN,"leksvik.no",3,1
"lenvik.no",ICANN,"*.lenvik.no",3,1
"lenvik.no",ICANN,"lenvik.no",3,1
"lerdal.no",ICANN,"*.lerdal.no",3,1
"lerdal.no",ICANN,"lerdal.no",3,1
"lesja.no",ICANN,"*.lesja.no",3,1
"lesja.no",ICANN,"lesja.no",3,1
"levanger.no",ICANN,"*.levanger.no",3,1
"levanger.no",ICANN,"levanger.no",3,1
"lier.no",ICANN,"*.lier.no",3,1
"lier.no",ICANN,"lier.no",3,1
"lierne.no",ICANN,"*.lierne.no",3,1
"lierne.no",ICANN,"lierne.no",3,1
"lillehammer.no",ICANN,"*.lillehammer.no",3,1
"lillehammer.no",ICANN,"lillehammer.no",3,1
"lillesand.no",ICANN,"*.lillesand.no",3,1
"lillesand.no",ICANN,"lillesand.no",3,1
"lindas.no",ICANN,"*.lindas.no",3,1
"lindas.no",ICANN,"lindas.no",3,1
"lindås.no",ICANN,"*.lindås.no",3,1
"lindås.no",ICANN,"lindås.no",3,1
"lindås.no",ICANN,"*.xn--linds-pra.no",3,1
"lindås.no",ICANN,"xn--linds-pra.no",3,1
"lindesnes.no",ICANN,"*.lindesnes.no",3,1
"lindesnes.no",ICANN,"lindesnes.no",3,1
"loabat.no",ICANN,"*.loabat.no",3,1
"loabat.no",ICANN,"loabat.no",3,1
"loabát.no",ICANN,"*.loabát.no",3,1
"loabát.no",ICANN,"loabát.no",3,1
"loabát.no",ICANN,"*.xn--loabt-0qa.no",3,1
"loabát.no",ICANN,"xn--loabt-0qa.no",3,1
"lodingen.no",ICANN,"*.lodingen.no",3,1
"lodingen.no",ICANN,"lodingen.no",3,1
"lødingen.no",ICANN,"*.lødingen.no",3,1
"lødingen.no",ICANN,"lødingen.no",3,1
"lødingen.no",ICANN,"*.xn--ldingen-q1a.no",3,1
"lødingen.no",ICANN,"xn--ldingen-q1a.no",3,1
"lom.no",ICANN,"*.lom.no",3,1
"lom.no",ICANN,"lom.no",3,1
"loppa.no",ICANN,"*.loppa.no",3,1
"loppa.no",ICANN,"loppa.no",3,1
"lorenskog.no",ICANN,"*.lorenskog.no",3,1
"lorenskog.no",ICANN,"lorenskog.no",3,1
"lørenskog.no",ICANN,"*.lørenskog.no",3,1
"lørenskog.no",ICANN,"lørenskog.no",3,1
"lørenskog.no",ICANN,"*.xn--lrenskog-54a.no",3,1
"lørenskog.no",ICANN,"xn--lrenskog-54a.no",3,1
"loten.no",ICANN,"*.loten.no",3,1
"loten.no",ICANN,"loten.no",3,1
"løten.no",ICANN,"*.løten.no",3,1
"løten.no",ICANN,"løten.no",3,1
"løten.no",ICANN,"*.xn--lten-gra.no",3,1
"løten.no",ICANN,"xn--lten-gra.no",3,1
"lund.no",ICANN,"*.lund.no",3,1
"lund.no",ICANN,"lund.no",3,1
"lunner.no",ICANN,"*.lunner.no",3,1
"lunner.no",ICANN,"lunner.no",3,1
"luroy.no",ICANN,"*.luroy.no",3,1
"luroy.no",ICANN,"luroy.no",3,1
"lurøy.no",ICANN,"*.lurøy.no",3,1
"lurøy.no",ICANN,"lurøy.no",3,1
"lurøy.no",ICANN,"*.xn--lury-ira.no",3,1
"lurøy.no",ICANN,"xn--lury-ira.no",3,1
"luster.no",ICANN,"*.luster.no",3,1
"luster.no",ICANN,"luster.no",3,1
"lyngdal.no",ICANN,"*.lyngdal.no",3,1
"lyngdal.no",ICANN,"lyngdal.no",3,1
"lyngen.no",ICANN,"*.lyngen.no",3,1
"lyngen.no",ICANN,"lyngen.no",3,1
"malatvuopmi.no",ICANN,"*.malatvuopmi.no",3,1
"malatvuopmi.no",ICANN,"malatvuopmi.no",3,1
"málatvuopmi.no",ICANN,"*.málatvuopmi.no",3,1
"málatvuopmi.no",ICANN,"málatvuopmi.no",3,1
"málatvuopmi.no",ICANN,"*.xn--mlatvuopmi-s4a.no",3,1
"málatvuopmi.no",ICANN,"xn--mlatvuopmi-s4a.no",3,1
"malselv.no",ICANN,"*.malselv.no",3,1
"malselv.no",ICANN,"malselv.no",3,1
"målselv.no",ICANN,"*.målselv.no",3,1
"målselv.no",ICANN,"målselv.no",3,1
"målselv.no",ICANN,"*.xn--mlselv-iua.no",3,1
"målselv.no",ICANN,"xn--mlselv-iua.no",3,1
"malvik.no",ICANN,"*.malvik.no",3,1
"malvik.no",ICANN,"malvik.no",3,1
"mandal.no",ICANN,"*.mandal.no",3,1
"mandal.no",ICANN,"mandal.no",3,1
"marker.no",ICANN,"*.marker.no",3,1
"marker.no",ICANN,"marker.no",3,1
"marnardal.no",ICANN,"*.marnardal.no",3,1
"marnardal.no",ICANN,"marnardal.no",3,1
"masfjorden.no",ICANN,"*.masfjorden.no",3,1
"masfjorden.no",ICANN,"masfjorden.no",3,1
"masoy.no",ICANN,"*.masoy.no",3,1
"masoy.no",ICANN,"masoy.no",3,1
"måsøy.no",ICANN,"*.måsøy.no",3,1
"måsøy.no",ICANN,"måsøy.no",3,1
"måsøy.no",ICANN,"*.xn--msy-ula0h.no",3,1
"måsøy.no",ICANN,"xn--msy-ula0h.no",3,1
"matta-varjjat.no",ICANN,"*.matta-varjjat.no",3,1
"matta-varjjat.no",ICANN,"matta-varjjat.no",3,1
"mátta-várjjat.no",ICANN,"*.mátta-várjjat.no",3,1
"mátta-várjjat.no",ICANN,"mátta-várjjat.no",3,1
"mátta-várjjat.no",ICANN,"*.xn--mtta-vrjjat-k7af.no",3,1
"mátta-várjjat.no",ICANN,"xn--mtta-vrjjat-k7af.no",3,1
"meland.no",ICANN,"*.meland.no",3,1
"meland.no",ICANN,"meland.no",3,1
"meldal.no",ICANN,"*.meldal.no",3,1
"meldal.no",ICANN,"meldal.no",3,1
"melhus.no",ICANN,"*.melhus.no",3,1
"melhus.no",ICANN,"melhus.no",3,1
"meloy.no",ICANN,"*.meloy.no",3,1
"meloy.no",ICANN,"meloy.no",3,1
"meløy.no",ICANN,"*.meløy.no",3,1
"meløy.no",ICANN,"meløy.no",3,1
"meløy.no",ICANN,"*.xn--mely-ira.no",3,1
"meløy.no",ICANN,"xn--mely-ira.no",3,1
"meraker.no",ICANN,"*.meraker.no",3,1
"meraker.no",ICANN,"meraker.no",3,1
"meråker.no",ICANN,"*.meråker.no",3,1
"meråker.no",ICANN,"meråker.no",3,1
"meråker.no",ICANN,"*.xn--merker-kua.no",3,1
"meråker.no",ICANN,"xn--merker-kua.no",3,1
"midsund.no",ICANN,"*.midsund.no",3,1
"midsund.no",ICANN,"midsund.no",3,1
"midtre-gauldal.no",ICANN,"*.midtre-gauldal.no",3,1
"midtre-gauldal.no",ICANN,"midtre-gauldal.no",3,1
"moareke.no",ICANN,"*.moareke.no",3,1
"moareke.no",ICANN,"moareke.no",3,1
"moåreke.no",ICANN,"*.moåreke.no",3,1
"moåreke.no",ICANN,"moåreke.no",3,1
"moåreke.no",ICANN,"*.xn--moreke-jua.no",3,1
"moåreke.no",ICANN,"xn--moreke-jua.no",3,1
"modalen.no",ICANN,"*.modalen.no",3,1
"modalen.no",ICANN,"modalen.no",3,1
"modum.no",ICANN,"*.modum.no",3,1
"modum.no",ICANN,"modum.no",3,1
"molde.no",ICANN,"*.molde.no",3,1
"molde.no",ICANN,"molde.no",3,1
"moskenes.no",ICANN,"*.moskenes.no",3,1
"moskenes.no",ICANN,"moskenes.no",3,1
"moss.no",ICANN,"*.moss.no",3,1
"moss.no",ICANN,"moss.no",3,1
"mosvik.no",ICANN,"*.mosvik.no",3,1
"mosvik.no",ICANN,"mosvik.no",3,1
"muosat.no",ICANN,"*.muosat.no",3,1
"muosat.no",ICANN,"muosat.no",3,1
"muosát.no",ICANN,"*.muosát.no",3,1
"muosát.no",ICANN,"muosát.no",3,1
"muosát.no",ICANN,"*.xn--muost-0qa.no",3,1
"muosát.no",ICANN,"xn--muost-0qa.no",3,1
"naamesjevuemie.no",ICANN,"*.naamesjevuemie.no",3,1
"naamesjevuemie.no",ICANN,"naamesjevuemie.no",3,1
"nååmesjevuemie.no",ICANN,"*.nååmesjevuemie.no",3,1
"nååmesjevuemie.no",ICANN,"nååmesjevuemie.no",3,1
"nååmesjevuemie.no",ICANN,"*.xn--nmesjevuemie-tcba.no",3,1
"nååmesjevuemie.no",ICANN,"xn--nmesjevuemie-tcba.no",3,1
"nærøy.no",ICANN,"*.nærøy.no",3,1
"nærøy.no",ICANN,"nærøy.no",3,1
"nærøy.no",ICANN,"*.xn--nry-yla5g.no",3,1
"nærøy.no",ICANN,"xn--nry-yla5g.no",3,1
"namdalseid.no",ICANN,"*.namdalseid.no",3,1
"namdalseid.no",ICANN,"namdalseid.no",3,1
"namsos.no",ICANN,"*.namsos.no",3,1
"namsos.no",ICANN,"namsos.no",3,1
"namsskogan.no",ICANN,"*.namsskogan.no",3,1
"namsskogan.no",ICANN,"namsskogan.no",3,1
"nannestad.no",ICANN,"*.nannestad.no",3,1
"nannestad.no",ICANN,"nannestad.no",3,1
"naroy.no",ICANN,"*.naroy.no",3,1
"naroy.no",ICANN,"naroy.no",3,1
"narviika.no",ICANN,"*.narviika.no",3,1
"narviika.no",ICANN,"narviika.no",3,1
"narvik.no",ICANN,"*.narvik.no",3,1
"narvik.no",ICANN,"narvik.no",3,1
"naustdal.no",ICANN,"*.naustdal.no",3,1
"naustdal.no",ICANN,"naustdal.no",3,1
"navuotna.no",ICANN,"*.navuotna.no",3,1
"navuotna.no",ICANN,"navuotna.no",3,1
"návuotna.no",ICANN,"*.návuotna.no",3,1
"návuotna.no",ICANN,"návuotna.no",3,1
"návuotna.no",ICANN,"*.xn--nvuotna-hwa.no",3,1
"návuotna.no",ICANN,"xn--nvuotna-hwa.no",3,1
"nedre-eiker.no",ICANN,"*.nedre-eiker.no",3,1
"nedre-eiker.no",ICANN,"nedre-eiker.no",3,1
"nesna.no",ICANN,"*.nesna.no",3,1
"nesna.no",ICANN,"nesna.no",3,1
"nesodden.no",ICANN,"*.nesodden.no",3,1
"nesodden.no",ICANN,"nesodden.no",3,1
"nesseby.no",ICANN,"*.nesseby.no",3,1
"nesseby.no",ICANN,"nesseby.no",3,1
"nesset.no",ICANN,"*.nesset.no",3,1
"nesset.no",ICANN,"nesset.no",3,1
"nissedal.no",ICANN,"*.nissedal.no",3,1
"nissedal.no",ICANN,"nissedal.no",3,1
"nittedal.no",ICANN,"*.nittedal.no",3,1
"nittedal.no",ICANN,"nittedal.no",3,1
"nord-aurdal.no",ICANN,"*.nord-aurdal.no",3,1
"nord-aurdal.no",ICANN,"nord-aurdal.no",3,1
"nord-fron.no",ICANN,"*.nord-fron.no",3,1
"nord-fron.no",ICANN,"nord-fron.no",3,1
"nord-odal.no",ICANN,"*.nord-odal.no",3,1
"nord-odal.no",ICANN,"nord-odal.no",3,1
"norddal.no",ICANN,"*.norddal.no",3,1
"norddal.no",ICANN,"norddal.no",3,1
"nordkapp.no",ICANN,"*.nordkapp.no",3,1
"nordkapp.no",ICANN,"nordkapp.no",3,1
"nordre-land.no",ICANN,"*.nordre-land.no",3,1
"nordre-land.no",ICANN,"nordre-land.no",3,1
"nordreisa.no",ICANN,"*.nordreisa.no",3,1
"nordreisa.no",ICANN,"nordreisa.no",3,1
"nore-og-uvdal.no",ICANN,"*.nore-og-uvdal.no",3,1
"nore-og-uvdal.no",ICANN,"nore-og-uvdal.no",3,1
"notodden.no",ICANN,"*.notodden.no",3,1
"notodden.no",ICANN,"notodden.no",3,1
"notteroy.no",ICANN,"*.notteroy.no",3,1
"notteroy.no",ICANN,"notteroy.no",3,1
"nøtterøy.no",ICANN,"*.nøtterøy.no",3,1
"nøtterøy.no",ICANN,"nøtterøy.no",3,1
"nøtterøy.no",ICANN,"*.xn--nttery-byae.no",3,1
"nøtterøy.no",ICANN,"xn--nttery-byae.no",3,1
"odda.no",ICANN,"*.odda.no",3,1
"odda.no",ICANN,"odda.no",3,1
"oksnes.no",ICANN,"*.oksnes.no",3,1
"oksnes.no",ICANN,"oksnes.no",3,1
"øksnes.no",ICANN,"*.øksnes.no",3,1
"øksnes.no",ICANN,"øksnes.no",3,1
"øksnes.no",ICANN,"*.xn--ksnes-uua.no",3,1
"øksnes.no",ICANN,"xn--ksnes-uua.no",3,1
"omasvuotna.no",ICANN,"*.omasvuotna.no",3,1
"omasvuotna.no",ICANN,"omasvuotna.no",3,1
"oppdal.no",ICANN,"*.oppdal.no",3,1
"oppdal.no",ICANN,"oppdal.no",3,1
"oppegard.no",ICANN,"*.oppegard.no",3,1
"oppegard.no",ICANN,"oppegard.no",3,1
"oppegård.no",ICANN,"*.oppegård.no",3,1
"oppegård.no",ICANN,"oppegård.no",3,1
"oppegård.no",ICANN,"*.xn--oppegrd-ixa.no",3,1
"oppegård.no",ICANN,"xn--oppegrd-ixa.no",3,1
"orkdal.no",ICANN,"*.orkdal.no",3,1
"orkdal.no",ICANN,"orkdal.no",3,1
"orland.no",ICANN,"*.orland.no",3,1
"orland.no",ICANN,"orland.no",3,1
"ørland.no",ICANN,"*.ørland.no",3,1
"ørland.no",ICANN,"ørland.no",3,1
"ørland.no",ICANN,"*.xn--rland-uua.no",3,1
"ørland.no",ICANN,"xn--rland-uua.no",3,1
"orskog.no",ICANN,"*.orskog.no",3,1
"orskog.no",ICANN,"orskog.no",3,1
"ørskog.no",ICANN,"*.ørskog.no",3,1
"ørskog.no",ICANN,"ørskog.no",3,1
"ørskog.no",ICANN,"*.xn--rskog-uua.no",3,1
"ørskog.no",ICANN,"xn--rskog-uua.no",3,1
"orsta.no",ICANN,"*.orsta.no",3,1
"orsta.no",ICANN,"orsta.no",3,1
"ørsta.no",ICANN,"*.ørsta.no",3,1
"ørsta.no",ICANN,"ørsta.no",3,1
"ørsta.no",ICANN,"*.xn--rsta-fra.no",3,1
"ørsta.no",ICANN,"xn--rsta-fra.no",3,1
"osen.no",ICANN,"*.osen.no",3,1
"osen.no",ICANN,"osen.no",3,1
"osteroy.no",ICANN,"*.osteroy.no",3,1
"osteroy.no",ICANN,"osteroy.no",3,1
"osterøy.no",ICANN,"*.osterøy.no",3,1
"osterøy.no",ICANN,"osterøy.no",3,1
"osterøy.no",ICANN,"*.xn--ostery-fya.no",3,1
"osterøy.no",ICANN,"xn--ostery-fya.no",3,1
"ostre-toten.no",ICANN,"*.ostre-toten.no",3,1
"ostre-toten.no",ICANN,"ostre-toten.no",3,1
"østre-toten.no",ICANN,"*.østre-toten.no",3,1
"østre-toten.no",ICANN,"østre-toten.no",3,1
"østre-toten.no",ICANN,"*.xn--stre-toten-zcb.no",3,1
"østre-toten.no",ICANN,"xn--stre-toten-zcb.no",3,1
"overhalla.no",ICANN,"*.overhalla.no",3,1
"overhalla.no",ICANN,"overhalla.no",3,1
"ovre-eiker.no",ICANN,"*.ovre-eiker.no",3,1
"ovre-eiker.no",ICANN,"ovre-eiker.no",3,1
"øvre-eiker.no",ICANN,"*.øvre-eiker.no",3,1
"øvre-eiker.no",ICANN,"øvre-eiker.no",3,1
"øvre-eiker.no",ICANN,"*.xn--vre-eiker-k8a.no",3,1
"øvre-eiker.no",ICANN,"xn--vre-eiker-k8a.no",3,1
"oyer.no",ICANN,"*.oyer.no",3,1
"oyer.no",ICANN,"oyer.no",3,1
"øyer.no",ICANN,"*.øyer.no",3,1
"øyer.no",ICANN,"øyer.no",3,1
"øyer.no",ICANN,"*.xn--yer-zna.no",3,1
"øyer.no",ICANN,"xn--yer-zna.no",3,1
"oygarden.no",ICANN,"*.oygarden.no",3,1
"oygarden.no",ICANN,"oygarden.no",3,1
"øygarden.no",ICANN,"*.øygarden.no",3,1
"øygarden.no",ICANN,"øygarden.no",3,1
"øygarden.no",ICANN,"*.xn--ygarden-p1a.no",3,1
"øygarden.no",ICANN,"xn--ygarden-p1a.no",3,1
"oystre-slidre.no",ICANN,"*.oystre-slidre.no",3,1
"oystre-slidre.no",ICANN,"oystre-slidre.no",3,1
"øystre-slidre.no",ICANN,"*.øystre-slidre.no",3,1
"øystre-slidre.no",ICANN,"øystre-slidre.no",3,1
"øystre-slidre.no",ICANN,"*.xn--ystre-slidre-ujb.no",3,1
"øystre-slidre.no",ICANN,"xn--ystre-slidre-ujb.no",3,1
"porsanger.no",ICANN,"*.porsanger.no",3,1
"porsanger.no",ICANN,"porsanger.no",3,1
"porsangu.no",ICANN,"*.porsangu.no",3,1
"porsangu.no",ICANN,"porsangu.no",3,1
"porsáŋgu.no",ICANN,"*.porsáŋgu.no",3,1
"porsáŋgu.no",ICANN,"porsáŋgu.no",3,1
"porsáŋgu.no",ICANN,"*.xn--porsgu-sta26f.no",3,1
"porsáŋgu.no",ICANN,"xn--porsgu-sta26f.no",3,1
"porsgrunn.no",ICANN,"*.porsgrunn.no",3,1
"porsgrunn.no",ICANN,"porsgrunn.no",3,1
"rade.no",ICANN,"*.rade.no",3,1
"rade.no",ICANN,"rade.no",3,1
"råde.no",ICANN,"*.råde.no",3,1
"råde.no",ICANN,"råde.no",3,1
"råde.no",ICANN,"*.xn--rde-ula.no",3,1
"råde.no",ICANN,"xn--rde-ula.no",3,1
"radoy.no",ICANN,"*.radoy.no",3,1
"radoy.no",ICANN,"radoy.no",3,1
"radøy.no",ICANN,"*.radøy.no",3,1
"radøy.no",ICANN,"radøy.no",3,1
"radøy.no",ICANN,"*.xn--rady-ira.no",3,1
"radøy.no",ICANN,"xn--rady-ira.no",3,1
"rælingen.no",ICANN,"*.rælingen.no",3,1
"rælingen.no",ICANN,"rælingen.no",3,1
"rælingen.no",ICANN,"*.xn--rlingen-mxa.no",3,1
"rælingen.no",ICANN,"xn--rlingen-mxa.no",3,1
"rahkkeravju.no",ICANN,"*.rahkkeravju.no",3,1
"rahkkeravju.no",ICANN,"rahkkeravju.no",3,1
"ráhkkerávju.no",ICANN,"*.ráhkkerávju.no",3,1
"ráhkkerávju.no",ICANN,"ráhkkerávju.no",3,1
"ráhkkerávju.no",ICANN,"*.xn--rhkkervju-01af.no",3,1
"ráhkkerávju.no",ICANN,"xn--rhkkervju-01af.no",3,1
"raisa.no",ICANN,"*.raisa.no",3,1
"raisa.no",ICANN,"raisa.no",3,1
"ráisa.no",ICANN,"*.ráisa.no",3,1
"ráisa.no",ICANN,"ráisa.no",3,1
"ráisa.no",ICANN,"*.xn--risa-5na.no",3,1
"ráisa.no",ICANN,"xn--risa-5na.no",3,1
"rakkestad.no",ICANN,"*.rakkestad.no",3,1
"rakkestad.no",ICANN,"rakkestad.no",3,1
"ralingen.no",ICANN,"*.ralingen.no",3,1
"ralingen.no",ICANN,"ralingen.no",3,1
"rana.no",ICANN,"*.rana.no",3,1
"rana.no",ICANN,"rana.no",3,1
"randaberg.no",ICANN,"*.randaberg.no",3,1
"randaberg.no",ICANN,"randaberg.no",3,1
"rauma.no",ICANN,"*.rauma.no",3,1
"rauma.no",ICANN,"rauma.no",3,1
"rendalen.no",ICANN,"*.rendalen.no",3,1
"rendalen.no",ICANN,"rendalen.no",3,1
"rennebu.no",ICANN,"*.rennebu.no",3,1
"rennebu.no",ICANN,"rennebu.no",3,1
"rennesoy.no",ICANN,"*.rennesoy.no",3,1
"rennesoy.no",ICANN,"rennesoy.no",3,1
"rennesøy.no",ICANN,"*.rennesøy.no",3,1
"rennesøy.no",ICANN,"rennesøy.no",3,1
"rennesøy.no",ICANN,"*.xn--rennesy-v1a.no",3,1
"rennesøy.no",ICANN,"xn--rennesy-v1a.no",3,1
"rindal.no",ICANN,"*.rindal.no",3,1
"rindal.no",ICANN,"rindal.no",3,1
"ringebu.no",ICANN,"*.ringebu.no",3,1
"ringebu.no",ICANN,"ringebu.no",3,1
"ringerike.no",ICANN,"*.ringerike.no",3,1
"ringerike.no",ICANN,"ringerike.no",3,1
"ringsaker.no",ICANN,"*.ringsaker.no",3,1
"ringsaker.no",ICANN,"ringsaker.no",3,1
"risor.no",ICANN,"*.risor.no",3,1
"risor.no",ICANN,"risor.no",3,1
"risør.no",ICANN,"*.risør.no",3,1
"risør.no",ICANN,"risør.no",3,1
"risør.no",ICANN,"*.xn--risr-ira.no",3,1
"risør.no",ICANN,"xn--risr-ira.no",3,1
"rissa.no",ICANN,"*.rissa.no",3,1
"rissa.no",ICANN,"rissa.no",3,1
"roan.no",ICANN,"*.roan.no",3,1
"roan.no",ICANN,"roan.no",3,1
"rodoy.no",ICANN,"*.rodoy.no",3,1
"rodoy.no",ICANN,"rodoy.no",3,1
"rødøy.no",ICANN,"*.rødøy.no",3,1
"rødøy.no",ICANN,"rødøy.no",3,1
"rødøy.no",ICANN,"*.xn--rdy-0nab.no",3,1
"rødøy.no",ICANN,"xn--rdy-0nab.no",3,1
"rollag.no",ICANN,"*.rollag.no",3,1
"rollag.no",ICANN,"rollag.no",3,1
"romsa.no",ICANN,"*.romsa.no",3,1
"romsa.no",ICANN,"romsa.no",3,1
"romskog.no",ICANN,"*.romskog.no",3,1
"romskog.no",ICANN,"romskog.no",3,1
"rømskog.no",ICANN,"*.rømskog.no",3,1
"rømskog.no",ICANN,"rømskog.no",3,1
"rømskog.no",ICANN,"*.xn--rmskog-bya.no",3,1
"rømskog.no",ICANN,"xn--rmskog-bya.no",3,1
"roros.no",ICANN,"*.roros.no",3,1
"roros.no",ICANN,"roros.no",3,1
"røros.no",ICANN,"*.røros.no",3,1
"røros.no",ICANN,"røros.no",3,1
"røros.no",ICANN,"*.xn--rros-gra.no",3,1
"røros.no",ICANN,"xn--rros-gra.no",3,1
"rost.no",ICANN,"*.rost.no",3,1
"rost.no",ICANN,"rost.no",3,1
"røst.no",ICANN,"*.røst.no",3,1
"røst.no",ICANN,"røst.no",3,1
"røst.no",ICANN,"*.xn--rst-0na.no",3,1
"røst.no",ICANN,"xn--rst-0na.no",3,1
"royken.no",ICANN,"*.royken.no",3,1
"royken.no",ICANN,"royken.no",3,1
"røyken.no",ICANN,"*.røyken.no",3,1
"røyken.no",ICANN,"røyken.no",3,1
"røyken.no",ICANN,"*.xn--ryken-vua.no",3,1
"røyken.no",ICANN,"xn--ryken-vua.no",3,1
"royrvik.no",ICANN,"*.royrvik.no",3,1
"royrvik.no",ICANN,"royrvik.no",3,1
"røyrvik.no",ICANN,"*.røyrvik.no",3,1
"røyrvik.no",ICANN,"røyrvik.no",3,1
"røyrvik.no",ICANN,"*.xn--ryrvik-bya.no",3,1
"røyrvik.no",ICANN,"xn--ryrvik-bya.no",3,1
"ruovat.no",ICANN,"*.ruovat.no",3,1
"ruovat.no",ICANN,"ruovat.no",3,1
"rygge.no",ICANN,"*.rygge.no",3,1
"rygge.no",ICANN,"rygge.no",3,1
"salangen.no",ICANN,"*.salangen.no",3,1
"salangen.no",ICANN,"salangen.no",3,1
"salat.no",ICANN,"*.salat.no",3,1
"salat.no",ICANN,"salat.no",3,1
"sálat.no",ICANN,"*.sálat.no",3,1
"sálat.no",ICANN,"sálat.no",3,1
"sálat.no",ICANN,"*.xn--slat-5na.no",3,1
"sálat.no",ICANN,"xn--slat-5na.no",3,1
"sálát.no",ICANN,"*.sálát.no",3,1
"sálát.no",ICANN,"sálát.no",3,1
"sálát.no",ICANN,"*.xn--slt-elab.no",3,1
"sálát.no",ICANN,"xn--slt-elab.no",3,1
"saltdal.no",ICANN,"*.saltdal.no",3,1
"saltdal.no",ICANN,"saltdal.no",3,1
"samnanger.no",ICANN,"*.samnanger.no",3,1
"samnanger.no",ICANN,"samnanger.no",3,1
"sandefjord.no",ICANN,"*.sandefjord.no",3,1
"sandefjord.no",ICANN,"sandefjord.no",3,1
"sandnes.no",ICANN,"*.sandnes.no",3,1
"sandnes.no",ICANN,"sandnes.no",3,1
"sandoy.no",ICANN,"*.sandoy.no",3,1
"sandoy.no",ICANN,"sandoy.no",3,1
"sandøy.no",ICANN,"*.sandøy.no",3,1
"sandøy.no",ICANN,"sandøy.no",3,1
"sandøy.no",ICANN,"*.xn--sandy-yua.no",3,1
"sandøy.no",ICANN,"xn--sandy-yua.no",3,1
"sarpsborg.no",ICANN,"*.sarpsborg.no",3,1
"sarpsborg.no",ICANN,"sarpsborg.no",3,1
"sauda.no",ICANN,"*.sauda.no",3,1
"sauda.no",ICANN,"sauda.no",3,1
"sauherad.no",ICANN,"*.sauherad.no",3,1
"sauherad.no",ICANN,"sauherad.no",3,1
"sel.no",ICANN,"*.sel.no",3,1
"sel.no",ICANN,"sel.no",3,1
"selbu.no",ICANN,"*.selbu.no",3,1
"selbu.no",ICANN,"selbu.no",3,1
"selje.no",ICANN,"*.selje.no",3,1
"selje.no",ICANN,"selje.no",3,1
"seljord.no",ICANN,"*.seljord.no",3,1
"seljord.no",ICANN,"seljord.no",3,1
"siellak.no",ICANN,"*.siellak.no",3,1
"siellak.no",ICANN,"siellak.no",3,1
"sigdal.no",ICANN,"*.sigdal.no",3,1
"sigdal.no",ICANN,"sigdal.no",3,1
"siljan.no",ICANN,"*.siljan.no",3,1
"siljan.no",ICANN,"siljan.no",3,1
"sirdal.no",ICANN,"*.sirdal.no",3,1
"sirdal.no",ICANN,"sirdal.no",3,1
"skanit.no",ICANN,"*.skanit.no",3,1
"skanit.no",ICANN,"skanit.no",3,1
"skánit.no",ICANN,"*.skánit.no",3,1
"skánit.no",ICANN,"skánit.no",3,1
"skánit.no",ICANN,"*.xn--sknit-yqa.no",3,1
"skánit.no",ICANN,"xn--sknit-yqa.no",3,1
"skanland.no",ICANN,"*.skanland.no",3,1
"skanland.no",ICANN,"skanland.no",3,1
"skånland.no",ICANN,"*.skånland.no",3,1
"skånland.no",ICANN,"skånland.no",3,1
"skånland.no",ICANN,"*.xn--sknland-fxa.no",3,1
"skånland.no",ICANN,"xn--sknland-fxa.no",3,1
"skaun.no",ICANN,"*.skaun.no",3,1
"skaun.no",ICANN,"skaun.no",3,1
"skedsmo.no",ICANN,"*.skedsmo.no",3,1
"skedsmo.no",ICANN,"skedsmo.no",3,1
"ski.no",ICANN,"*.ski.no",3,1
"ski.no",ICANN,"ski.no",3,1
"skien.no",ICANN,"*.skien.no",3,1
"skien.no",ICANN,"skien.no",3,1
"skierva.no",ICANN,"*.skierva.no",3,1
"skierva.no",ICANN,"skierva.no",3,1
"skiervá.no",ICANN,"*.skiervá.no",3,1
"skiervá.no",ICANN,"skiervá.no",3,1
"skiervá.no",ICANN,"*.xn--skierv-uta.no",3,1
"skiervá.no",ICANN,"xn--skierv-uta.no",3,1
"skiptvet.no",ICANN,"*.skiptvet.no",3,1
"skiptvet.no",ICANN,"skiptvet.no",3,1
"skjak.no",ICANN,"*.skjak.no",3,1
"skjak.no",ICANN,"skjak.no",3,1
"skjåk.no",ICANN,"*.skjåk.no",3,1
"skjåk.no",ICANN,"skjåk.no",3,1
"skjåk.no",ICANN,"*.xn--skjk-soa.no",3,1
"skjåk.no",ICANN,"xn--skjk-soa.no",3,1
"skjervoy.no",ICANN,"*.skjervoy.no",3,1
"skjervoy.no",ICANN,"skjervoy.no",3,1
"skjervøy.no",ICANN,"*.skjervøy.no",3,1
"skjervøy.no",ICANN,"skjervøy.no",3,1
"skjervøy.no",ICANN,"*.xn--skjervy-v1a.no",3,1
"skjervøy.no",ICANN,"xn--skjervy-v1a.no",3,1
"skodje.no",ICANN,"*.skodje.no",3,1
"skodje.no",ICANN,"skodje.no",3,1
"smola.no",ICANN,"*.smola.no",3,1
"smola.no",ICANN,"smola.no",3,1
"smøla.no",ICANN,"*.smøla.no",3,1
"smøla.no",ICANN,"smøla.no",3,1
"smøla.no",ICANN,"*.xn--smla-hra.no",3,1
"smøla.no",ICANN,"xn--smla-hra.no",3,1
"snaase.no",ICANN,"*.snaase.no",3,1
"snaase.no",ICANN,"snaase.no",3,1
"snåase.no",ICANN,"*.snåase.no",3,1
"snåase.no",ICANN,"snåase.no",3,1
"snåase.no",ICANN,"*.xn--snase-nra.no",3,1
"snåase.no",ICANN,"xn--snase-nra.no",3,1
"snasa.no",ICANN,"*.snasa.no",3,1
"snasa.no",ICANN,"snasa.no",3,1
"snåsa.no",ICANN,"*.snåsa.no",3,1
"snåsa.no",ICANN,"snåsa.no",3,1
"snåsa.no",ICANN,"*.xn--snsa-roa.no",3,1
"snåsa.no",ICANN,"xn--snsa-roa.no",3,1
"snillfjord.no",ICANN,"*.snillfjord.no",3,1
"snillfjord.no",ICANN,"snillfjord.no",3,1
"snoasa.no",ICANN,"*.snoasa.no",3,1
"snoasa.no",ICANN,"snoasa.no",3,1
"sogndal.no",ICANN,"*.sogndal.no",3,1
"sogndal.no",ICANN,"sogndal.no",3,1
"sogne.no",ICANN,"*.sogne.no",3,1
"sogne.no",ICANN,"sogne.no",3,1
"søgne.no",ICANN,"*.søgne.no",3,1
"søgne.no",ICANN,"søgne.no",3,1
"søgne.no",ICANN,"*.xn--sgne-gra.no",3,1
"søgne.no",ICANN,"xn--sgne-gra.no",3,1
"sokndal.no",ICANN,"*.sokndal.no",3,1
"sokndal.no",ICANN,"sokndal.no",3,1
"sola.no",ICANN,"*.sola.no",3,1
"sola.no",ICANN,"sola.no",3,1
"solund.no",ICANN,"*.solund.no",3,1
"solund.no",ICANN,"solund.no",3,1
"somna.no",ICANN,"*.somna.no",3,1
"somna.no",ICANN,"somna.no",3,1
"sømna.no",ICANN,"*.sømna.no",3,1
"sømna.no",ICANN,"sømna.no",3,1
"sømna.no",ICANN,"*.xn--smna-gra.no",3,1
"sømna.no",ICANN,"xn--smna-gra.no",3,1
"sondre-land.no",ICANN,"*.sondre-land.no",3,1
"sondre-land.no",ICANN,"sondre-land.no",3,1
"søndre-land.no",ICANN,"*.søndre-land.no",3,1
"søndre-land.no",ICANN,"søndre-land.no",3,1
"søndre-land.no",ICANN,"*.xn--sndre-land-0cb.no",3,1
"søndre-land.no",ICANN,"xn--sndre-land-0cb.no",3,1
"songdalen.no",ICANN,"*.songdalen.no",3,1
"songdalen.no",ICANN,"songdalen.no",3,1
"sor-aurdal.no",ICANN,"*.sor-aurdal.no",3,1
"sor-aurdal.no",ICANN,"sor-aurdal.no",3,1
"sør-aurdal.no",ICANN,"*.sør-aurdal.no",3,1
"sør-aurdal.no",ICANN,"sør-aurdal.no",3,1
"sør-aurdal.no",ICANN,"*.xn--sr-aurdal-l8a.no",3,1
"sør-aurdal.no",ICANN,"xn--sr-aurdal-l8a.no",3,1
"sor-fron.no",ICANN,"*.sor-fron.no",3,1
"sor-fron.no",ICANN,"sor-fron.no",3,1
"sør-fron.no",ICANN,"*.sør-fron.no",3,1
"sør-fron.no",ICANN,"sør-fron.no",3,1
"sør-fron.no",ICANN,"*.xn--sr-fron-q1a.no",3,1
"sør-fron.no",ICANN,"xn--sr-fron-q1a.no",3,1
"sor-odal.no",ICANN,"*.sor-odal.no",3,1
"sor-odal.no",ICANN,"sor-odal.no",3,1
"sør-odal.no",ICANN,"*.sør-odal.no",3,1
"sør-odal.no",ICANN,"sør-odal.no",3,1
"sør-odal.no",ICANN,"*.xn--sr-odal-q1a.no",3,1
"sør-odal.no",ICANN,"xn--sr-odal-q1a.no",3,1
"sor-varanger.no",ICANN,"*.sor-varanger.no",3,1
"sor-varanger.no",ICANN,"sor-varanger.no",3,1
"sør-varanger.no",ICANN,"*.sør-varanger.no",3,1
"sør-varanger.no",ICANN,"sør-varanger.no",3,1
"sør-varanger.no",ICANN,"*.xn--sr-varanger-ggb.no",3,1
"sør-varanger.no",ICANN,"xn--sr-varanger-ggb.no",3,1
"sorfold.no",ICANN,"*.sorfold.no",3,1
"sorfold.no",ICANN,"sorfold.no",3,1
"sørfold.no",ICANN,"*.sørfold.no",3,1
"sørfold.no",ICANN,"sørfold.no",3,1
"sørfold.no",ICANN,"*.xn--srfold-bya.no",3,1
"sørfold.no",ICANN,"xn--srfold-bya.no",3,1
"sorreisa.no",ICANN,"*.sorreisa.no",3,1
"sorreisa.no",ICANN,"sorreisa.no",3,1
"sørreisa.no",ICANN,"*.sørreisa.no",3,1
"sørreisa.no",ICANN,"sørreisa.no",3,1
"sørreisa.no",ICANN,"*.xn--srreisa-q1a.no",3,1
"sørreisa.no",ICANN,"xn--srreisa-q1a.no",3,1
"sortland.no",ICANN,"*.sortland.no",3,1
"sortland.no",ICANN,"sortland.no",3,1
"sorum.no",ICANN,"*.sorum.no",3,1
"sorum.no",ICANN,"sorum.no",3,1
"sørum.no",ICANN,"*.sørum.no",3,1
"sørum.no",ICANN,"sørum.no",3,1
"sørum.no",ICANN,"*.xn--srum-gra.no",3,1
"sørum.no",ICANN,"xn--srum-gra.no",3,1
"spydeberg.no",ICANN,"*.spydeberg.no",3,1
"spydeberg.no",ICANN,"spydeberg.no",3,1
"stange.no",ICANN,"*.stange.no",3,1
"stange.no",ICANN,"stange.no",3,1
"stavanger.no",ICANN,"*.stavanger.no",3,1
"stavanger.no",ICANN,"stavanger.no",3,1
"steigen.no",ICANN,"*.steigen.no",3,1
"steigen.no",ICANN,"steigen.no",3,1
"steinkjer.no",ICANN,"*.steinkjer.no",3,1
"steinkjer.no",ICANN,"steinkjer.no",3,1
"stjordal.no",ICANN,"*.stjordal.no",3,1
"stjordal.no",ICANN,"stjordal.no",3,1
"stjørdal.no",ICANN,"*.stjørdal.no",3,1
"stjørdal.no",ICANN,"stjørdal.no",3,1
"stjørdal.no",ICANN,"*.xn--stjrdal-s1a.no",3,1
"stjørdal.no",ICANN,"xn--stjrdal-s1a.no",3,1
"stokke.no",ICANN,"*.stokke.no",3,1
"stokke.no",ICANN,"stokke.no",3,1
"stor-elvdal.no",ICANN,"*.stor-elvdal.no",3,1
"stor-elvdal.no",ICANN,"stor-elvdal.no",3,1
"stord.no",ICANN,"*.stord.no",3,1
"stord.no",ICANN,"stord.no",3,1
"stordal.no",ICANN,"*.stordal.no",3,1
"stordal.no",ICANN,"stordal.no",3,1
"storfjord.no",ICANN,"*.storfjord.no",3,1
"storfjord.no",ICANN,"storfjord.no",3,1
"strand.no",ICANN,"*.strand.no",3,1
"strand.no",ICANN,"strand.no",3,1
"stranda.no",ICANN,"*.stranda.no",3,1
"stranda.no",ICANN,"stranda.no",3,1
"stryn.no",ICANN,"*.stryn.no",3,1
"stryn.no",ICANN,"stryn.no",3,1
"sula.no",ICANN,"*.sula.no",3,1
"sula.no",ICANN,"sula.no",3,1
"suldal.no",ICANN,"*.suldal.no",3,1
"suldal.no",ICANN,"suldal.no",3,1
"sund.no",ICANN,"*.sund.no",3,1
"sund.no",ICANN,"sund.no",3,1
"sunndal.no",ICANN,"*.sunndal.no",3,1
"sunndal.no",ICANN,"sunndal.no",3,1
"surnadal.no",ICANN,"*.surnadal.no",3,1
"surnadal.no",ICANN,"surnadal.no",3,1
"sveio.no",ICANN,"*.sveio.no",3,1
"sveio.no",ICANN,"sveio.no",3,1
"svelvik.no",ICANN,"*.svelvik.no",3,1
"svelvik.no",ICANN,"svelvik.no",3,1
"sykkylven.no",ICANN,"*.sykkylven.no",3,1
"sykkylven.no",ICANN,"sykkylven.no",3,1
"tana.no",ICANN,"*.tana.no",3,1
"tana.no",ICANN,"tana.no",3,1
"time.no",ICANN,"*.time.no",3,1
"time.no",ICANN,"time.no",3,1
"tingvoll.no",ICANN,"*.tingvoll.no",3,1
"tingvoll.no",ICANN,"tingvoll.no",3,1
"tinn.no",ICANN,"*.tinn.no",3,1
"tinn.no",ICANN,"tinn.no",3,1
"tjeldsund.no",ICANN,"*.tjeldsund.no",3,1
"tjeldsund.no",ICANN,"tjeldsund.no",3,1
"tjome.no",ICANN,"*.tjome.no",3,1
"tjome.no",ICANN,"tjome.no",3,1
"tjøme.no",ICANN,"*.tjøme.no",3,1
"tjøme.no",ICANN,"tjøme.no",3,1
"tjøme.no",ICANN,"*.xn--tjme-hra.no",3,1
"tjøme.no",ICANN,"xn--tjme-hra.no",3,1
"tokke.no",ICANN,"*.tokke.no",3,1
"tokke.no",ICANN,"tokke.no",3,1
"tolga.no",ICANN,"*.tolga.no",3,1
"tolga.no",ICANN,"tolga.no",3,1
"tonsberg.no",ICANN,"*.tonsberg.no",3,1
"tonsberg.no",ICANN,"tonsberg.no",3,1
"tønsberg.no",ICANN,"*.tønsberg.no",3,1
"tønsberg.no",ICANN,"tønsberg.no",3,1
"tønsberg.no",ICANN,"*.xn--tnsberg-q1a.no",3,1
"tønsberg.no",ICANN,"xn--tnsberg-q1a.no",3,1
"torsken.no",ICANN,"*.torsken.no",3,1
"torsken.no",ICANN,"torsken.no",3,1
"træna.no",ICANN,"*.træna.no",3,1
"træna.no",ICANN,"træna.no",3,1
"træna.no",ICANN,"*.xn--trna-woa.no",3,1
"træna.no",ICANN,"xn--trna-woa.no",3,1
"trana.no",ICANN,"*.trana.no",3,1
"trana.no",ICANN,"trana.no",3,1
"tranoy.no",ICANN,"*.tranoy.no",3,1
"tranoy.no",ICANN,"tranoy.no",3,1
"tranøy.no",ICANN,"*.tranøy.no",3,1
"tranøy.no",ICANN,"tranøy.no",3,1
"tranøy.no",ICANN,"*.xn--trany-yua.no",3,1
"tranøy.no",ICANN,"xn--trany-yua.no",3,1
"troandin.no",ICANN,"*.troandin.no",3,1
"troandin.no",ICANN,"troandin.no",3,1
"trogstad.no",ICANN,"*.trogstad.no",3,1
"trogstad.no",ICANN,"trogstad.no",3,1
"trøgstad.no",ICANN,"*.trøgstad.no",3,1
"trøgstad.no",ICANN,"trøgstad.no",3,1
"trøgstad.no",ICANN,"*.xn--trgstad-r1a.no",3,1
"trøgstad.no",ICANN,"xn--trgstad-r1a.no",3,1
"tromsa.no",ICANN,"*.tromsa.no",3,1
"tromsa.no",ICANN,"tromsa.no",3,1
"tromso.no",ICANN,"*.tromso.no",3,1
"tromso.no",ICANN,"tromso.no",3,1
"tromsø.no",ICANN,"*.tromsø.no",3,1
"tromsø.no",ICANN,"tromsø.no",3,1
"tromsø.no",ICANN,"*.xn--troms-zua.no",3,1
"tromsø.no",ICANN,"xn--troms-zua.no",3,1
"trondheim.no",ICANN,"*.trondheim.no",3,1
"trondheim.no",ICANN,"trondheim.no",3,1
"trysil.no",ICANN,"*.trysil.no",3,1
"trysil.no",ICANN,"trysil.no",3,1
"tvedestrand.no",ICANN,"*.tvedestrand.no",3,1
"tvedestrand.no",ICANN,"tvedestrand.no",3,1
"tydal.no",ICANN,"*.tydal.no",3,1
"tydal.no",ICANN,"tydal.no",3,1
"tynset.no",ICANN,"*.tynset.no",3,1
"tynset.no",ICANN,"tynset.no",3,1
"tysfjord.no",ICANN,"*.tysfjord.no",3,1
"tysfjord.no",ICANN,"tysfjord.no",3,1
"tysnes.no",ICANN,"*.tysnes.no",3,1
"tysnes.no",ICANN,"tysnes.no",3,1
"tysvær.no",ICANN,"*.tysvær.no",3,1
"tysvær.no",ICANN,"tysvær.no",3,1
"tysvær.no",ICANN,"*.xn--tysvr-vra.no",3,1
"tysvær.no",ICANN,"xn--tysvr-vra.no",3,1
"tysvar.no",ICANN,"*.tysvar.no",3,1
"tysvar.no",ICANN,"tysvar.no",3,1
"ullensaker.no",ICANN,"*.ullensaker.no",3,1
"ullensaker.no",ICANN,"ullensaker.no",3,1
"ullensvang.no",ICANN,"*.ullensvang.no",3,1
"ullensvang.no",ICANN,"ullensvang.no",3,1
"ulvik.no",ICANN,"*.ulvik.no",3,1
"ulvik.no",ICANN,"ulvik.no",3,1
"unjarga.no",ICANN,"*.unjarga.no",3,1
"unjarga.no",ICANN,"unjarga.no",3,1
"unjárga.no",ICANN,"*.unjárga.no",3,1
"unjárga.no",ICANN,"unjárga.no",3,1
"unjárga.no",ICANN,"*.xn--unjrga-rta.no",3,1
"unjárga.no",ICANN,"xn--unjrga-rta.no",3,1
"utsira.no",ICANN,"*.utsira.no",3,1
"utsira.no",ICANN,"utsira.no",3,1
"vaapste.no",ICANN,"*.vaapste.no",3,1
"vaapste.no",ICANN,"vaapste.no",3,1
"vadso.no",ICANN,"*.vadso.no",3,1
"vadso.no",ICANN,"vadso.no",3,1
"vadsø.no",ICANN,"*.vadsø.no",3,1
"vadsø.no",ICANN,"vadsø.no",3,1
"vadsø.no",ICANN,"*.xn--vads-jra.no",3,1
"vadsø.no",ICANN,"xn--vads-jra.no",3,1
"værøy.no",ICANN,"*.værøy.no",3,1
"værøy.no",ICANN,"værøy.no",3,1
"værøy.no",ICANN,"*.xn--vry-yla5g.no",3,1
"værøy.no",ICANN,"xn--vry-yla5g.no",3,1
"vaga.no",ICANN,"*.vaga.no",3,1
"vaga.no",ICANN,"vaga.no",3,1
"vågå.no",ICANN,"*.vågå.no",3,1
"vågå.no",ICANN,"vågå.no",3,1
"vågå.no",ICANN,"*.xn--vg-yiab.no",3,1
"vågå.no",ICANN,"xn--vg-yiab.no",3,1
"vagan.no",ICANN,"*.vagan.no",3,1
"vagan.no",ICANN,"vagan.no",3,1
"vågan.no",ICANN,"*.vågan.no",3,1
"vågan.no",ICANN,"vågan.no",3,1
"vågan.no",ICANN,"*.xn--vgan-qoa.no",3,1
"vågan.no",ICANN,"xn--vgan-qoa.no",3,1
"vagsoy.no",ICANN,"*.vagsoy.no",3,1
"vagsoy.no",ICANN,"vagsoy.no",3,1
"vågsøy.no",ICANN,"*.vågsøy.no",3,1
"vågsøy.no",ICANN,"vågsøy.no",3,1
"vågsøy.no",ICANN,"*.xn--vgsy-qoa0j.no",3,1
"vågsøy.no",ICANN,"xn--vgsy-qoa0j.no",3,1
"vaksdal.no",ICANN,"*.vaksdal.no",3,1
"vaksdal.no",ICANN,"vaksdal.no",3,1
"valle.no",ICANN,"*.valle.no",3,1
"valle.no",ICANN,"valle.no",3,1
"vang.no",ICANN,"*.vang.no",3,1
"vang.no",ICANN,"vang.no",3,1
"vanylven.no",ICANN,"*.vanylven.no",3,1
"vanylven.no",ICANN,"vanylven.no",3,1
"vardo.no",ICANN,"*.vardo.no",3,1
"vardo.no",ICANN,"vardo.no",3,1
"vardø.no",ICANN,"*.vardø.no",3,1
"vardø.no",ICANN,"vardø.no",3,1
"vardø.no",ICANN,"*.xn--vard-jra.no",3,1
"vardø.no",ICANN,"xn--vard-jra.no",3,1
"varggat.no",ICANN,"*.varggat.no",3,1
"varggat.no",ICANN,"varggat.no",3,1
"várggát.no",ICANN,"*.várggát.no",3,1
"várggát.no",ICANN,"várggát.no",3,1
"várggát.no",ICANN,"*.xn--vrggt-xqad.no",3,1
"várggát.no",ICANN,"xn--vrggt-xqad.no",3,1
"varoy.no",ICANN,"*.varoy.no",3,1
"varoy.no",ICANN,"varoy.no",3,1
"vefsn.no",ICANN,"*.vefsn.no",3,1
"vefsn.no",ICANN,"vefsn.no",3,1
"vega.no",ICANN,"*.vega.no",3,1
"vega.no",ICANN,"vega.no",3,1
"vegarshei.no",ICANN,"*.vegarshei.no",3,1
"vegarshei.no",ICANN,"vegarshei.no",3,1
"vegårshei.no",ICANN,"*.vegårshei.no",3,1
"vegårshei.no",ICANN,"vegårshei.no",3,1
"vegårshei.no",ICANN,"*.xn--vegrshei-c0a.no",3,1
"vegårshei.no",ICANN,"xn--vegrshei-c0a.no",3,1
"vennesla.no",ICANN,"*.vennesla.no",3,1
"vennesla.no",ICANN,"vennesla.no",3,1
"verdal.no",ICANN,"*.verdal.no",3,1
"verdal.no",ICANN,"verdal.no",3,1
"verran.no",ICANN,"*.verran.no",3,1
"verran.no",ICANN,"verran.no",3,1
"vestby.no",ICANN,"*.vestby.no",3,1
"vestby.no",ICANN,"vestby.no",3,1
"vestnes.no",ICANN,"*.vestnes.no",3,1
"vestnes.no",ICANN,"vestnes.no",3,1
"vestre-slidre.no",ICANN,"*.vestre-slidre.no",3,1
"vestre-slidre.no",ICANN,"vestre-slidre.no",3,1
"vestre-toten.no",ICANN,"*.vestre-toten.no",3,1
"vestre-toten.no",ICANN,"vestre-toten.no",3,1
"vestvagoy.no",ICANN,"*.vestvagoy.no",3,1
"vestvagoy.no",ICANN,"vestvagoy.no",3,1
"vestvågøy.no",ICANN,"*.vestvågøy.no",3,1
"vestvågøy.no",ICANN,"vestvågøy.no",3,1
"vestvågøy.no",ICANN,"*.xn--vestvgy-ixa6o.no",3,1
"vestvågøy.no",ICANN,"xn--vestvgy-ixa6o.no",3,1
"vevelstad.no",ICANN,"*.vevelstad.no",3,1
"vevelstad.no",ICANN,"vevelstad.no",3,1
"vik.no",ICANN,"*.vik.no",3,1
"vik.no",ICANN,"vik.no",3,1
"vikna.no",ICANN,"*.vikna.no",3,1
"vikna.no",ICANN,"vikna.no",3,1
"vindafjord.no",ICANN,"*.vindafjord.no",3,1
"vindafjord.no",ICANN,"vindafjord.no",3,1
"voagat.no",ICANN,"*.voagat.no",3,1
"voagat.no",ICANN,"voagat.no",3,1
"volda.no",ICANN,"*.volda.no",3,1
"volda.no",ICANN,"volda.no",3,1
"voss.no",ICANN,"*.voss.no",3,1
"voss.no",ICANN,"voss.no",3,1
"biz.nr",ICANN,"*.biz.nr",3,1
"biz.nr",ICANN,"biz.nr",3,1
"com.nr",ICANN,"*.com.nr",3,1
"com.nr",ICANN,"com.nr",3,1
"edu.nr",ICANN,"*.edu.nr",3,1
"edu.nr",ICANN,"edu.nr",3,1
"gov.nr",ICANN,"*.gov.nr",3,1
"gov.nr",ICANN,"gov.nr",3,1
"info.nr",ICANN,"*.info.nr",3,1
"info.nr",ICANN,"info.nr",3,1
"net.nr",ICANN,"*.net.nr",3,1
"net.nr",ICANN,"net.nr",3,1
"org.nr",ICANN,"*.org.nr",3,1
"org.nr",ICANN,"org.nr",3,1
"ac.nz",ICANN,"*.ac.nz",3,1
"ac.nz",ICANN,"ac.nz",3,1
"co.nz",ICANN,"*.co.nz",3,1
"co.nz",ICANN,"co.nz",3,1
"cri.nz",ICANN,"*.cri.nz",3,1
"cri.nz",ICANN,"cri.nz",3,1
"geek.nz",ICANN,"*.geek.nz",3,1
"geek.nz",ICANN,"geek.nz",3,1
"gen.nz",ICANN,"*.gen.nz",3,1
"gen.nz",ICANN,"gen.nz",3,1
"govt.nz",ICANN,"*.govt.nz",3,1
"govt.nz",ICANN,"govt.nz",3,1
"health.nz",ICANN,"*.health.nz",3,1
"health.nz",ICANN,"health.nz",3,1
"iwi.nz",ICANN,"*.iwi.nz",3,1
"iwi.nz",ICANN,"iwi.nz",3,1
"kiwi.nz",ICANN,"*.kiwi.nz",3,1
"kiwi.nz",ICANN,"kiwi.nz",3,1
"maori.nz",ICANN,"*.maori.nz",3,1
"maori.nz",ICANN,"maori.nz",3,1
"māori.nz",ICANN,"*.māori.nz",3,1
"māori.nz",ICANN,"māori.nz",3,1
"māori.nz",ICANN,"*.xn--mori-qsa.nz",3,1
"māori.nz",ICANN,"xn--mori-qsa.nz",3,1
"mil.nz",ICANN,"*.mil.nz",3,1
"mil.nz",ICANN,"mil.nz",3,1
"net.nz",ICANN,"*.net.nz",3,1
"net.nz",ICANN,"net.nz",3,1
"org.nz",ICANN,"*.org.nz",3,1
"org.nz",ICANN,"org.nz",3,1
"parliament.nz",ICANN,"*.parliament.nz",3,1
"parliament.nz",ICANN,"parliament.nz",3,1
"school.nz",ICANN,"*.school.nz",3,1
"school.nz",ICANN,"school.nz",3,1
"co.om",ICANN,"*.co.om",3,1
"co.om",ICANN,"co.om",3,1
"com.om",ICANN,"*.com.om",3,1
"com.om",ICANN,"com.om",3,1
"edu.om",ICANN,"*.edu.om",3,1
"edu.om",ICANN,"edu.om",3,1
"gov.om",ICANN,"*.gov.om",3,1
"gov.om",ICANN,"gov.om",3,1
"med.om",ICANN,"*.med.om",3,1
"med.om",ICANN,"med.om",3,1
"museum.om",ICANN,"*.museum.om",3,1
"museum.om",ICANN,"museum.om",3,1
"net.om",ICANN,"*.net.om",3,1
"net.om",ICANN,"net.om",3,1
"org.om",ICANN,"*.org.om",3,1
"org.om",ICANN,"org.om",3,1
"pro.om",ICANN,"*.pro.om",3,1
"pro.om",ICANN,"pro.om",3,1
"abo.pa",ICANN,"*.abo.pa",3,1
"abo.pa",ICANN,"abo.pa",3,1
"ac.pa",ICANN,"*.ac.pa",3,1
"ac.pa",ICANN,"ac.pa",3,1
"com.pa",ICANN,"*.com.pa",3,1
"com.pa",ICANN,"com.pa",3,1
"edu.pa",ICANN,"*.edu.pa",3,1
"edu.pa",ICANN,"edu.pa",3,1
"gob.pa",ICANN,"*.gob.pa",3,1
"gob.pa",ICANN,"gob.pa",3,1
"ing.pa",ICANN,"*.ing.pa",3,1
"ing.pa",ICANN,"ing.pa",3,1
"med.pa",ICANN,"*.med.pa",3,1
"med.pa",ICANN,"med.pa",3,1
"net.pa",ICANN,"*.net.pa",3,1
"net.pa",ICANN,"net.pa",3,1
"nom.pa",ICANN,"*.nom.pa",3,1
"nom.pa",ICANN,"nom.pa",3,1
"org.pa",ICANN,"*.org.pa",3,1
"org.pa",ICANN,"org.pa",3,1
"sld.pa",ICANN,"*.sld.pa",3,1
"sld.pa",ICANN,"sld.pa",3,1
"com.pe",ICANN,"*.com.pe",3,1
"com.pe",ICANN,"com.pe",3,1
"edu.pe",ICANN,"*.edu.pe",3,1
"edu.pe",ICANN,"edu.pe",3,1
"gob.pe",ICANN,"*.gob.pe",3,1
"gob.pe",ICANN,"gob.pe",3,1
"mil.pe",ICANN,"*.mil.pe",3,1
"mil.pe",ICANN,"mil.pe",3,1
"net.pe",ICANN,"*.net.pe",3,1
"net.pe",ICANN,"net.pe",3,1
"nom.pe",ICANN,"*.nom.pe",3,1
"nom.pe",ICANN,"nom.pe",3,1
"org.pe",ICANN,"*.org.pe",3,1
"org.pe",ICANN,"org.pe",3,1
"com.pf",ICANN,"*.com.pf",3,1
"com.pf",ICANN,"com.pf",3,1
"edu.pf",ICANN,"*.edu.pf",3,1
"edu.pf",ICANN,"edu.pf",3,1
"org.pf",ICANN,"*.org.pf",3,1
"org.pf",ICANN,"org.pf",3,1
"com.ph",ICANN,"*.com.ph",3,1
"com.ph",ICANN,"com.ph",3,1
"edu.ph",ICANN,"*.edu.ph",3,1
"edu.ph",ICANN,"edu.ph",3,1
"gov.ph",ICANN,"*.gov.ph",3,1
"gov.ph",ICANN,"gov.ph",3,1
"i.ph",ICANN,"*.i.ph",3,1
"i.ph",ICANN,"i.ph",3,1
"mil.ph",ICANN,"*.mil.ph",3,1
"mil.ph",ICANN,"mil.ph",3,1
"net.ph",ICANN,"*.net.ph",3,1
"net.ph",ICANN,"net.ph",3,1
"ngo.ph",ICANN,"*.ngo.ph",3,1
"ngo.ph",ICANN,"ngo.ph",3,1
"org.ph",ICANN,"*.org.ph",3,1
"org.ph",ICANN,"org.ph",3,1
"ac.pk",ICANN,"*.ac.pk",3,1
"ac.pk",ICANN,"ac.pk",3,1
"biz.pk",ICANN,"*.biz.pk",3,1
"biz.pk",ICANN,"biz.pk",3,1
"com.pk",ICANN,"*.com.pk",3,1
"com.pk",ICANN,"com.pk",3,1
"edu.pk",ICANN,"*.edu.pk",3,1
"edu.pk",ICANN,"edu.pk",3,1
"fam.pk",ICANN,"*.fam.pk",3,1
"fam.pk",ICANN,"fam.pk",3,1
"gkp.pk",ICANN,"*.gkp.pk",3,1
"gkp.pk",ICANN,"gkp.pk",3,1
"gob.pk",ICANN,"*.gob.pk",3,1
"gob.pk",ICANN,"gob.pk",3,1
"gog.pk",ICANN,"*.gog.pk",3,1
"gog.pk",ICANN,"gog.pk",3,1
"gok.pk",ICANN,"*.gok.pk",3,1
"gok.pk",ICANN,"gok.pk",3,1
"gop.pk",ICANN,"*.gop.pk",3,1
"gop.pk",ICANN,"gop.pk",3,1
"gos.pk",ICANN,"*.gos.pk",3,1
"gos.pk",ICANN,"gos.pk",3,1
"gov.pk",ICANN,"*.gov.pk",3,1
"gov.pk",ICANN,"gov.pk",3,1
"net.pk",ICANN,"*.net.pk",3,1
"net.pk",ICANN,"net.pk",3,1
"org.pk",ICANN,"*.org.pk",3,1
"org.pk",ICANN,"org.pk",3,1
"web.pk",ICANN,"*.web.pk",3,1
"web.pk",ICANN,"web.pk",3,1
"com.pl",ICANN,"*.com.pl",3,1
"com.pl",ICANN,"com.pl",3,1
"net.pl",ICANN,"*.net.pl",3,1
"net.pl",ICANN,"net.pl",3,1
"org.pl",ICANN,"*.org.pl",3,1
"org.pl",ICANN,"org.pl",3,1
"agro.pl",ICANN,"*.agro.pl",3,1
"agro.pl",ICANN,"agro.pl",3,1
"aid.pl",ICANN,"*.aid.pl",3,1
"aid.pl",ICANN,"aid.pl",3,1
"atm.pl",ICANN,"*.atm.pl",3,1
"atm.pl",ICANN,"atm.pl",3,1
"auto.pl",ICANN,"*.auto.pl",3,1
"auto.pl",ICANN,"auto.pl",3,1
"biz.pl",ICANN,"*.biz.pl",3,1
"biz.pl",ICANN,"biz.pl",3,1
"edu.pl",ICANN,"*.edu.pl",3,1
"edu.pl",ICANN,"edu.pl",3,1
"gmina.pl",ICANN,"*.gmina.pl",3,1
"gmina.pl",ICANN,"gmina.pl",3,1
"gsm.pl",ICANN,"*.gsm.pl",3,1
"gsm.pl",ICANN,"gsm.pl",3,1
"info.pl",ICANN,"*.info.pl",3,1
"info.pl",ICANN,"info.pl",3,1
"mail.pl",ICANN,"*.mail.pl",3,1
"mail.pl",ICANN,"mail.pl",3,1
"media.pl",ICANN,"*.media.pl",3,1
"media.pl",ICANN,"media.pl",3,1
"miasta.pl",ICANN,"*.miasta.pl",3,1
"miasta.pl",ICANN,"miasta.pl",3,1
"mil.pl",ICANN,"*.mil.pl",3,1
"mil.pl",ICANN,"mil.pl",3,1
"nieruchomosci.pl",ICANN,"*.nieruchomosci.pl",3,1
"nieruchomosci.pl",ICANN,"nieruchomosci.pl",3,1
"nom.pl",ICANN,"*.nom.pl",3,1
"nom.pl",ICANN,"nom.pl",3,1
"pc.pl",ICANN,"*.pc.pl",3,1
"pc.pl",ICANN,"pc.pl",3,1
"powiat.pl",ICANN,"*.powiat.pl",3,1
"powiat.pl",ICANN,"powiat.pl",3,1
"priv.pl",ICANN,"*.priv.pl",3,1
"priv.pl",ICANN,"priv.pl",3,1
"realestate.pl",ICANN,"*.realestate.pl",3,1
"realestate.pl",ICANN,"realestate.pl",3,1
"rel.pl",ICANN,"*.rel.pl",3,1
"rel.pl",ICANN,"rel.pl",3,1
"sex.pl",ICANN,"*.sex.pl",3,1
"sex.pl",ICANN,"sex.pl",3,1
"shop.pl",ICANN,"*.shop.pl",3,1
"shop.pl",ICANN,"shop.pl",3,1
"sklep.pl",ICANN,"*.sklep.pl",3,1
"sklep.pl",ICANN,"sklep.pl",3,1
"sos.pl",ICANN,"*.sos.pl",3,1
"sos.pl",ICANN,"sos.pl",3,1
"szkola.pl",ICANN,"*.szkola.pl",3,1
"szkola.pl",ICANN,"szkola.pl",3,1
"targi.pl",ICANN,"*.targi.pl",3,1
"targi.pl",ICANN,"targi.pl",3,1
"tm.pl",ICANN,"*.tm.pl",3,1
"tm.pl",ICANN,"tm.pl",3,1
"tourism.pl",ICANN,"*.tourism.pl",3,1
"tourism.pl",ICANN,"tourism.pl",3,1
"travel.pl",ICANN,"*.travel.pl",3,1
"travel.pl",ICANN,"travel.pl",3,1
"turystyka.pl",ICANN,"*.turystyka.pl",3,1
"turystyka.pl",ICANN,"turystyka.pl",3,1
"gov.pl",ICANN,"*.gov.pl",3,1
"gov.pl",ICANN,"gov.pl",3,1
"augustow.pl",ICANN,"*.augustow.pl",3,1
"augustow.pl",ICANN,"augustow.pl",3,1
"babia-gora.pl",ICANN,"*.babia-gora.pl",3,1
"babia-gora.pl",ICANN,"babia-gora.pl",3,1
"bedzin.pl",ICANN,"*.bedzin.pl",3,1
"bedzin.pl",ICANN,"bedzin.pl",3,1
"beskidy.pl",ICANN,"*.beskidy.pl",3,1
"beskidy.pl",ICANN,"beskidy.pl",3,1
"bialowieza.pl",ICANN,"*.bialowieza.pl",3,1
"bialowieza.pl",ICANN,"bialowieza.pl",3,1
"bialystok.pl",ICANN,"*.bialystok.pl",3,1
"bialystok.pl",ICANN,"bialystok.pl",3,1
"bielawa.pl",ICANN,"*.bielawa.pl",3,1
"bielawa.pl",ICANN,"bielawa.pl",3,1
"bieszczady.pl",ICANN,"*.bieszczady.pl",3,1
"bieszczady.pl",ICANN,"bieszczady.pl",3,1
"boleslawiec.pl",ICANN,"*.boleslawiec.pl",3,1
"boleslawiec.pl",ICANN,"boleslawiec.pl",3,1
"bydgoszcz.pl",ICANN,"*.bydgoszcz.pl",3,1
"bydgoszcz.pl",ICANN,"bydgoszcz.pl",3,1
"bytom.pl",ICANN,"*.bytom.pl",3,1
"bytom.pl",ICANN,"bytom.pl",3,1
"cieszyn.pl",ICANN,"*.cieszyn.pl",3,1
"cieszyn.pl",ICANN,"cieszyn.pl",3,1
"czeladz.pl",ICANN,"*.czeladz.pl",3,1
"czeladz.pl",ICANN,"czeladz.pl",3,1
"czest.pl",ICANN,"*.czest.pl",3,1
"czest.pl",ICANN,"czest.pl",3,1
"dlugoleka.pl",ICANN,"*.dlugoleka.pl",3,1
"dlugoleka.pl",ICANN,"dlugoleka.pl",3,1
"elblag.pl",ICANN,"*.elblag.pl",3,1
"elblag.pl",ICANN,"elblag.pl",3,1
"elk.pl",ICANN,"*.elk.pl",3,1
"elk.pl",ICANN,"elk.pl",3,1
"glogow.pl",ICANN,"*.glogow.pl",3,1
"glogow.pl",ICANN,"glogow.pl",3,1
"gniezno.pl",ICANN,"*.gniezno.pl",3,1
"gniezno.pl",ICANN,"gniezno.pl",3,1
"gorlice.pl",ICANN,"*.gorlice.pl",3,1
"gorlice.pl",ICANN,"gorlice.pl",3,1
"grajewo.pl",ICANN,"*.grajewo.pl",3,1
"grajewo.pl",ICANN,"grajewo.pl",3,1
"ilawa.pl",ICANN,"*.ilawa.pl",3,1
"ilawa.pl",ICANN,"ilawa.pl",3,1
"jaworzno.pl",ICANN,"*.jaworzno.pl",3,1
"jaworzno.pl",ICANN,"jaworzno.pl",3,1
"jelenia-gora.pl",ICANN,"*.jelenia-gora.pl",3,1
"jelenia-gora.pl",ICANN,"jelenia-gora.pl",3,1
"jgora.pl",ICANN,"*.jgora.pl",3,1
"jgora.pl",ICANN,"jgora.pl",3,1
"kalisz.pl",ICANN,"*.kalisz.pl",3,1
"kalisz.pl",ICANN,"kalisz.pl",3,1
"karpacz.pl",ICANN,"*.karpacz.pl",3,1
"karpacz.pl",ICANN,"karpacz.pl",3,1
"kartuzy.pl",ICANN,"*.kartuzy.pl",3,1
"kartuzy.pl",ICANN,"kartuzy.pl",3,1
"kaszuby.pl",ICANN,"*.kaszuby.pl",3,1
"kaszuby.pl",ICANN,"kaszuby.pl",3,1
"katowice.pl",ICANN,"*.katowice.pl",3,1
"katowice.pl",ICANN,"katowice.pl",3,1
"kazimierz-dolny.pl",ICANN,"*.kazimierz-dolny.pl",3,1
"kazimierz-dolny.pl",ICANN,"kazimierz-dolny.pl",3,1
"kepno.pl",ICANN,"*.kepno.pl",3,1
"kepno.pl",ICANN,"kepno.pl",3,1
"ketrzyn.pl",ICANN,"*.ketrzyn.pl",3,1
"ketrzyn.pl",ICANN,"ketrzyn.pl",3,1
"klodzko.pl",ICANN,"*.klodzko.pl",3,1
"klodzko.pl",ICANN,"klodzko.pl",3,1
"kobierzyce.pl",ICANN,"*.kobierzyce.pl",3,1
"kobierzyce.pl",ICANN,"kobierzyce.pl",3,1
"kolobrzeg.pl",ICANN,"*.kolobrzeg.pl",3,1
"kolobrzeg.pl",ICANN,"kolobrzeg.pl",3,1
"konin.pl",ICANN,"*.konin.pl",3,1
"konin.pl",ICANN,"konin.pl",3,1
"konskowola.pl",ICANN,"*.konskowola.pl",3,1
"konskowola.pl",ICANN,"konskowola.pl",3,1
"kutno.pl",ICANN,"*.kutno.pl",3,1
"kutno.pl",ICANN,"kutno.pl",3,1
"lapy.pl",ICANN,"*.lapy.pl",3,1
"lapy.pl",ICANN,"lapy.pl",3,1
"lebork.pl",ICANN,"*.lebork.pl",3,1
"lebork.pl",ICANN,"lebork.pl",3,1
"legnica.pl",ICANN,"*.legnica.pl",3,1
"legnica.pl",ICANN,"legnica.pl",3,1
"lezajsk.pl",ICANN,"*.lezajsk.pl",3,1
"lezajsk.pl",ICANN,"lezajsk.pl",3,1
"limanowa.pl",ICANN,"*.limanowa.pl",3,1
"limanowa.pl",ICANN,"limanowa.pl",3,1
"lomza.pl",ICANN,"*.lomza.pl",3,1
"lomza.pl",ICANN,"lomza.pl",3,1
"lowicz.pl",ICANN,"*.lowicz.pl",3,1
"lowicz.pl",ICANN,"lowicz.pl",3,1
"lubin.pl",ICANN,"*.lubin.pl",3,1
"lubin.pl",ICANN,"lubin.pl",3,1
"lukow.pl",ICANN,"*.lukow.pl",3,1
"lukow.pl",ICANN,"lukow.pl",3,1
"malbork.pl",ICANN,"*.malbork.pl",3,1
"malbork.pl",ICANN,"malbork.pl",3,1
"malopolska.pl",ICANN,"*.malopolska.pl",3,1
"malopolska.pl",ICANN,"malopolska.pl",3,1
"mazowsze.pl",ICANN,"*.mazowsze.pl",3,1
"mazowsze.pl",ICANN,"mazowsze.pl",3,1
"mazury.pl",ICANN,"*.mazury.pl",3,1
"mazury.pl",ICANN,"mazury.pl",3,1
"mielec.pl",ICANN,"*.mielec.pl",3,1
"mielec.pl",ICANN,"mielec.pl",3,1
"mielno.pl",ICANN,"*.mielno.pl",3,1
"mielno.pl",ICANN,"mielno.pl",3,1
"mragowo.pl",ICANN,"*.mragowo.pl",3,1
"mragowo.pl",ICANN,"mragowo.pl",3,1
"naklo.pl",ICANN,"*.naklo.pl",3,1
"naklo.pl",ICANN,"naklo.pl",3,1
"nowaruda.pl",ICANN,"*.nowaruda.pl",3,1
"nowaruda.pl",ICANN,"nowaruda.pl",3,1
"nysa.pl",ICANN,"*.nysa.pl",3,1
"nysa.pl",ICANN,"nysa.pl",3,1
"olawa.pl",ICANN,"*.olawa.pl",3,1
"olawa.pl",ICANN,"olawa.pl",3,1
"olecko.pl",ICANN,"*.olecko.pl",3,1
"olecko.pl",ICANN,"olecko.pl",3,1
"olkusz.pl",ICANN,"*.olkusz.pl",3,1
"olkusz.pl",ICANN,"olkusz.pl",3,1
"olsztyn.pl",ICANN,"*.olsztyn.pl",3,1
"olsztyn.pl",ICANN,"olsztyn.pl",3,1
"opoczno.pl",ICANN,"*.opoczno.pl",3,1
"opoczno.pl",ICANN,"opoczno.pl",3,1
"opole.pl",ICANN,"*.opole.pl",3,1
"opole.pl",ICANN,"opole.pl",3,1
"ostroda.pl",ICANN,"*.ostroda.pl",3,1
"ostroda.pl",ICANN,"ostroda.pl",3,1
"ostroleka.pl",ICANN,"*.ostroleka.pl",3,1
"ostroleka.pl",ICANN,"ostroleka.pl",3,1
"ostrowiec.pl",ICANN,"*.ostrowiec.pl",3,1
"ostrowiec.pl",ICANN,"ostrowiec.pl",3,1
"ostrowwlkp.pl",ICANN,"*.ostrowwlkp.pl",3,1
"ostrowwlkp.pl",ICANN,"ostrowwlkp.pl",3,1
"pila.pl",ICANN,"*.pila.pl",3,1
"pila.pl",ICANN,"pila.pl",3,1
"pisz.pl",ICANN,"*.pisz.pl",3,1
"pisz.pl",ICANN,"pisz.pl",3,1
"podhale.pl",ICANN,"*.podhale.pl",3,1
"podhale.pl",ICANN,"podhale.pl",3,1
"podlasie.pl",ICANN,"*.podlasie.pl",3,1
"podlasie.pl",ICANN,"podlasie.pl",3,1
"polkowice.pl",ICANN,"*.polkowice.pl",3,1
"polkowice.pl",ICANN,"polkowice.pl",3,1
"pomorskie.pl",ICANN,"*.pomorskie.pl",3,1
"pomorskie.pl",ICANN,"pomorskie.pl",3,1
"pomorze.pl",ICANN,"*.pomorze.pl",3,1
"pomorze.pl",ICANN,"pomorze.pl",3,1
"prochowice.pl",ICANN,"*.prochowice.pl",3,1
"prochowice.pl",ICANN,"prochowice.pl",3,1
"pruszkow.pl",ICANN,"*.pruszkow.pl",3,1
"pruszkow.pl",ICANN,"pruszkow.pl",3,1
"przeworsk.pl",ICANN,"*.przeworsk.pl",3,1
"przeworsk.pl",ICANN,"przeworsk.pl",3,1
"pulawy.pl",ICANN,"*.pulawy.pl",3,1
"pulawy.pl",ICANN,"pulawy.pl",3,1
"radom.pl",ICANN,"*.radom.pl",3,1
"radom.pl",ICANN,"radom.pl",3,1
"rawa-maz.pl",ICANN,"*.rawa-maz.pl",3,1
"rawa-maz.pl",ICANN,"rawa-maz.pl",3,1
"rybnik.pl",ICANN,"*.rybnik.pl",3,1
"rybnik.pl",ICANN,"rybnik.pl",3,1
"rzeszow.pl",ICANN,"*.rzeszow.pl",3,1
"rzeszow.pl",ICANN,"rzeszow.pl",3,1
"sanok.pl",ICANN,"*.sanok.pl",3,1
"sanok.pl",ICANN,"sanok.pl",3,1
"sejny.pl",ICANN,"*.sejny.pl",3,1
"sejny.pl",ICANN,"sejny.pl",3,1
"skoczow.pl",ICANN,"*.skoczow.pl",3,1
"skoczow.pl",ICANN,"skoczow.pl",3,1
"slask.pl",ICANN,"*.slask.pl",3,1
"slask.pl",ICANN,"slask.pl",3,1
"slupsk.pl",ICANN,"*.slupsk.pl",3,1
"slupsk.pl",ICANN,"slupsk.pl",3,1
"sosnowiec.pl",ICANN,"*.sosnowiec.pl",3,1
"sosnowiec.pl",ICANN,"sosnowiec.pl",3,1
"stalowa-wola.pl",ICANN,"*.stalowa-wola.pl",3,1
"stalowa-wola.pl",ICANN,"stalowa-wola.pl",3,1
"starachowice.pl",ICANN,"*.starachowice.pl",3,1
"starachowice.pl",ICANN,"starachowice.pl",3,1
"stargard.pl",ICANN,"*.stargard.pl",3,1
"stargard.pl",ICANN,"stargard.pl",3,1
"suwalki.pl",ICANN,"*.suwalki.pl",3,1
"suwalki.pl",ICANN,"suwalki.pl",3,1
"swidnica.pl",ICANN,"*.swidnica.pl",3,1
"swidnica.pl",ICANN,"swidnica.pl",3,1
"swiebodzin.pl",ICANN,"*.swiebodzin.pl",3,1
"swiebodzin.pl",ICANN,"swiebodzin.pl",3,1
"swinoujscie.pl",ICANN,"*.swinoujscie.pl",3,1
"swinoujscie.pl",ICANN,"swinoujscie.pl",3,1
"szczecin.pl",ICANN,"*.szczecin.pl",3,1
"szczecin.pl",ICANN,"szczecin.pl",3,1
"szczytno.pl",ICANN,"*.szczytno.pl",3,1
"szczytno.pl",ICANN,"szczytno.pl",3,1
"tarnobrzeg.pl",ICANN,"*.tarnobrzeg.pl",3,1
"tarnobrzeg.pl",ICANN,"tarnobrzeg.pl",3,1
"tgory.pl",ICANN,"*.tgory.pl",3,1
"tgory.pl",ICANN,"tgory.pl",3,1
"turek.pl",ICANN,"*.turek.pl",3,1
"turek.pl",ICANN,"turek.pl",3,1
"tychy.pl",ICANN,"*.tychy.pl",3,1
"tychy.pl",ICANN,"tychy.pl",3,1
"ustka.pl",ICANN,"*.ustka.pl",3,1
"ustka.pl",ICANN,"ustka.pl",3,1
"walbrzych.pl",ICANN,"*.walbrzych.pl",3,1
"walbrzych.pl",ICANN,"walbrzych.pl",3,1
"warmia.pl",ICANN,"*.warmia.pl",3,1
"warmia.pl",ICANN,"warmia.pl",3,1
"warszawa.pl",ICANN,"*.warszawa.pl",3,1
"warszawa.pl",ICANN,"warszawa.pl",3,1
"waw.pl",ICANN,"*.waw.pl",3,1
"waw.pl",ICANN,"waw.pl",3,1
"wegrow.pl",ICANN,"*.wegrow.pl",3,1
"wegrow.pl",ICANN,"wegrow.pl",3,1
"wielun.pl",ICANN,"*.wielun.pl",3,1
"wielun.pl",ICANN,"wielun.pl",3,1
"wlocl.pl",ICANN,"*.wlocl.pl",3,1
"wlocl.pl",ICANN,"wlocl.pl",3,1
"wloclawek.pl",ICANN,"*.wloclawek.pl",3,1
"wloclawek.pl",ICANN,"wloclawek.pl",3,1
"wodzislaw.pl",ICANN,"*.wodzislaw.pl",3,1
"wodzislaw.pl",ICANN,"wodzislaw.pl",3,1
"wolomin.pl",ICANN,"*.wolomin.pl",3,1
"wolomin.pl",ICANN,"wolomin.pl",3,1
"wroclaw.pl",ICANN,"*.wroclaw.pl",3,1
"wroclaw.pl",ICANN,"wroclaw.pl",3,1
"zachpomor.pl",ICANN,"*.zachpomor.pl",3,1
"zachpomor.pl",ICANN,"zachpomor.pl",3,1
"zagan.pl",ICANN,"*.zagan.pl",3,1
"zagan.pl",ICANN,"zagan.pl",3,1
"zarow.pl",ICANN,"*.zarow.pl",3,1
"zarow.pl",ICANN,"zarow.pl",3,1
"zgora.pl",ICANN,"*.zgora.pl",3,1
"zgora.pl",ICANN,"zgora.pl",3,1
"zgorzelec.pl",ICANN,"*.zgorzelec.pl",3,1
"zgorzelec.pl",ICANN,"zgorzelec.pl",3,1
"co.pn",ICANN,"*.co.pn",3,1
"co.pn",ICANN,"co.pn",3,1
"edu.pn",ICANN,"*.edu.pn",3,1
"edu.pn",ICANN,"edu.pn",3,1
"gov.pn",ICANN,"*.gov.pn",3,1
"gov.pn",ICANN,"gov.pn",3,1
"net.pn",ICANN,"*.net.pn",3,1
"net.pn",ICANN,"net.pn",3,1
"org.pn",ICANN,"*.org.pn",3,1
"org.pn",ICANN,"org.pn",3,1
"biz.pr",ICANN,"*.biz.pr",3,1
"biz.pr",ICANN,"biz.pr",3,1
"com.pr",ICANN,"*.com.pr",3,1
"com.pr",ICANN,"com.pr",3,1
"edu.pr",ICANN,"*.edu.pr",3,1
"edu.pr",ICANN,"edu.pr",3,1
"gov.pr",ICANN,"*.gov.pr",3,1
"gov.pr",ICANN,"gov.pr",3,1
"info.pr",ICANN,"*.info.pr",3,1
"info.pr",ICANN,"info.pr",3,1
"isla.pr",ICANN,"*.isla.pr",3,1
"isla.pr",ICANN,"isla.pr",3,1
"name.pr",ICANN,"*.name.pr",3,1
"name.pr",ICANN,"name.pr",3,1
"net.pr",ICANN,"*.net.pr",3,1
"net.pr",ICANN,"net.pr",3,1
"org.pr",ICANN,"*.org.pr",3,1
"org.pr",ICANN,"org.pr",3,1
"pro.pr",ICANN,"*.pro.pr",3,1
"pro.pr",ICANN,"pro.pr",3,1
"ac.pr",ICANN,"*.ac.pr",3,1
"ac.pr",ICANN,"ac.pr",3,1
"est.pr",ICANN,"*.est.pr",3,1
"est.pr",ICANN,"est.pr",3,1
"prof.pr",ICANN,"*.prof.pr",3,1
"prof.pr",ICANN,"prof.pr",3,1
"aaa.pro",ICANN,"*.aaa.pro",3,1
"aaa.pro",ICANN,"aaa.pro",3,1
"aca.pro",ICANN,"*.aca.pro",3,1
"aca.pro",ICANN,"aca.pro",3,1
"acct.pro",ICANN,"*.acct.pro",3,1
"acct.pro",ICANN,"acct.pro",3,1
"avocat.pro",ICANN,"*.avocat.pro",3,1
"avocat.pro",ICANN,"avocat.pro",3,1
"bar.pro",ICANN,"*.bar.pro",3,1
"bar.pro",ICANN,"bar.pro",3,1
"cpa.pro",ICANN,"*.cpa.pro",3,1
"cpa.pro",ICANN,"cpa.pro",3,1
"eng.pro",ICANN,"*.eng.pro",3,1
"eng.pro",ICANN,"eng.pro",3,1
"jur.pro",ICANN,"*.jur.pro",3,1
"jur.pro",ICANN,"jur.pro",3,1
"law.pro",ICANN,"*.law.pro",3,1
"law.pro",ICANN,"law.pro",3,1
"med.pro",ICANN,"*.med.pro",3,1
"med.pro",ICANN,"med.pro",3,1
"recht.pro",ICANN,"*.recht.pro",3,1
"recht.pro",ICANN,"recht.pro",3,1
"com.ps",ICANN,"*.com.ps",3,1
"com.ps",ICANN,"com.ps",3,1
"edu.ps",ICANN,"*.edu.ps",3,1
"edu.ps",ICANN,"edu.ps",3,1
"gov.ps",ICANN,"*.gov.ps",3,1
"gov.ps",ICANN,"gov.ps",3,1
"net.ps",ICANN,"*.net.ps",3,1
"net.ps",ICANN,"net.ps",3,1
"org.ps",ICANN,"*.org.ps",3,1
"org.ps",ICANN,"org.ps",3,1
"plo.ps",ICANN,"*.plo.ps",3,1
"plo.ps",ICANN,"plo.ps",3,1
"sec.ps",ICANN,"*.sec.ps",3,1
"sec.ps",ICANN,"sec.ps",3,1
"com.pt",ICANN,"*.com.pt",3,1
"com.pt",ICANN,"com.pt",3,1
"edu.pt",ICANN,"*.edu.pt",3,1
"edu.pt",ICANN,"edu.pt",3,1
"gov.pt",ICANN,"*.gov.pt",3,1
"gov.pt",ICANN,"gov.pt",3,1
"int.pt",ICANN,"*.int.pt",3,1
"int.pt",ICANN,"int.pt",3,1
"net.pt",ICANN,"*.net.pt",3,1
"net.pt",ICANN,"net.pt",3,1
"nome.pt",ICANN,"*.nome.pt",3,1
"nome.pt",ICANN,"nome.pt",3,1
"org.pt",ICANN,"*.org.pt",3,1
"org.pt",ICANN,"org.pt",3,1
"publ.pt",ICANN,"*.publ.pt",3,1
"publ.pt",ICANN,"publ.pt",3,1
"gov.pw",ICANN,"*.gov.pw",3,1
"gov.pw",ICANN,"gov.pw",3,1
"com.py",ICANN,"*.com.py",3,1
"com.py",ICANN,"com.py",3,1
"coop.py",ICANN,"*.coop.py",3,1
"coop.py",ICANN,"coop.py",3,1
"edu.py",ICANN,"*.edu.py",3,1
"edu.py",ICANN,"edu.py",3,1
"gov.py",ICANN,"*.gov.py",3,1
"gov.py",ICANN,"gov.py",3,1
"mil.py",ICANN,"*.mil.py",3,1
"mil.py",ICANN,"mil.py",3,1
"net.py",ICANN,"*.net.py",3,1
"net.py",ICANN,"net.py",3,1
"org.py",ICANN,"*.org.py",3,1
"org.py",ICANN,"org.py",3,1
"com.qa",ICANN,"*.com.qa",3,1
"com.qa",ICANN,"com.qa",3,1
"edu.qa",ICANN,"*.edu.qa",3,1
"edu.qa",ICANN,"edu.qa",3,1
"gov.qa",ICANN,"*.gov.qa",3,1
"gov.qa",ICANN,"gov.qa",3,1
"mil.qa",ICANN,"*.mil.qa",3,1
"mil.qa",ICANN,"mil.qa",3,1
"name.qa",ICANN,"*.name.qa",3,1
"name.qa",ICANN,"name.qa",3,1
"net.qa",ICANN,"*.net.qa",3,1
"net.qa",ICANN,"net.qa",3,1
"org.qa",ICANN,"*.org.qa",3,1
"org.qa",ICANN,"org.qa",3,1
"sch.qa",ICANN,"*.sch.qa",3,1
"sch.qa",ICANN,"sch.qa",3,1
"asso.re",ICANN,"*.asso.re",3,1
"asso.re",ICANN,"asso.re",3,1
"com.re",ICANN,"*.com.re",3,1
"com.re",ICANN,"com.re",3,1
"arts.ro",ICANN,"*.arts.ro",3,1
"arts.ro",ICANN,"arts.ro",3,1
"com.ro",ICANN,"*.com.ro",3,1
"com.ro",ICANN,"com.ro",3,1
"firm.ro",ICANN,"*.firm.ro",3,1
"firm.ro",ICANN,"firm.ro",3,1
"info.ro",ICANN,"*.info.ro",3,1
"info.ro",ICANN,"info.ro",3,1
"nom.ro",ICANN,"*.nom.ro",3,1
"nom.ro",ICANN,"nom.ro",3,1
"nt.ro",ICANN,"*.nt.ro",3,1
"nt.ro",ICANN,"nt.ro",3,1
"org.ro",ICANN,"*.org.ro",3,1
"org.ro",ICANN,"org.ro",3,1
"rec.ro",ICANN,"*.rec.ro",3,1
"rec.ro",ICANN,"rec.ro",3,1
"store.ro",ICANN,"*.store.ro",3,1
"store.ro",ICANN,"store.ro",3,1
"tm.ro",ICANN,"*.tm.ro",3,1
"tm.ro",ICANN,"tm.ro",3,1
"www.ro",ICANN,"*.www.ro",3,1
"www.ro",ICANN,"www.ro",3,1
"ac.rs",ICANN,"*.ac.rs",3,1
"ac.rs",ICANN,"ac.rs",3,1
"co.rs",ICANN,"*.co.rs",3,1
"co.rs",ICANN,"co.rs",3,1
"edu.rs",ICANN,"*.edu.rs",3,1
"edu.rs",ICANN,"edu.rs",3,1
"gov.rs",ICANN,"*.gov.rs",3,1
"gov.rs",ICANN,"gov.rs",3,1
"in.rs",ICANN,"*.in.rs",3,1
"in.rs",ICANN,"in.rs",3,1
"org.rs",ICANN,"*.org.rs",3,1
"org.rs",ICANN,"org.rs",3,1
"ac.rw",ICANN,"*.ac.rw",3,1
"ac.rw",ICANN,"ac.rw",3,1
"co.rw",ICANN,"*.co.rw",3,1
"co.rw",ICANN,"co.rw",3,1
"coop.rw",ICANN,"*.coop.rw",3,1
"coop.rw",ICANN,"coop.rw",3,1
"gov.rw",ICANN,"*.gov.rw",3,1
"gov.rw",ICANN,"gov.rw",3,1
"mil.rw",ICANN,"*.mil.rw",3,1
"mil.rw",ICANN,"mil.rw",3,1
"net.rw",ICANN,"*.net.rw",3,1
"net.rw",ICANN,"net.rw",3,1
"org.rw",ICANN,"*.org.rw",3,1
"org.rw",ICANN,"org.rw",3,1
"com.sa",ICANN,"*.com.sa",3,1
"com.sa",ICANN,"com.sa",3,1
"edu.sa",ICANN,"*.edu.sa",3,1
"edu.sa",ICANN,"edu.sa",3,1
"gov.sa",ICANN,"*.gov.sa",3,1
"gov.sa",ICANN,"gov.sa",3,1
"med.sa",ICANN,"*.med.sa",3,1
"med.sa",ICANN,"med.sa",3,1
"net.sa",ICANN,"*.net.sa",3,1
"net.sa",ICANN,"net.sa",3,1
"org.sa",ICANN,"*.org.sa",3,1
"org.sa",ICANN,"org.sa",3,1
"pub.sa",ICANN,"*.pub.sa",3,1
"pub.sa",ICANN,"pub.sa",3,1
"sch.sa",ICANN,"*.sch.sa",3,1
"sch.sa",ICANN,"sch.sa",3,1
"com.sb",ICANN,"*.com.sb",3,1
"com.sb",ICANN,"com.sb",3,1
"edu.sb",ICANN,"*.edu.sb",3,1
"edu.sb",ICANN,"edu.sb",3,1
"gov.sb",ICANN,"*.gov.sb",3,1
"gov.sb",ICANN,"gov.sb",3,1
"net.sb",ICANN,"*.net.sb",3,1
"net.sb",ICANN,"net.sb",3,1
"org.sb",ICANN,"*.org.sb",3,1
"org.sb",ICANN,"org.sb",3,1
"com.sc",ICANN,"*.com.sc",3,1
"com.sc",ICANN,"com.sc",3,1
"edu.sc",ICANN,"*.edu.sc",3,1
"edu.sc",ICANN,"edu.sc",3,1
"gov.sc",ICANN,"*.gov.sc",3,1
"gov.sc",ICANN,"gov.sc",3,1
"net.sc",ICANN,"*.net.sc",3,1
"net.sc",ICANN,"net.sc",3,1
"org.sc",ICANN,"*.org.sc",3,1
"org.sc",ICANN,"org.sc",3,1
"com.sd",ICANN,"*.com.sd",3,1
"com.sd",ICANN,"com.sd",3,1
"edu.sd",ICANN,"*.edu.sd",3,1
"edu.sd",ICANN,"edu.sd",3,1
"gov.sd",ICANN,"*.gov.sd",3,1
"gov.sd",ICANN,"gov.sd",3,1
"info.sd",ICANN,"*.info.sd",3,1
"info.sd",ICANN,"info.sd",3,1
"med.sd",ICANN,"*.med.sd",3,1
"med.sd",ICANN,"med.sd",3,1
"net.sd",ICANN,"*.net.sd",3,1
"net.sd",ICANN,"net.sd",3,1
"org.sd",ICANN,"*.org.sd",3,1
"org.sd",ICANN,"org.sd",3,1
"tv.sd",ICANN,"*.tv.sd",3,1
"tv.sd",ICANN,"tv.sd",3,1
"a.se",ICANN,"*.a.se",3,1
"a.se",ICANN,"a.se",3,1
"ac.se",ICANN,"*.ac.se",3,1
"ac.se",ICANN,"ac.se",3,1
"b.se",ICANN,"*.b.se",3,1
"b.se",ICANN,"b.se",3,1
"bd.se",ICANN,"*.bd.se",3,1
"bd.se",ICANN,"bd.se",3,1
"brand.se",ICANN,"*.brand.se",3,1
"brand.se",ICANN,"brand.se",3,1
"c.se",ICANN,"*.c.se",3,1
"c.se",ICANN,"c.se",3,1
"d.se",ICANN,"*.d.se",3,1
"d.se",ICANN,"d.se",3,1
"e.se",ICANN,"*.e.se",3,1
"e.se",ICANN,"e.se",3,1
"f.se",ICANN,"*.f.se",3,1
"f.se",ICANN,"f.se",3,1
"fh.se",ICANN,"*.fh.se",3,1
"fh.se",ICANN,"fh.se",3,1
"fhsk.se",ICANN,"*.fhsk.se",3,1
"fhsk.se",ICANN,"fhsk.se",3,1
"fhv.se",ICANN,"*.fhv.se",3,1
"fhv.se",ICANN,"fhv.se",3,1
"g.se",ICANN,"*.g.se",3,1
"g.se",ICANN,"g.se",3,1
"h.se",ICANN,"*.h.se",3,1
"h.se",ICANN,"h.se",3,1
"i.se",ICANN,"*.i.se",3,1
"i.se",ICANN,"i.se",3,1
"k.se",ICANN,"*.k.se",3,1
"k.se",ICANN,"k.se",3,1
"komforb.se",ICANN,"*.komforb.se",3,1
"komforb.se",ICANN,"komforb.se",3,1
"kommunalforbund.se",ICANN,"*.kommunalforbund.se",3,1
"kommunalforbund.se",ICANN,"kommunalforbund.se",3,1
"komvux.se",ICANN,"*.komvux.se",3,1
"komvux.se",ICANN,"komvux.se",3,1
"l.se",ICANN,"*.l.se",3,1
"l.se",ICANN,"l.se",3,1
"lanbib.se",ICANN,"*.lanbib.se",3,1
"lanbib.se",ICANN,"lanbib.se",3,1
"m.se",ICANN,"*.m.se",3,1
"m.se",ICANN,"m.se",3,1
"n.se",ICANN,"*.n.se",3,1
"n.se",ICANN,"n.se",3,1
"naturbruksgymn.se",ICANN,"*.naturbruksgymn.se",3,1
"naturbruksgymn.se",ICANN,"naturbruksgymn.se",3,1
"o.se",ICANN,"*.o.se",3,1
"o.se",ICANN,"o.se",3,1
"org.se",ICANN,"*.org.se",3,1
"org.se",ICANN,"org.se",3,1
"p.se",ICANN,"*.p.se",3,1
"p.se",ICANN,"p.se",3,1
"parti.se",ICANN,"*.parti.se",3,1
"parti.se",ICANN,"parti.se",3,1
"pp.se",ICANN,"*.pp.se",3,1
"pp.se",ICANN,"pp.se",3,1
"press.se",ICANN,"*.press.se",3,1
"press.se",ICANN,"press.se",3,1
"r.se",ICANN,"*.r.se",3,1
"r.se",ICANN,"r.se",3,1
"s.se",ICANN,"*.s.se",3,1
"s.se",ICANN,"s.se",3,1
"t.se",ICANN,"*.t.se",3,1
"t.se",ICANN,"t.se",3,1
"tm.se",ICANN,"*.tm.se",3,1
"tm.se",ICANN,"tm.se",3,1
"u.se",ICANN,"*.u.se",3,1
"u.se",ICANN,"u.se",3,1
"w.se",ICANN,"*.w.se",3,1
"w.se",ICANN,"w.se",3,1
"x.se",ICANN,"*.x.se",3,1
"x.se",ICANN,"x.se",3,1
"y.se",ICANN,"*.y.se",3,1
"y.se",ICANN,"y.se",3,1
"z.se",ICANN,"*.z.se",3,1
"z.se",ICANN,"z.se",3,1
"com.sg",ICANN,"*.com.sg",3,1
"com.sg",ICANN,"com.sg",3,1
"edu.sg",ICANN,"*.edu.sg",3,1
"edu.sg",ICANN,"edu.sg",3,1
"gov.sg",ICANN,"*.gov.sg",3,1
"gov.sg",ICANN,"gov.sg",3,1
"net.sg",ICANN,"*.net.sg",3,1
"net.sg",ICANN,"net.sg",3,1
"org.sg",ICANN,"*.org.sg",3,1
"org.sg",ICANN,"org.sg",3,1
"com.sh",ICANN,"*.com.sh",3,1
"com.sh",ICANN,"com.sh",3,1
"gov.sh",ICANN,"*.gov.sh",3,1
"gov.sh",ICANN,"gov.sh",3,1
"mil.sh",ICANN,"*.mil.sh",3,1
"mil.sh",ICANN,"mil.sh",3,1
"net.sh",ICANN,"*.net.sh",3,1
"net.sh",ICANN,"net.sh",3,1
"org.sh",ICANN,"*.org.sh",3,1
"org.sh",ICANN,"org.sh",3,1
"com.sl",ICANN,"*.com.sl",3,1
"com.sl",ICANN,"com.sl",3,1
"edu.sl",ICANN,"*.edu.sl",3,1
"edu.sl",ICANN,"edu.sl",3,1
"gov.sl",ICANN,"*.gov.sl",3,1
"gov.sl",ICANN,"gov.sl",3,1
"net.sl",ICANN,"*.net.sl",3,1
"net.sl",ICANN,"net.sl",3,1
"org.sl",ICANN,"*.org.sl",3,1
"org.sl",ICANN,"org.sl",3,1
"art.sn",ICANN,"*.art.sn",3,1
"art.sn",ICANN,"art.sn",3,1
"com.sn",ICANN,"*.com.sn",3,1
"com.sn",ICANN,"com.sn",3,1
"edu.sn",ICANN,"*.edu.sn",3,1
"edu.sn",ICANN,"edu.sn",3,1
"gouv.sn",ICANN,"*.gouv.sn",3,1
"gouv.sn",ICANN,"gouv.sn",3,1
"org.sn",ICANN,"*.org.sn",3,1
"org.sn",ICANN,"org.sn",3,1
"perso.sn",ICANN,"*.perso.sn",3,1
"perso.sn",ICANN,"perso.sn",3,1
"univ.sn",ICANN,"*.univ.sn",3,1
"univ.sn",ICANN,"univ.sn",3,1
"com.so",ICANN,"*.com.so",3,1
"com.so",ICANN,"com.so",3,1
"edu.so",ICANN,"*.edu.so",3,1
"edu.so",ICANN,"edu.so",3,1
"gov.so",ICANN,"*.gov.so",3,1
"gov.so",ICANN,"gov.so",3,1
"me.so",ICANN,"*.me.so",3,1
"me.so",ICANN,"me.so",3,1
"net.so",ICANN,"*.net.so",3,1
"net.so",ICANN,"net.so",3,1
"org.so",ICANN,"*.org.so",3,1
"org.so",ICANN,"org.so",3,1
"biz.ss",ICANN,"*.biz.ss",3,1
"biz.ss",ICANN,"biz.ss",3,1
"co.ss",ICANN,"*.co.ss",3,1
"co.ss",ICANN,"co.ss",3,1
"com.ss",ICANN,"*.com.ss",3,1
"com.ss",ICANN,"com.ss",3,1
"edu.ss",ICANN,"*.edu.ss",3,1
"edu.ss",ICANN,"edu.ss",3,1
"gov.ss",ICANN,"*.gov.ss",3,1
"gov.ss",ICANN,"gov.ss",3,1
"me.ss",ICANN,"*.me.ss",3,1
"me.ss",ICANN,"me.ss",3,1
"net.ss",ICANN,"*.net.ss",3,1
"net.ss",ICANN,"net.ss",3,1
"org.ss",ICANN,"*.org.ss",3,1
"org.ss",ICANN,"org.ss",3,1
"sch.ss",ICANN,"*.sch.ss",3,1
"sch.ss",ICANN,"sch.ss",3,1
"co.st",ICANN,"*.co.st",3,1
"co.st",ICANN,"co.st",3,1
"com.st",ICANN,"*.com.st",3,1
"com.st",ICANN,"com.st",3,1
"consulado.st",ICANN,"*.consulado.st",3,1
"consulado.st",ICANN,"consulado.st",3,1
"edu.st",ICANN,"*.edu.st",3,1
"edu.st",ICANN,"edu.st",3,1
"embaixada.st",ICANN,"*.embaixada.st",3,1
"embaixada.st",ICANN,"embaixada.st",3,1
"mil.st",ICANN,"*.mil.st",3,1
"mil.st",ICANN,"mil.st",3,1
"net.st",ICANN,"*.net.st",3,1
"net.st",ICANN,"net.st",3,1
"org.st",ICANN,"*.org.st",3,1
"org.st",ICANN,"org.st",3,1
"principe.st",ICANN,"*.principe.st",3,1
"principe.st",ICANN,"principe.st",3,1
"saotome.st",ICANN,"*.saotome.st",3,1
"saotome.st",ICANN,"saotome.st",3,1
"store.st",ICANN,"*.store.st",3,1
"store.st",ICANN,"store.st",3,1
"com.sv",ICANN,"*.com.sv",3,1
"com.sv",ICANN,"com.sv",3,1
"edu.sv",ICANN,"*.edu.sv",3,1
"edu.sv",ICANN,"edu.sv",3,1
"gob.sv",ICANN,"*.gob.sv",3,1
"gob.sv",ICANN,"gob.sv",3,1
"org.sv",ICANN,"*.org.sv",3,1
"org.sv",ICANN,"org.sv",3,1
"red.sv",ICANN,"*.red.sv",3,1
"red.sv",ICANN,"red.sv",3,1
"gov.sx",ICANN,"*.gov.sx",3,1
"gov.sx",ICANN,"gov.sx",3,1
"com.sy",ICANN,"*.com.sy",3,1
"com.sy",ICANN,"com.sy",3,1
"edu.sy",ICANN,"*.edu.sy",3,1
"edu.sy",ICANN,"edu.sy",3,1
"gov.sy",ICANN,"*.gov.sy",3,1
"gov.sy",ICANN,"gov.sy",3,1
"mil.sy",ICANN,"*.mil.sy",3,1
"mil.sy",ICANN,"mil.sy",3,1
"net.sy",ICANN,"*.net.sy",3,1
"net.sy",ICANN,"net.sy",3,1
"org.sy",ICANN,"*.org.sy",3,1
"org.sy",ICANN,"org.sy",3,1
"ac.sz",ICANN,"*.ac.sz",3,1
"ac.sz",ICANN,"ac.sz",3,1
"co.sz",ICANN,"*.co.sz",3,1
"co.sz",ICANN,"co.sz",3,1
"org.sz",ICANN,"*.org.sz",3,1
"org.sz",ICANN,"org.sz",3,1
"ac.th",ICANN,"*.ac.th",3,1
"ac.th",ICANN,"ac.th",3,1
"co.th",ICANN,"*.co.th",3,1
"co.th",ICANN,"co.th",3,1
"go.th",ICANN,"*.go.th",3,1
"go.th",ICANN,"go.th",3,1
"in.th",ICANN,"*.in.th",3,1
"in.th",ICANN,"in.th",3,1
"mi.th",ICANN,"*.mi.th",3,1
"mi.th",ICANN,"mi.th",3,1
"net.th",ICANN,"*.net.th",3,1
"net.th",ICANN,"net.th",3,1
"or.th",ICANN,"*.or.th",3,1
"or.th",ICANN,"or.th",3,1
"ac.tj",ICANN,"*.ac.tj",3,1
"ac.tj",ICANN,"ac.tj",3,1
"biz.tj",ICANN,"*.biz.tj",3,1
"biz.tj",ICANN,"biz.tj",3,1
"co.tj",ICANN,"*.co.tj",3,1
"co.tj",ICANN,"co.tj",3,1
"com.tj",ICANN,"*.com.tj",3,1
"com.tj",ICANN,"com.tj",3,1
"edu.tj",ICANN,"*.edu.tj",3,1
"edu.tj",ICANN,"edu.tj",3,1
"go.tj",ICANN,"*.go.tj",3,1
"go.tj",ICANN,"go.tj",3,1
"gov.tj",ICANN,"*.gov.tj",3,1
"gov.tj",ICANN,"gov.tj",3,1
"int.tj",ICANN,"*.int.tj",3,1
"int.tj",ICANN,"int.tj",3,1
"mil.tj",ICANN,"*.mil.tj",3,1
"mil.tj",ICANN,"mil.tj",3,1
"name.tj",ICANN,"*.name.tj",3,1
"name.tj",ICANN,"name.tj",3,1
"net.tj",ICANN,"*.net.tj",3,1
"net.tj",ICANN,"net.tj",3,1
"nic.tj",ICANN,"*.nic.tj",3,1
"nic.tj",ICANN,"nic.tj",3,1
"org.tj",ICANN,"*.org.tj",3,1
"org.tj",ICANN,"org.tj",3,1
"test.tj",ICANN,"*.test.tj",3,1
"test.tj",ICANN,"test.tj",3,1
"web.tj",ICANN,"*.web.tj",3,1
"web.tj",ICANN,"web.tj",3,1
"gov.tl",ICANN,"*.gov.tl",3,1
"gov.tl",ICANN,"gov.tl",3,1
"co.tm",ICANN,"*.co.tm",3,1
"co.tm",ICANN,"co.tm",3,1
"com.tm",ICANN,"*.com.tm",3,1
"com.tm",ICANN,"com.tm",3,1
"edu.tm",ICANN,"*.edu.tm",3,1
"edu.tm",ICANN,"edu.tm",3,1
"gov.tm",ICANN,"*.gov.tm",3,1
"gov.tm",ICANN,"gov.tm",3,1
"mil.tm",ICANN,"*.mil.tm",3,1
"mil.tm",ICANN,"mil.tm",3,1
"net.tm",ICANN,"*.net.tm",3,1
"net.tm",ICANN,"net.tm",3,1
"nom.tm",ICANN,"*.nom.tm",3,1
"nom.tm",ICANN,"nom.tm",3,1
"org.tm",ICANN,"*.org.tm",3,1
"org.tm",ICANN,"org.tm",3,1
"com.tn",ICANN,"*.com.tn",3,1
"com.tn",ICANN,"com.tn",3,1
"ens.tn",ICANN,"*.ens.tn",3,1
"ens.tn",ICANN,"ens.tn",3,1
"fin.tn",ICANN,"*.fin.tn",3,1
"fin.tn",ICANN,"fin.tn",3,1
"gov.tn",ICANN,"*.gov.tn",3,1
"gov.tn",ICANN,"gov.tn",3,1
"ind.tn",ICANN,"*.ind.tn",3,1
"ind.tn",ICANN,"ind.tn",3,1
"info.tn",ICANN,"*.info.tn",3,1
"info.tn",ICANN,"info.tn",3,1
"intl.tn",ICANN,"*.intl.tn",3,1
"intl.tn",ICANN,"intl.tn",3,1
"mincom.tn",ICANN,"*.mincom.tn",3,1
"mincom.tn",ICANN,"mincom.tn",3,1
"nat.tn",ICANN,"*.nat.tn",3,1
"nat.tn",ICANN,"nat.tn",3,1
"net.tn",ICANN,"*.net.tn",3,1
"net.tn",ICANN,"net.tn",3,1
"org.tn",ICANN,"*.org.tn",3,1
"org.tn",ICANN,"org.tn",3,1
"perso.tn",ICANN,"*.perso.tn",3,1
"perso.tn",ICANN,"perso.tn",3,1
"tourism.tn",ICANN,"*.tourism.tn",3,1
"tourism.tn",ICANN,"tourism.tn",3,1
"com.to",ICANN,"*.com.to",3,1
"com.to",ICANN,"com.to",3,1
"edu.to",ICANN,"*.edu.to",3,1
"edu.to",ICANN,"edu.to",3,1
"gov.to",ICANN,"*.gov.to",3,1
"gov.to",ICANN,"gov.to",3,1
"mil.to",ICANN,"*.mil.to",3,1
"mil.to",ICANN,"mil.to",3,1
"net.to",ICANN,"*.net.to",3,1
"net.to",ICANN,"net.to",3,1
"org.to",ICANN,"*.org.to",3,1
"org.to",ICANN,"org.to",3,1
"av.tr",ICANN,"*.av.tr",3,1
"av.tr",ICANN,"av.tr",3,1
"bbs.tr",ICANN,"*.bbs.tr",3,1
"bbs.tr",ICANN,"bbs.tr",3,1
"bel.tr",ICANN,"*.bel.tr",3,1
"bel.tr",ICANN,"bel.tr",3,1
"biz.tr",ICANN,"*.biz.tr",3,1
"biz.tr",ICANN,"biz.tr",3,1
"com.tr",ICANN,"*.com.tr",3,1
"com.tr",ICANN,"com.tr",3,1
"dr.tr",ICANN,"*.dr.tr",3,1
"dr.tr",ICANN,"dr.tr",3,1
"edu.tr",ICANN,"*.edu.tr",3,1
"edu.tr",ICANN,"edu.tr",3,1
"gen.tr",ICANN,"*.gen.tr",3,1
"gen.tr",ICANN,"gen.tr",3,1
"gov.tr",ICANN,"*.gov.tr",3,1
"gov.tr",ICANN,"gov.tr",3,1
"info.tr",ICANN,"*.info.tr",3,1
"info.tr",ICANN,"info.tr",3,1
"k12.tr",ICANN,"*.k12.tr",3,1
"k12.tr",ICANN,"k12.tr",3,1
"kep.tr",ICANN,"*.kep.tr",3,1
"kep.tr",ICANN,"kep.tr",3,1
"mil.tr",ICANN,"*.mil.tr",3,1
"mil.tr",ICANN,"mil.tr",3,1
"name.tr",ICANN,"*.name.tr",3,1
"name.tr",ICANN,"name.tr",3,1
"net.tr",ICANN,"*.net.tr",3,1
"net.tr",ICANN,"net.tr",3,1
"org.tr",ICANN,"*.org.tr",3,1
"org.tr",ICANN,"org.tr",3,1
"pol.tr",ICANN,"*.pol.tr",3,1
"pol.tr",ICANN,"pol.tr",3,1
"tel.tr",ICANN,"*.tel.tr",3,1
"tel.tr",ICANN,"tel.tr",3,1
"tsk.tr",ICANN,"*.tsk.tr",3,1
"tsk.tr",ICANN,"tsk.tr",3,1
"tv.tr",ICANN,"*.tv.tr",3,1
"tv.tr",ICANN,"tv.tr",3,1
"web.tr",ICANN,"*.web.tr",3,1
"web.tr",ICANN,"web.tr",3,1
"nc.tr",ICANN,"*.nc.tr",3,1
"nc.tr",ICANN,"nc.tr",3,1
"biz.tt",ICANN,"*.biz.tt",3,1
"biz.tt",ICANN,"biz.tt",3,1
"co.tt",ICANN,"*.co.tt",3,1
"co.tt",ICANN,"co.tt",3,1
"com.tt",ICANN,"*.com.tt",3,1
"com.tt",ICANN,"com.tt",3,1
"edu.tt",ICANN,"*.edu.tt",3,1
"edu.tt",ICANN,"edu.tt",3,1
"gov.tt",ICANN,"*.gov.tt",3,1
"gov.tt",ICANN,"gov.tt",3,1
"info.tt",ICANN,"*.info.tt",3,1
"info.tt",ICANN,"info.tt",3,1
"mil.tt",ICANN,"*.mil.tt",3,1
"mil.tt",ICANN,"mil.tt",3,1
"name.tt",ICANN,"*.name.tt",3,1
"name.tt",ICANN,"name.tt",3,1
"net.tt",ICANN,"*.net.tt",3,1
"net.tt",ICANN,"net.tt",3,1
"org.tt",ICANN,"*.org.tt",3,1
"org.tt",ICANN,"org.tt",3,1
"pro.tt",ICANN,"*.pro.tt",3,1
"pro.tt",ICANN,"pro.tt",3,1
"club.tw",ICANN,"*.club.tw",3,1
"club.tw",ICANN,"club.tw",3,1
"com.tw",ICANN,"*.com.tw",3,1
"com.tw",ICANN,"com.tw",3,1
"ebiz.tw",ICANN,"*.ebiz.tw",3,1
"ebiz.tw",ICANN,"ebiz.tw",3,1
"edu.tw",ICANN,"*.edu.tw",3,1
"edu.tw",ICANN,"edu.tw",3,1
"game.tw",ICANN,"*.game.tw",3,1
"game.tw",ICANN,"game.tw",3,1
"gov.tw",ICANN,"*.gov.tw",3,1
"gov.tw",ICANN,"gov.tw",3,1
"idv.tw",ICANN,"*.idv.tw",3,1
"idv.tw",ICANN,"idv.tw",3,1
"mil.tw",ICANN,"*.mil.tw",3,1
"mil.tw",ICANN,"mil.tw",3,1
"net.tw",ICANN,"*.net.tw",3,1
"net.tw",ICANN,"net.tw",3,1
"org.tw",ICANN,"*.org.tw",3,1
"org.tw",ICANN,"org.tw",3,1
"ac.tz",ICANN,"*.ac.tz",3,1
"ac.tz",ICANN,"ac.tz",3,1
"co.tz",ICANN,"*.co.tz",3,1
"co.tz",ICANN,"co.tz",3,1
"go.tz",ICANN,"*.go.tz",3,1
"go.tz",ICANN,"go.tz",3,1
"hotel.tz",ICANN,"*.hotel.tz",3,1
"hotel.tz",ICANN,"hotel.tz",3,1
"info.tz",ICANN,"*.info.tz",3,1
"info.tz",ICANN,"info.tz",3,1
"me.tz",ICANN,"*.me.tz",3,1
"me.tz",ICANN,"me.tz",3,1
"mil.tz",ICANN,"*.mil.tz",3,1
"mil.tz",ICANN,"mil.tz",3,1
"mobi.tz",ICANN,"*.mobi.tz",3,1
"mobi.tz",ICANN,"mobi.tz",3,1
"ne.tz",ICANN,"*.ne.tz",3,1
"ne.tz",ICANN,"ne.tz",3,1
"or.tz",ICANN,"*.or.tz",3,1
"or.tz",ICANN,"or.tz",3,1
"sc.tz",ICANN,"*.sc.tz",3,1
"sc.tz",ICANN,"sc.tz",3,1
"tv.tz",ICANN,"*.tv.tz",3,1
"tv.tz",ICANN,"tv.tz",3,1
"com.ua",ICANN,"*.com.ua",3,1
"com.ua",ICANN,"com.ua",3,1
"edu.ua",ICANN,"*.edu.ua",3,1
"edu.ua",ICANN,"edu.ua",3,1
"gov.ua",ICANN,"*.gov.ua",3,1
"gov.ua",ICANN,"gov.ua",3,1
"in.ua",ICANN,"*.in.ua",3,1
"in.ua",ICANN,"in.ua",3,1
"net.ua",ICANN,"*.net.ua",3,1
"net.ua",ICANN,"net.ua",3,1
"org.ua",ICANN,"*.org.ua",3,1
"org.ua",ICANN,"org.ua",3,1
"cherkassy.ua",ICANN,"*.cherkassy.ua",3,1
"cherkassy.ua",ICANN,"cherkassy.ua",3,1
"cherkasy.ua",ICANN,"*.cherkasy.ua",3,1
"cherkasy.ua",ICANN,"cherkasy.ua",3,1
"chernigov.ua",ICANN,"*.chernigov.ua",3,1
"chernigov.ua",ICANN,"chernigov.ua",3,1
"chernihiv.ua",ICANN,"*.chernihiv.ua",3,1
"chernihiv.ua",ICANN,"chernihiv.ua",3,1
"chernivtsi.ua",ICANN,"*.chernivtsi.ua",3,1
"chernivtsi.ua",ICANN,"chernivtsi.ua",3,1
"chernovtsy.ua",ICANN,"*.chernovtsy.ua",3,1
"chernovtsy.ua",ICANN,"chernovtsy.ua",3,1
"ck.ua",ICANN,"*.ck.ua",3,1
"ck.ua",ICANN,"ck.ua",3,1
"cn.ua",ICANN,"*.cn.ua",3,1
"cn.ua",ICANN,"cn.ua",3,1
"cr.ua",ICANN,"*.cr.ua",3,1
"cr.ua",ICANN,"cr.ua",3,1
"crimea.ua",ICANN,"*.crimea.ua",3,1
"crimea.ua",ICANN,"crimea.ua",3,1
"cv.ua",ICANN,"*.cv.ua",3,1
"cv.ua",ICANN,"cv.ua",3,1
"dn.ua",ICANN,"*.dn.ua",3,1
"dn.ua",ICANN,"dn.ua",3,1
"dnepropetrovsk.ua",ICANN,"*.dnepropetrovsk.ua",3,1
"dnepropetrovsk.ua",ICANN,"dnepropetrovsk.ua",3,1
"dnipropetrovsk.ua",ICANN,"*.dnipropetrovsk.ua",3,1
"dnipropetrovsk.ua",ICANN,"dnipropetrovsk.ua",3,1
"donetsk.ua",ICANN,"*.donetsk.ua",3,1
"donetsk.ua",ICANN,"donetsk.ua",3,1
"dp.ua",ICANN,"*.dp.ua",3,1
"dp.ua",ICANN,"dp.ua",3,1
"if.ua",ICANN,"*.if.ua",3,1
"if.ua",ICANN,"if.ua",3,1
"ivano-frankivsk.ua",ICANN,"*.ivano-frankivsk.ua",3,1
"ivano-frankivsk.ua",ICANN,"ivano-frankivsk.ua",3,1
"kh.ua",ICANN,"*.kh.ua",3,1
"kh.ua",ICANN,"kh.ua",3,1
"kharkiv.ua",ICANN,"*.kharkiv.ua",3,1
"kharkiv.ua",ICANN,"kharkiv.ua",3,1
"kharkov.ua",ICANN,"*.kharkov.ua",3,1
"kharkov.ua",ICANN,"kharkov.ua",3,1
"kherson.ua",ICANN,"*.kherson.ua",3,1
"kherson.ua",ICANN,"kherson.ua",3,1
"khmelnitskiy.ua",ICANN,"*.khmelnitskiy.ua",3,1
"khmelnitskiy.ua",ICANN,"khmelnitskiy.ua",3,1
"khmelnytskyi.ua",ICANN,"*.khmelnytskyi.ua",3,1
"khmelnytskyi.ua",ICANN,"khmelnytskyi.ua",3,1
"kiev.ua",ICANN,"*.kiev.ua",3,1
"kiev.ua",ICANN,"kiev.ua",3,1
"kirovograd.ua",ICANN,"*.kirovograd.ua",3,1
"kirovograd.ua",ICANN,"kirovograd.ua",3,1
"km.ua",ICANN,"*.km.ua",3,1
"km.ua",ICANN,"km.ua",3,1
"kr.ua",ICANN,"*.kr.ua",3,1
"kr.ua",ICANN,"kr.ua",3,1
"kropyvnytskyi.ua",ICANN,"*.kropyvnytskyi.ua",3,1
"kropyvnytskyi.ua",ICANN,"kropyvnytskyi.ua",3,1
"krym.ua",ICANN,"*.krym.ua",3,1
"krym.ua",ICANN,"krym.ua",3,1
"ks.ua",ICANN,"*.ks.ua",3,1
"ks.ua",ICANN,"ks.ua",3,1
"kv.ua",ICANN,"*.kv.ua",3,1
"kv.ua",ICANN,"kv.ua",3,1
"kyiv.ua",ICANN,"*.kyiv.ua",3,1
"kyiv.ua",ICANN,"kyiv.ua",3,1
"lg.ua",ICANN,"*.lg.ua",3,1
"lg.ua",ICANN,"lg.ua",3,1
"lt.ua",ICANN,"*.lt.ua",3,1
"lt.ua",ICANN,"lt.ua",3,1
"lugansk.ua",ICANN,"*.lugansk.ua",3,1
"lugansk.ua",ICANN,"lugansk.ua",3,1
"luhansk.ua",ICANN,"*.luhansk.ua",3,1
"luhansk.ua",ICANN,"luhansk.ua",3,1
"lutsk.ua",ICANN,"*.lutsk.ua",3,1
"lutsk.ua",ICANN,"lutsk.ua",3,1
"lv.ua",ICANN,"*.lv.ua",3,1
"lv.ua",ICANN,"lv.ua",3,1
"lviv.ua",ICANN,"*.lviv.ua",3,1
"lviv.ua",ICANN,"lviv.ua",3,1
"mk.ua",ICANN,"*.mk.ua",3,1
"mk.ua",ICANN,"mk.ua",3,1
"mykolaiv.ua",ICANN,"*.mykolaiv.ua",3,1
"mykolaiv.ua",ICANN,"mykolaiv.ua",3,1
"nikolaev.ua",ICANN,"*.nikolaev.ua",3,1
"nikolaev.ua",ICANN,"nikolaev.ua",3,1
"od.ua",ICANN,"*.od.ua",3,1
"od.ua",ICANN,"od.ua",3,1
"odesa.ua",ICANN,"*.odesa.ua",3,1
"odesa.ua",ICANN,"odesa.ua",3,1
"odessa.ua",ICANN,"*.odessa.ua",3,1
"odessa.ua",ICANN,"odessa.ua",3,1
"pl.ua",ICANN,"*.pl.ua",3,1
"pl.ua",ICANN,"pl.ua",3,1
"poltava.ua",ICANN,"*.poltava.ua",3,1
"poltava.ua",ICANN,"poltava.ua",3,1
"rivne.ua",ICANN,"*.rivne.ua",3,1
"rivne.ua",ICANN,"rivne.ua",3,1
"rovno.ua",ICANN,"*.rovno.ua",3,1
"rovno.ua",ICANN,"rovno.ua",3,1
"rv.ua",ICANN,"*.rv.ua",3,1
"rv.ua",ICANN,"rv.ua",3,1
"sb.ua",ICANN,"*.sb.ua",3,1
"sb.ua",ICANN,"sb.ua",3,1
"sebastopol.ua",ICANN,"*.sebastopol.ua",3,1
"sebastopol.ua",ICANN,"sebastopol.ua",3,1
"sevastopol.ua",ICANN,"*.sevastopol.ua",3,1
"sevastopol.ua",ICANN,"sevastopol.ua",3,1
"sm.ua",ICANN,"*.sm.ua",3,1
"sm.ua",ICANN,"sm.ua",3,1
"sumy.ua",ICANN,"*.sumy.ua",3,1
"sumy.ua",ICANN,"sumy.ua",3,1
"te.ua",ICANN,"*.te.ua",3,1
"te.ua",ICANN,"te.ua",3,1
"ternopil.ua",ICANN,"*.ternopil.ua",3,1
"ternopil.ua",ICANN,"ternopil.ua",3,1
"uz.ua",ICANN,"*.uz.ua",3,1
"uz.ua",ICANN,"uz.ua",3,1
"uzhgorod.ua",ICANN,"*.uzhgorod.ua",3,1
"uzhgorod.ua",ICANN,"uzhgorod.ua",3,1
"uzhhorod.ua",ICANN,"*.uzhhorod.ua",3,1
"uzhhorod.ua",ICANN,"uzhhorod.ua",3,1
"vinnica.ua",ICANN,"*.vinnica.ua",3,1
"vinnica.ua",ICANN,"vinnica.ua",3,1
"vinnytsia.ua",ICANN,"*.vinnytsia.ua",3,1
"vinnytsia.ua",ICANN,"vinnytsia.ua",3,1
"vn.ua",ICANN,"*.vn.ua",3,1
"vn.ua",ICANN,"vn.ua",3,1
"volyn.ua",ICANN,"*.volyn.ua",3,1
"volyn.ua",ICANN,"volyn.ua",3,1
"yalta.ua",ICANN,"*.yalta.ua",3,1
"yalta.ua",ICANN,"yalta.ua",3,1
"zakarpattia.ua",ICANN,"*.zakarpattia.ua",3,1
"zakarpattia.ua",ICANN,"zakarpattia.ua",3,1
"zaporizhzhe.ua",ICANN,"*.zaporizhzhe.ua",3,1
"zaporizhzhe.ua",ICANN,"zaporizhzhe.ua",3,1
"zaporizhzhia.ua",ICANN,"*.zaporizhzhia.ua",3,1
"zaporizhzhia.ua",ICANN,"zaporizhzhia.ua",3,1
"zhitomir.ua",ICANN,"*.zhitomir.ua",3,1
"zhitomir.ua",ICANN,"zhitomir.ua",3,1
"zhytomyr.ua",ICANN,"*.zhytomyr.ua",3,1
"zhytomyr.ua",ICANN,"zhytomyr.ua",3,1
"zp.ua",ICANN,"*.zp.ua",3,1
"zp.ua",ICANN,"zp.ua",3,1
"zt.ua",ICANN,"*.zt.ua",3,1
"zt.ua",ICANN,"zt.ua",3,1
"ac.ug",ICANN,"*.ac.ug",3,1
"ac.ug",ICANN,"ac.ug",3,1
"co.ug",ICANN,"*.co.ug",3,1
"co.ug",ICANN,"co.ug",3,1
"com.ug",ICANN,"*.com.ug",3,1
"com.ug",ICANN,"com.ug",3,1
"edu.ug",ICANN,"*.edu.ug",3,1
"edu.ug",ICANN,"edu.ug",3,1
"go.ug",ICANN,"*.go.ug",3,1
"go.ug",ICANN,"go.ug",3,1
"gov.ug",ICANN,"*.gov.ug",3,1
"gov.ug",ICANN,"gov.ug",3,1
"mil.ug",ICANN,"*.mil.ug",3,1
"mil.ug",ICANN,"mil.ug",3,1
"ne.ug",ICANN,"*.ne.ug",3,1
"ne.ug",ICANN,"ne.ug",3,1
"or.ug",ICANN,"*.or.ug",3,1
"or.ug",ICANN,"or.ug",3,1
"org.ug",ICANN,"*.org.ug",3,1
"org.ug",ICANN,"org.ug",3,1
"sc.ug",ICANN,"*.sc.ug",3,1
"sc.ug",ICANN,"sc.ug",3,1
"us.ug",ICANN,"*.us.ug",3,1
"us.ug",ICANN,"us.ug",3,1
"ac.uk",ICANN,"*.ac.uk",3,1
"ac.uk",ICANN,"ac.uk",3,1
"co.uk",ICANN,"*.co.uk",3,1
"co.uk",ICANN,"co.uk",3,1
"gov.uk",ICANN,"*.gov.uk",3,1
"gov.uk",ICANN,"gov.uk",3,1
"ltd.uk",ICANN,"*.ltd.uk",3,1
"ltd.uk",ICANN,"ltd.uk",3,1
"me.uk",ICANN,"*.me.uk",3,1
"me.uk",ICANN,"me.uk",3,1
"net.uk",ICANN,"*.net.uk",3,1
"net.uk",ICANN,"net.uk",3,1
"nhs.uk",ICANN,"*.nhs.uk",3,1
"nhs.uk",ICANN,"nhs.uk",3,1
"org.uk",ICANN,"*.org.uk",3,1
"org.uk",ICANN,"org.uk",3,1
"plc.uk",ICANN,"*.plc.uk",3,1
"plc.uk",ICANN,"plc.uk",3,1
"police.uk",ICANN,"*.police.uk",3,1
"police.uk",ICANN,"police.uk",3,1
"*.sch.uk",ICANN,"*.sch.uk",4,1
"*.sch.uk",ICANN,"sch.uk",4,1
"dni.us",ICANN,"*.dni.us",3,1
"dni.us",ICANN,"dni.us",3,1
"isa.us",ICANN,"*.isa.us",3,1
"isa.us",ICANN,"isa.us",3,1
"nsn.us",ICANN,"*.nsn.us",3,1
"nsn.us",ICANN,"nsn.us",3,1
"ak.us",ICANN,"*.ak.us",3,1
"ak.us",ICANN,"ak.us",3,1
"al.us",ICANN,"*.al.us",3,1
"al.us",ICANN,"al.us",3,1
"ar.us",ICANN,"*.ar.us",3,1
"ar.us",ICANN,"ar.us",3,1
"as.us",ICANN,"*.as.us",3,1
"as.us",ICANN,"as.us",3,1
"az.us",ICANN,"*.az.us",3,1
"az.us",ICANN,"az.us",3,1
"ca.us",ICANN,"*.ca.us",3,1
"ca.us",ICANN,"ca.us",3,1
"co.us",ICANN,"*.co.us",3,1
"co.us",ICANN,"co.us",3,1
"ct.us",ICANN,"*.ct.us",3,1
"ct.us",ICANN,"ct.us",3,1
"dc.us",ICANN,"*.dc.us",3,1
"dc.us",ICANN,"dc.us",3,1
"de.us",ICANN,"*.de.us",3,1
"de.us",ICANN,"de.us",3,1
"fl.us",ICANN,"*.fl.us",3,1
"fl.us",ICANN,"fl.us",3,1
"ga.us",ICANN,"*.ga.us",3,1
"ga.us",ICANN,"ga.us",3,1
"gu.us",ICANN,"*.gu.us",3,1
"gu.us",ICANN,"gu.us",3,1
"hi.us",ICANN,"*.hi.us",3,1
"hi.us",ICANN,"hi.us",3,1
"ia.us",ICANN,"*.ia.us",3,1
"ia.us",ICANN,"ia.us",3,1
"id.us",ICANN,"*.id.us",3,1
"id.us",ICANN,"id.us",3,1
"il.us",ICANN,"*.il.us",3,1
"il.us",ICANN,"il.us",3,1
"in.us",ICANN,"*.in.us",3,1
"in.us",ICANN,"in.us",3,1
"ks.us",ICANN,"*.ks.us",3,1
"ks.us",ICANN,"ks.us",3,1
"ky.us",ICANN,"*.ky.us",3,1
"ky.us",ICANN,"ky.us",3,1
"la.us",ICANN,"*.la.us",3,1
"la.us",ICANN,"la.us",3,1
"ma.us",ICANN,"*.ma.us",3,1
"ma.us",ICANN,"ma.us",3,1
"md.us",ICANN,"*.md.us",3,1
"md.us",ICANN,"md.us",3,1
"me.us",ICANN,"*.me.us",3,1
"me.us",ICANN,"me.us",3,1
"mi.us",ICANN,"*.mi.us",3,1
"mi.us",ICANN,"mi.us",3,1
"mn.us",ICANN,"*.mn.us",3,1
"mn.us",ICANN,"mn.us",3,1
"mo.us",ICANN,"*.mo.us",3,1
"mo.us",ICANN,"mo.us",3,1
"ms.us",ICANN,"*.ms.us",3,1
"ms.us",ICANN,"ms.us",3,1
"mt.us",ICANN,"*.mt.us",3,1
"mt.us",ICANN,"mt.us",3,1
"nc.us",ICANN,"*.nc.us",3,1
"nc.us",ICANN,"nc.us",3,1
"nd.us",ICANN,"*.nd.us",3,1
"nd.us",ICANN,"nd.us",3,1
"ne.us",ICANN,"*.ne.us",3,1
"ne.us",ICANN,"ne.us",3,1
"nh.us",ICANN,"*.nh.us",3,1
"nh.us",ICANN,"nh.us",3,1
"nj.us",ICANN,"*.nj.us",3,1
"nj.us",ICANN,"nj.us",3,1
"nm.us",ICANN,"*.nm.us",3,1
"nm.us",ICANN,"nm.us",3,1
"nv.us",ICANN,"*.nv.us",3,1
"nv.us",ICANN,"nv.us",3,1
"ny.us",ICANN,"*.ny.us",3,1
"ny.us",ICANN,"ny.us",3,1
"oh.us",ICANN,"*.oh.us",3,1
"oh.us",ICANN,"oh.us",3,1
"ok.us",ICANN,"*.ok.us",3,1
"ok.us",ICANN,"ok.us",3,1
"or.us",ICANN,"*.or.us",3,1
"or.us",ICANN,"or.us",3,1
"pa.us",ICANN,"*.pa.us",3,1
"pa.us",ICANN,"pa.us",3,1
"pr.us",ICANN,"*.pr.us",3,1
"pr.us",ICANN,"pr.us",3,1
"ri.us",ICANN,"*.ri.us",3,1
"ri.us",ICANN,"ri.us",3,1
"sc.us",ICANN,"*.sc.us",3,1
"sc.us",ICANN,"sc.us",3,1
"sd.us",ICANN,"*.sd.us",3,1
"sd.us",ICANN,"sd.us",3,1
"tn.us",ICANN,"*.tn.us",3,1
"tn.us",ICANN,"tn.us",3,1
"tx.us",ICANN,"*.tx.us",3,1
"tx.us",ICANN,"tx.us",3,1
"ut.us",ICANN,"*.ut.us",3,1
"ut.us",ICANN,"ut.us",3,1
"va.us",ICANN,"*.va.us",3,1
"va.us",ICANN,"va.us",3,1
"vi.us",ICANN,"*.vi.us",3,1
"vi.us",ICANN,"vi.us",3,1
"vt.us",ICANN,"*.vt.us",3,1
"vt.us",ICANN,"vt.us",3,1
"wa.us",ICANN,"*.wa.us",3,1
"wa.us",ICANN,"wa.us",3,1
"wi.us",ICANN,"*.wi.us",3,1
"wi.us",ICANN,"wi.us",3,1
"wv.us",ICANN,"*.wv.us",3,1
"wv.us",ICANN,"wv.us",3,1
"wy.us",ICANN,"*.wy.us",3,1
"wy.us",ICANN,"wy.us",3,1
"com.uy",ICANN,"*.com.uy",3,1
"com.uy",ICANN,"com.uy",3,1
"edu.uy",ICANN,"*.edu.uy",3,1
"edu.uy",ICANN,"edu.uy",3,1
"gub.uy",ICANN,"*.gub.uy",3,1
"gub.uy",ICANN,"gub.uy",3,1
"mil.uy",ICANN,"*.mil.uy",3,1
"mil.uy",ICANN,"mil.uy",3,1
"net.uy",ICANN,"*.net.uy",3,1
"net.uy",ICANN,"net.uy",3,1
"org.uy",ICANN,"*.org.uy",3,1
"org.uy",ICANN,"org.uy",3,1
"co.uz",ICANN,"*.co.uz",3,1
"co.uz",ICANN,"co.uz",3,1
"com.uz",ICANN,"*.com.uz",3,1
"com.uz",ICANN,"com.uz",3,1
"net.uz",ICANN,"*.net.uz",3,1
"net.uz",ICANN,"net.uz",3,1
"org.uz",ICANN,"*.org.uz",3,1
"org.uz",ICANN,"org.uz",3,1
"com.vc",ICANN,"*.com.vc",3,1
"com.vc",ICANN,"com.vc",3,1
"edu.vc",ICANN,"*.edu.vc",3,1
"edu.vc",ICANN,"edu.vc",3,1
"gov.vc",ICANN,"*.gov.vc",3,1
"gov.vc",ICANN,"gov.vc",3,1
"mil.vc",ICANN,"*.mil.vc",3,1
"mil.vc",ICANN,"mil.vc",3,1
"net.vc",ICANN,"*.net.vc",3,1
"net.vc",ICANN,"net.vc",3,1
"org.vc",ICANN,"*.org.vc",3,1
"org.vc",ICANN,"org.vc",3,1
"arts.ve",ICANN,"*.arts.ve",3,1
"arts.ve",ICANN,"arts.ve",3,1
"bib.ve",ICANN,"*.bib.ve",3,1
"bib.ve",ICANN,"bib.ve",3,1
"co.ve",ICANN,"*.co.ve",3,1
"co.ve",ICANN,"co.ve",3,1
"com.ve",ICANN,"*.com.ve",3,1
"com.ve",ICANN,"com.ve",3,1
"e12.ve",ICANN,"*.e12.ve",3,1
"e12.ve",ICANN,"e12.ve",3,1
"edu.ve",ICANN,"*.edu.ve",3,1
"edu.ve",ICANN,"edu.ve",3,1
"emprende.ve",ICANN,"*.emprende.ve",3,1
"emprende.ve",ICANN,"emprende.ve",3,1
"firm.ve",ICANN,"*.firm.ve",3,1
"firm.ve",ICANN,"firm.ve",3,1
"gob.ve",ICANN,"*.gob.ve",3,1
"gob.ve",ICANN,"gob.ve",3,1
"gov.ve",ICANN,"*.gov.ve",3,1
"gov.ve",ICANN,"gov.ve",3,1
"info.ve",ICANN,"*.info.ve",3,1
"info.ve",ICANN,"info.ve",3,1
"int.ve",ICANN,"*.int.ve",3,1
"int.ve",ICANN,"int.ve",3,1
"mil.ve",ICANN,"*.mil.ve",3,1
"mil.ve",ICANN,"mil.ve",3,1
"net.ve",ICANN,"*.net.ve",3,1
"net.ve",ICANN,"net.ve",3,1
"nom.ve",ICANN,"*.nom.ve",3,1
"nom.ve",ICANN,"nom.ve",3,1
"org.ve",ICANN,"*.org.ve",3,1
"org.ve",ICANN,"org.ve",3,1
"rar.ve",ICANN,"*.rar.ve",3,1
"rar.ve",ICANN,"rar.ve",3,1
"rec.ve",ICANN,"*.rec.ve",3,1
"rec.ve",ICANN,"rec.ve",3,1
"store.ve",ICANN,"*.store.ve",3,1
"store.ve",ICANN,"store.ve",3,1
"tec.ve",ICANN,"*.tec.ve",3,1
"tec.ve",ICANN,"tec.ve",3,1
"web.ve",ICANN,"*.web.ve",3,1
"web.ve",ICANN,"web.ve",3,1
"edu.vg",ICANN,"*.edu.vg",3,1
"edu.vg",ICANN,"edu.vg",3,1
"co.vi",ICANN,"*.co.vi",3,1
"co.vi",ICANN,"co.vi",3,1
"com.vi",ICANN,"*.com.vi",3,1
"com.vi",ICANN,"com.vi",3,1
"k12.vi",ICANN,"*.k12.vi",3,1
"k12.vi",ICANN,"k12.vi",3,1
"net.vi",ICANN,"*.net.vi",3,1
"net.vi",ICANN,"net.vi",3,1
"org.vi",ICANN,"*.org.vi",3,1
"org.vi",ICANN,"org.vi",3,1
"ac.vn",ICANN,"*.ac.vn",3,1
"ac.vn",ICANN,"ac.vn",3,1
"ai.vn",ICANN,"*.ai.vn",3,1
"ai.vn",ICANN,"ai.vn",3,1
"biz.vn",ICANN,"*.biz.vn",3,1
"biz.vn",ICANN,"biz.vn",3,1
"com.vn",ICANN,"*.com.vn",3,1
"com.vn",ICANN,"com.vn",3,1
"edu.vn",ICANN,"*.edu.vn",3,1
"edu.vn",ICANN,"edu.vn",3,1
"gov.vn",ICANN,"*.gov.vn",3,1
"gov.vn",ICANN,"gov.vn",3,1
"health.vn",ICANN,"*.health.vn",3,1
"health.vn",ICANN,"health.vn",3,1
"id.vn",ICANN,"*.id.vn",3,1
"id.vn",ICANN,"id.vn",3,1
"info.vn",ICANN,"*.info.vn",3,1
"info.vn",ICANN,"info.vn",3,1
"int.vn",ICANN,"*.int.vn",3,1
"int.vn",ICANN,"int.vn",3,1
"io.vn",ICANN,"*.io.vn",3,1
"io.vn",ICANN,"io.vn",3,1
"name.vn",ICANN,"*.name.vn",3,1
"name.vn",ICANN,"name.vn",3,1
"net.vn",ICANN,"*.net.vn",3,1
"net.vn",ICANN,"net.vn",3,1
"org.vn",ICANN,"*.org.vn",3,1
"org.vn",ICANN,"org.vn",3,1
"pro.vn",ICANN,"*.pro.vn",3,1
"pro.vn",ICANN,"pro.vn",3,1
"angiang.vn",ICANN,"*.angiang.vn",3,1
"angiang.vn",ICANN,"angiang.vn",3,1
"bacgiang.vn",ICANN,"*.bacgiang.vn",3,1
"bacgiang.vn",ICANN,"bacgiang.vn",3,1
"backan.vn",ICANN,"*.backan.vn",3,1
"backan.vn",ICANN,"backan.vn",3,1
"baclieu.vn",ICANN,"*.baclieu.vn",3,1
"baclieu.vn",ICANN,"baclieu.vn",3,1
"bacninh.vn",ICANN,"*.bacninh.vn",3,1
"bacninh.vn",ICANN,"bacninh.vn",3,1
"baria-vungtau.vn",ICANN,"*.baria-vungtau.vn",3,1
"baria-vungtau.vn",ICANN,"baria-vungtau.vn",3,1
"bentre.vn",ICANN,"*.bentre.vn",3,1
"bentre.vn",ICANN,"bentre.vn",3,1
"binhdinh.vn",ICANN,"*.binhdinh.vn",3,1
"binhdinh.vn",ICANN,"binhdinh.vn",3,1
"binhduong.vn",ICANN,"*.binhduong.vn",3,1
"binhduong.vn",ICANN,"binhduong.vn",3,1
"binhphuoc.vn",ICANN,"*.binhphuoc.vn",3,1
"binhphuoc.vn",ICANN,"binhphuoc.vn",3,1
"binhthuan.vn",ICANN,"*.binhthuan.vn",3,1
"binhthuan.vn",ICANN,"binhthuan.vn",3,1
"camau.vn",ICANN,"*.camau.vn",3,1
"camau.vn",ICANN,"camau.vn",3,1
"cantho.vn",ICANN,"*.cantho.vn",3,1
"cantho.vn",ICANN,"cantho.vn",3,1
"caobang.vn",ICANN,"*.caobang.vn",3,1
"caobang.vn",ICANN,"caobang.vn",3,1
"daklak.vn",ICANN,"*.daklak.vn",3,1
"daklak.vn",ICANN,"daklak.vn",3,1
"daknong.vn",ICANN,"*.daknong.vn",3,1
"daknong.vn",ICANN,"daknong.vn",3,1
"danang.vn",ICANN,"*.danang.vn",3,1
"danang.vn",ICANN,"danang.vn",3,1
"dienbien.vn",ICANN,"*.dienbien.vn",3,1
"dienbien.vn",ICANN,"dienbien.vn",3,1
"dongnai.vn",ICANN,"*.dongnai.vn",3,1
"dongnai.vn",ICANN,"dongnai.vn",3,1
"dongthap.vn",ICANN,"*.dongthap.vn",3,1
"dongthap.vn",ICANN,"dongthap.vn",3,1
"gialai.vn",ICANN,"*.gialai.vn",3,1
"gialai.vn",ICANN,"gialai.vn",3,1
"hagiang.vn",ICANN,"*.hagiang.vn",3,1
"hagiang.vn",ICANN,"hagiang.vn",3,1
"haiduong.vn",ICANN,"*.haiduong.vn",3,1
"haiduong.vn",ICANN,"haiduong.vn",3,1
"haiphong.vn",ICANN,"*.haiphong.vn",3,1
"haiphong.vn",ICANN,"haiphong.vn",3,1
"hanam.vn",ICANN,"*.hanam.vn",3,1
"hanam.vn",ICANN,"hanam.vn",3,1
"hanoi.vn",ICANN,"*.hanoi.vn",3,1
"hanoi.vn",ICANN,"hanoi.vn",3,1
"hatinh.vn",ICANN,"*.hatinh.vn",3,1
"hatinh.vn",ICANN,"hatinh.vn",3,1
"haugiang.vn",ICANN,"*.haugiang.vn",3,1
"haugiang.vn",ICANN,"haugiang.vn",3,1
"hoabinh.vn",ICANN,"*.hoabinh.vn",3,1
"hoabinh.vn",ICANN,"hoabinh.vn",3,1
"hungyen.vn",ICANN,"*.hungyen.vn",3,1
"hungyen.vn",ICANN,"hungyen.vn",3,1
"khanhhoa.vn",ICANN,"*.khanhhoa.vn",3,1
"khanhhoa.vn",ICANN,"khanhhoa.vn",3,1
"kiengiang.vn",ICANN,"*.kiengiang.vn",3,1
"kiengiang.vn",ICANN,"kiengiang.vn",3,1
"kontum.vn",ICANN,"*.kontum.vn",3,1
"kontum.vn",ICANN,"kontum.vn",3,1
"laichau.vn",ICANN,"*.laichau.vn",3,1
"laichau.vn",ICANN,"laichau.vn",3,1
"lamdong.vn",ICANN,"*.lamdong.vn",3,1
"lamdong.vn",ICANN,"lamdong.vn",3,1
"langson.vn",ICANN,"*.langson.vn",3,1
"langson.vn",ICANN,"langson.vn",3,1
"laocai.vn",ICANN,"*.laocai.vn",3,1
"laocai.vn",ICANN,"laocai.vn",3,1
"longan.vn",ICANN,"*.longan.vn",3,1
"longan.vn",ICANN,"longan.vn",3,1
"namdinh.vn",ICANN,"*.namdinh.vn",3,1
"namdinh.vn",ICANN,"namdinh.vn",3,1
"nghean.vn",ICANN,"*.nghean.vn",3,1
"nghean.vn",ICANN,"nghean.vn",3,1
"ninhbinh.vn",ICANN,"*.ninhbinh.vn",3,1
"ninhbinh.vn",ICANN,"ninhbinh.vn",3,1
"ninhthuan.vn",ICANN,"*.ninhthuan.vn",3,1
"ninhthuan.vn",ICANN,"ninhthuan.vn",3,1
"phutho.vn",ICANN,"*.phutho.vn",3,1
"phutho.vn",ICANN,"phutho.vn",3,1
"phuyen.vn",ICANN,"*.phuyen.vn",3,1
"phuyen.vn",ICANN,"phuyen.vn",3,1
"quangbinh.vn",ICANN,"*.quangbinh.vn",3,1
"quangbinh.vn",ICANN,"quangbinh.vn",3,1
"quangnam.vn",ICANN,"*.quangnam.vn",3,1
"quangnam.vn",ICANN,"quangnam.vn",3,1
"quangngai.vn",ICANN,"*.quangngai.vn",3,1
"quangngai.vn",ICANN,"quangngai.vn",3,1
"quangninh.vn",ICANN,"*.quangninh.vn",3,1
"quangninh.vn",ICANN,"quangninh.vn",3,1
"quangtri.vn",ICANN,"*.quangtri.vn",3,1
"quangtri.vn",ICANN,"quangtri.vn",3,1
"soctrang.vn",ICANN,"*.soctrang.vn",3,1
"soctrang.vn",ICANN,"soctrang.vn",3,1
"sonla.vn",ICANN,"*.sonla.vn",3,1
"sonla.vn",ICANN,"sonla.vn",3,1
"tayninh.vn",ICANN,"*.tayninh.vn",3,1
"tayninh.vn",ICANN,"tayninh.vn",3,1
"thaibinh.vn",ICANN,"*.thaibinh.vn",3,1
"thaibinh.vn",ICANN,"thaibinh.vn",3,1
"thainguyen.vn",ICANN,"*.thainguyen.vn",3,1
"thainguyen.vn",ICANN,"thainguyen.vn",3,1
"thanhhoa.vn",ICANN,"*.thanhhoa.vn",3,1
"thanhhoa.vn",ICANN,"thanhhoa.vn",3,1
"thanhphohochiminh.vn",ICANN,"*.thanhphohochiminh.vn",3,1
"thanhphohochiminh.vn",ICANN,"thanhphohochiminh.vn",3,1
"thuathienhue.vn",ICANN,"*.thuathienhue.vn",3,1
"thuathienhue.vn",ICANN,"thuathienhue.vn",3,1
"tiengiang.vn",ICANN,"*.tiengiang.vn",3,1
"tiengiang.vn",ICANN,"tiengiang.vn",3,1
"travinh.vn",ICANN,"*.travinh.vn",3,1
"travinh.vn",ICANN,"travinh.vn",3,1
"tuyenquang.vn",ICANN,"*.tuyenquang.vn",3,1
"tuyenquang.vn",ICANN,"tuyenquang.vn",3,1
"vinhlong.vn",ICANN,"*.vinhlong.vn",3,1
"vinhlong.vn",ICANN,"vinhlong.vn",3,1
"vinhphuc.vn",ICANN,"*.vinhphuc.vn",3,1
"vinhphuc.vn",ICANN,"vinhphuc.vn",3,1
"yenbai.vn",ICANN,"*.yenbai.vn",3,1
"yenbai.vn",ICANN,"yenbai.vn",3,1
"com.vu",ICANN,"*.com.vu",3,1
"com.vu",ICANN,"com.vu",3,1
"edu.vu",ICANN,"*.edu.vu",3,1
"edu.vu",ICANN,"edu.vu",3,1
"net.vu",ICANN,"*.net.vu",3,1
"net.vu",ICANN,"net.vu",3,1
"org.vu",ICANN,"*.org.vu",3,1
"org.vu",ICANN,"org.vu",3,1
"com.ws",ICANN,"*.com.ws",3,1
"com.ws",ICANN,"com.ws",3,1
"edu.ws",ICANN,"*.edu.ws",3,1
"edu.ws",ICANN,"edu.ws",3,1
"gov.ws",ICANN,"*.gov.ws",3,1
"gov.ws",ICANN,"gov.ws",3,1
"net.ws",ICANN,"*.net.ws",3,1
"net.ws",ICANN,"net.ws",3,1
"org.ws",ICANN,"*.org.ws",3,1
"org.ws",ICANN,"org.ws",3,1
"個人.香港",ICANN,"*.個人.香港",3,1
"個人.香港",ICANN,"個人.香港",3,1
"個人.香港",ICANN,"*.xn--gmqw5a.xn--j6w193g",3,1
"個人.香港",ICANN,"xn--gmqw5a.xn--j6w193g",3,1
"公司.香港",ICANN,"*.公司.香港",3,1
"公司.香港",ICANN,"公司.香港",3,1
"公司.香港",ICANN,"*.xn--55qx5d.xn--j6w193g",3,1
"公司.香港",ICANN,"xn--55qx5d.xn--j6w193g",3,1
"政府.香港",ICANN,"*.政府.香港",3,1
"政府.香港",ICANN,"政府.香港",3,1
"政府.香港",ICANN,"*.xn--mxtq1m.xn--j6w193g",3,1
"政府.香港",ICANN,"xn--mxtq1m.xn--j6w193g",3,1
"教育.香港",ICANN,"*.教育.香港",3,1
"教育.香港",ICANN,"教育.香港",3,1
"教育.香港",ICANN,"*.xn--wcvs22d.xn--j6w193g",3,1
"教育.香港",ICANN,"xn--wcvs22d.xn--j6w193g",3,1
"組織.香港",ICANN,"*.組織.香港",3,1
"組織.香港",ICANN,"組織.香港",3,1
"組織.香港",ICANN,"*.xn--uc0atv.xn--j6w193g",3,1
"組織.香港",ICANN,"xn--uc0atv.xn--j6w193g",3,1
"網絡.香港",ICANN,"*.網絡.香港",3,1
"網絡.香港",ICANN,"網絡.香港",3,1
"網絡.香港",ICANN,"*.xn--od0alg.xn--j6w193g",3,1
"網絡.香港",ICANN,"xn--od0alg.xn--j6w193g",3,1
"ак.срб",ICANN,"*.ак.срб",3,1
"ак.срб",ICANN,"ак.срб",3,1
"ак.срб",ICANN,"*.xn--80au.xn--90a3ac",3,1
"ак.срб",ICANN,"xn--80au.xn--90a3ac",3,1
"обр.срб",ICANN,"*.обр.срб",3,1
"обр.срб",ICANN,"обр.срб",3,1
"обр.срб",ICANN,"*.xn--90azh.xn--90a3ac",3,1
"обр.срб",ICANN,"xn--90azh.xn--90a3ac",3,1
"од.срб",ICANN,"*.од.срб",3,1
"од.срб",ICANN,"од.срб",3,1
"од.срб",ICANN,"*.xn--d1at.xn--90a3ac",3,1
"од.срб",ICANN,"xn--d1at.xn--90a3ac",3,1
"орг.срб",ICANN,"*.орг.срб",3,1
"орг.срб",ICANN,"орг.срб",3,1
"орг.срб",ICANN,"*.xn--c1avg.xn--90a3ac",3,1
"орг.срб",ICANN,"xn--c1avg.xn--90a3ac",3,1
"пр.срб",ICANN,"*.пр.срб",3,1
"пр.срб",ICANN,"пр.срб",3,1
"пр.срб",ICANN,"*.xn--o1ac.xn--90a3ac",3,1
"пр.срб",ICANN,"xn--o1ac.xn--90a3ac",3,1
"упр.срб",ICANN,"*.упр.срб",3,1
"упр.срб",ICANN,"упр.срб",3,1
"упр.срб",ICANN,"*.xn--o1ach.xn--90a3ac",3,1
"упр.срб",ICANN,"xn--o1ach.xn--90a3ac",3,1
"ทหาร.ไทย",ICANN,"*.ทหาร.ไทย",3,1
"ทหาร.ไทย",ICANN,"ทหาร.ไทย",3,1
"ทหาร.ไทย",ICANN,"*.xn--o3cyx2a.xn--o3cw4h",3,1
"ทหาร.ไทย",ICANN,"xn--o3cyx2a.xn--o3cw4h",3,1
"ธุรกิจ.ไทย",ICANN,"*.ธุรกิจ.ไทย",3,1
"ธุรกิจ.ไทย",ICANN,"ธุรกิจ.ไทย",3,1
"ธุรกิจ.ไทย",ICANN,"*.xn--12co0c3b4eva.xn--o3cw4h",3,1
"ธุรกิจ.ไทย",ICANN,"xn--12co0c3b4eva.xn--o3cw4h",3,1
"เน็ต.ไทย",ICANN,"*.เน็ต.ไทย",3,1
"เน็ต.ไทย",ICANN,"เน็ต.ไทย",3,1
"เน็ต.ไทย",ICANN,"*.xn--m3ch0j3a.xn--o3cw4h",3,1
"เน็ต.ไทย",ICANN,"xn--m3ch0j3a.xn--o3cw4h",3,1
"รัฐบาล.ไทย",ICANN,"*.รัฐบาล.ไทย",3,1
"รัฐบาล.ไทย",ICANN,"รัฐบาล.ไทย",3,1
"รัฐบาล.ไทย",ICANN,"*.xn--h3cuzk1di.xn--o3cw4h",3,1
"รัฐบาล.ไทย",ICANN,"xn--h3cuzk1di.xn--o3cw4h",3,1
"ศึกษา.ไทย",ICANN,"*.ศึกษา.ไทย",3,1
"ศึกษา.ไทย",ICANN,"ศึกษา.ไทย",3,1
"ศึกษา.ไทย",ICANN,"*.xn--12c1fe0br.xn--o3cw4h",3,1
"ศึกษา.ไทย",ICANN,"xn--12c1fe0br.xn--o3cw4h",3,1
"องค์กร.ไทย",ICANN,"*.องค์กร.ไทย",3,1
"องค์กร.ไทย",ICANN,"องค์กร.ไทย",3,1
"องค์กร.ไทย",ICANN,"*.xn--12cfi8ixb8l.xn--o3cw4h",3,1
"องค์กร.ไทย",ICANN,"xn--12cfi8ixb8l.xn--o3cw4h",3,1
"com.ye",ICANN,"*.com.ye",3,1
"com.ye",ICANN,"com.ye",3,1
"edu.ye",ICANN,"*.edu.ye",3,1
"edu.ye",ICANN,"edu.ye",3,1
"gov.ye",ICANN,"*.gov.ye",3,1
"gov.ye",ICANN,"gov.ye",3,1
"mil.ye",ICANN,"*.mil.ye",3,1
"mil.ye",ICANN,"mil.ye",3,1
"net.ye",ICANN,"*.net.ye",3,1
"net.ye",ICANN,"net.ye",3,1
"org.ye",ICANN,"*.org.ye",3,1
"org.ye",ICANN,"org.ye",3,1
"ac.za",ICANN,"*.ac.za",3,1
"ac.za",ICANN,"ac.za",3,1
"agric.za",ICANN,"*.agric.za",3,1
"agric.za",ICANN,"agric.za",3,1
"alt.za",ICANN,"*.alt.za",3,1
"alt.za",ICANN,"alt.za",3,1
"co.za",ICANN,"*.co.za",3,1
"co.za",ICANN,"co.za",3,1
"edu.za",ICANN,"*.edu.za",3,1
"edu.za",ICANN,"edu.za",3,1
"gov.za",ICANN,"*.gov.za",3,1
"gov.za",ICANN,"gov.za",3,1
"grondar.za",ICANN,"*.grondar.za",3,1
"grondar.za",ICANN,"grondar.za",3,1
"law.za",ICANN,"*.law.za",3,1
"law.za",ICANN,"law.za",3,1
"mil.za",ICANN,"*.mil.za",3,1
"mil.za",ICANN,"mil.za",3,1
"net.za",ICANN,"*.net.za",3,1
"net.za",ICANN,"net.za",3,1
"ngo.za",ICANN,"*.ngo.za",3,1
"ngo.za",ICANN,"ngo.za",3,1
"nic.za",ICANN,"*.nic.za",3,1
"nic.za",ICANN,"nic.za",3,1
"nis.za",ICANN,"*.nis.za",3,1
"nis.za",ICANN,"nis.za",3,1
"nom.za",ICANN,"*.nom.za",3,1
"nom.za",ICANN,"nom.za",3,1
"org.za",ICANN,"*.org.za",3,1
"org.za",ICANN,"org.za",3,1
"school.za",ICANN,"*.school.za",3,1
"school.za",ICANN,"school.za",3,1
"tm.za",ICANN,"*.tm.za",3,1
"tm.za",ICANN,"tm.za",3,1
"web.za",ICANN,"*.web.za",3,1
"web.za",ICANN,"web.za",3,1
"ac.zm",ICANN,"*.ac.zm",3,1
"ac.zm",ICANN,"ac.zm",3,1
"biz.zm",ICANN,"*.biz.zm",3,1
"biz.zm",ICANN,"biz.zm",3,1
"co.zm",ICANN,"*.co.zm",3,1
"co.zm",ICANN,"co.zm",3,1
"com.zm",ICANN,"*.com.zm",3,1
"com.zm",ICANN,"com.zm",3,1
"edu.zm",ICANN,"*.edu.zm",3,1
"edu.zm",ICANN,"edu.zm",3,1
"gov.zm",ICANN,"*.gov.zm",3,1
"gov.zm",ICANN,"gov.zm",3,1
"info.zm",ICANN,"*.info.zm",3,1
"info.zm",ICANN,"info.zm",3,1
"mil.zm",ICANN,"*.mil.zm",3,1
"mil.zm",ICANN,"mil.zm",3,1
"net.zm",ICANN,"*.net.zm",3,1
"net.zm",ICANN,"net.zm",3,1
"org.zm",ICANN,"*.org.zm",3,1
"org.zm",ICANN,"org.zm",3,1
"sch.zm",ICANN,"*.sch.zm",3,1
"sch.zm",ICANN,"sch.zm",3,1
"ac.zw",ICANN,"*.ac.zw",3,1
"ac.zw",ICANN,"ac.zw",3,1
"co.zw",ICANN,"*.co.zw",3,1
"co.zw",ICANN,"co.zw",3,1
"gov.zw",ICANN,"*.gov.zw",3,1
"gov.zw",ICANN,"gov.zw",3,1
"mil.zw",ICANN,"*.mil.zw",3,1
"mil.zw",ICANN,"mil.zw",3,1
"org.zw",ICANN,"*.org.zw",3,1
"org.zw",ICANN,"org.zw",3,1
"co.krd",PRIVATE,"*.co.krd",3,1
"co.krd",PRIVATE,"co.krd",3,1
"edu.krd",PRIVATE,"*.edu.krd",3,1
"edu.krd",PRIVATE,"edu.krd",3,1
"art.pl",PRIVATE,"*.art.pl",3,1
"art.pl",PRIVATE,"art.pl",3,1
"gliwice.pl",PRIVATE,"*.gliwice.pl",3,1
"gliwice.pl",PRIVATE,"gliwice.pl",3,1
"krakow.pl",PRIVATE,"*.krakow.pl",3,1
"krakow.pl",PRIVATE,"krakow.pl",3,1
"poznan.pl",PRIVATE,"*.poznan.pl",3,1
"poznan.pl",PRIVATE,"poznan.pl",3,1
"wroc.pl",PRIVATE,"*.wroc.pl",3,1
"wroc.pl",PRIVATE,"wroc.pl",3,1
"zakopane.pl",PRIVATE,"*.zakopane.pl",3,1
"zakopane.pl",PRIVATE,"zakopane.pl",3,1
"12chars.dev",PRIVATE,"*.12chars.dev",3,1
"12chars.dev",PRIVATE,"12chars.dev",3,1
"12chars.it",PRIVATE,"*.12chars.it",3,1
"12chars.it",PRIVATE,"12chars.it",3,1
"12chars.pro",PRIVATE,"*.12chars.pro",3,1
"12chars.pro",PRIVATE,"12chars.pro",3,1
"cc.ua",PRIVATE,"*.cc.ua",3,1
"cc.ua",PRIVATE,"cc.ua",3,1
"inf.ua",PRIVATE,"*.inf.ua",3,1
"inf.ua",PRIVATE,"inf.ua",3,1
"ltd.ua",PRIVATE,"*.ltd.ua",3,1
"ltd.ua",PRIVATE,"ltd.ua",3,1
"611.to",PRIVATE,"*.611.to",3,1
"611.to",PRIVATE,"611.to",3,1
"a2hosted.com",PRIVATE,"*.a2hosted.com",3,1
"a2hosted.com",PRIVATE,"a2hosted.com",3,1
"cpserver.com",PRIVATE,"*.cpserver.com",3,1
"cpserver.com",PRIVATE,"cpserver.com",3,1
"*.on-acorn.io",PRIVATE,"*.on-acorn.io",4,1
"*.on-acorn.io",PRIVATE,"on-acorn.io",4,1
"activetrail.biz",PRIVATE,"*.activetrail.biz",3,1
"activetrail.biz",PRIVATE,"activetrail.biz",3,1
"adaptable.app",PRIVATE,"*.adaptable.app",3,1
"adaptable.app",PRIVATE,"adaptable.app",3,1
"myaddr.dev",PRIVATE,"*.myaddr.dev",3,1
"myaddr.dev",PRIVATE,"myaddr.dev",3,1
"myaddr.io",PRIVATE,"*.myaddr.io",3,1
"myaddr.io",PRIVATE,"myaddr.io",3,1
"myaddr.tools",PRIVATE,"*.myaddr.tools",3,1
"myaddr.tools",PRIVATE,"myaddr.tools",3,1
"adobeaemcloud.com",PRIVATE,"*.adobeaemcloud.com",3,1
"adobeaemcloud.com",PRIVATE,"adobeaemcloud.com",3,1
"aem.live",PRIVATE,"*.aem.live",3,1
"aem.live",PRIVATE,"aem.live",3,1
"hlx.live",PRIVATE,"*.hlx.live",3,1
"hlx.live",PRIVATE,"hlx.live",3,1
"adobeaemcloud.net",PRIVATE,"*.adobeaemcloud.net",3,1
"adobeaemcloud.net",PRIVATE,"adobeaemcloud.net",3,1
"aem.network",PRIVATE,"*.aem.network",3,1
"aem.network",PRIVATE,"aem.network",3,1
"aem.page",PRIVATE,"*.aem.page",3,1
"aem.page",PRIVATE,"aem.page",3,1
"hlx.page",PRIVATE,"*.hlx.page",3,1
"hlx.page",PRIVATE,"hlx.page",3,1
"aem.reviews",PRIVATE,"*.aem.reviews",3,1
"aem.reviews",PRIVATE,"aem.reviews",3,1
"adobeio-static.net",PRIVATE,"*.adobeio-static.net",3,1
"adobeio-static.net",PRIVATE,"adobeio-static.net",3,1
"adobeioruntime.net",PRIVATE,"*.adobeioruntime.net",3,1
"adobeioruntime.net",PRIVATE,"adobeioruntime.net",3,1
"africa.com",PRIVATE,"*.africa.com",3,1
"africa.com",PRIVATE,"africa.com",3,1
"beep.pl",PRIVATE,"*.beep.pl",3,1
"beep.pl",PRIVATE,"beep.pl",3,1
"aiven.app",PRIVATE,"*.aiven.app",3,1
"aiven.app",PRIVATE,"aiven.app",3,1
"aivencloud.com",PRIVATE,"*.aivencloud.com",3,1
"aivencloud.com",PRIVATE,"aivencloud.com",3,1
"akadns.net",PRIVATE,"*.akadns.net",3,1
"akadns.net",PRIVATE,"akadns.net",3,1
"akamai.net",PRIVATE,"*.akamai.net",3,1
"akamai.net",PRIVATE,"akamai.net",3,1
"akamai-staging.net",PRIVATE,"*.akamai-staging.net",3,1
"akamai-staging.net",PRIVATE,"akamai-staging.net",3,1
"akamaiedge.net",PRIVATE,"*.akamaiedge.net",3,1
"akamaiedge.net",PRIVATE,"akamaiedge.net",3,1
"akamaiedge-staging.net",PRIVATE,"*.akamaiedge-staging.net",3,1
"akamaiedge-staging.net",PRIVATE,"akamaiedge-staging.net",3,1
"akamaihd.net",PRIVATE,"*.akamaihd.net",3,1
"akamaihd.net",PRIVATE,"akamaihd.net",3,1
"akamaihd-staging.net",PRIVATE,"*.akamaihd-staging.net",3,1
"akamaihd-staging.net",PRIVATE,"akamaihd-staging.net",3,1
"akamaiorigin.net",PRIVATE,"*.akamaiorigin.net",3,1
"akamaiorigin.net",PRIVATE,"akamaiorigin.net",3,1
"akamaiorigin-staging.net",PRIVATE,"*.akamaiorigin-staging.net",3,1
"akamaiorigin-staging.net",PRIVATE,"akamaiorigin-staging.net",3,1
"akamaized.net",PRIVATE,"*.akamaized.net",3,1
"akamaized.net",PRIVATE,"akamaized.net",3,1
"akamaized-staging.net",PRIVATE,"*.akamaized-staging.net",3,1
"akamaized-staging.net",PRIVATE,"akamaized-staging.net",3,1
"edgekey.net",PRIVATE,"*.edgekey.net",3,1
"edgekey.net",PRIVATE,"edgekey.net",3,1
"edgekey-staging.net",PRIVATE,"*.edgekey-staging.net",3,1
"edgekey-staging.net",PRIVATE,"edgekey-staging.net",3,1
"edgesuite.net",PRIVATE,"*.edgesuite.net",3,1
"edgesuite.net",PRIVATE,"edgesuite.net",3,1
"edgesuite-staging.net",PRIVATE,"*.edgesuite-staging.net",3,1
"edgesuite-staging.net",PRIVATE,"edgesuite-staging.net",3,1
"barsy.ca",PRIVATE,"*.barsy.ca",3,1
"barsy.ca",PRIVATE,"barsy.ca",3,1
"*.compute.estate",PRIVATE,"*.compute.estate",4,1
"*.compute.estate",PRIVATE,"compute.estate",4,1
"*.alces.network",PRIVATE,"*.alces.network",4,1
"*.alces.network",PRIVATE,"alces.network",4,1
"alibabacloudcs.com",PRIVATE,"*.alibabacloudcs.com",3,1
"alibabacloudcs.com",PRIVATE,"alibabacloudcs.com",3,1
"kasserver.com",PRIVATE,"*.kasserver.com",3,1
"kasserver.com",PRIVATE,"kasserver.com",3,1
"altervista.org",PRIVATE,"*.altervista.org",3,1
"altervista.org",PRIVATE,"altervista.org",3,1
"alwaysdata.net",PRIVATE,"*.alwaysdata.net",3,1
"alwaysdata.net",PRIVATE,"alwaysdata.net",3,1
"myamaze.net",PRIVATE,"*.myamaze.net",3,1
"myamaze.net",PRIVATE,"myamaze.net",3,1
"cloudfront.net",PRIVATE,"*.cloudfront.net",3,1
"cloudfront.net",PRIVATE,"cloudfront.net",3,1
"amplifyapp.com",PRIVATE,"*.amplifyapp.com",3,1
"amplifyapp.com",PRIVATE,"amplifyapp.com",3,1
"*.awsapprunner.com",PRIVATE,"*.awsapprunner.com",4,1
"*.awsapprunner.com",PRIVATE,"awsapprunner.com",4,1
"awsapps.com",PRIVATE,"*.awsapps.com",3,1
"awsapps.com",PRIVATE,"awsapps.com",3,1
"elasticbeanstalk.com",PRIVATE,"*.elasticbeanstalk.com",3,1
"elasticbeanstalk.com",PRIVATE,"elasticbeanstalk.com",3,1
"awsglobalaccelerator.com",PRIVATE,"*.awsglobalaccelerator.com",3,1
"awsglobalaccelerator.com",PRIVATE,"awsglobalaccelerator.com",3,1
"eero.online",PRIVATE,"*.eero.online",3,1
"eero.online",PRIVATE,"eero.online",3,1
"eero-stage.online",PRIVATE,"*.eero-stage.online",3,1
"eero-stage.online",PRIVATE,"eero-stage.online",3,1
"apigee.io",PRIVATE,"*.apigee.io",3,1
"apigee.io",PRIVATE,"apigee.io",3,1
"panel.dev",PRIVATE,"*.panel.dev",3,1
"panel.dev",PRIVATE,"panel.dev",3,1
"siiites.com",PRIVATE,"*.siiites.com",3,1
"siiites.com",PRIVATE,"siiites.com",3,1
"appspacehosted.com",PRIVATE,"*.appspacehosted.com",3,1
"appspacehosted.com",PRIVATE,"appspacehosted.com",3,1
"appspaceusercontent.com",PRIVATE,"*.appspaceusercontent.com",3,1
"appspaceusercontent.com",PRIVATE,"appspaceusercontent.com",3,1
"appudo.net",PRIVATE,"*.appudo.net",3,1
"appudo.net",PRIVATE,"appudo.net",3,1
"appwrite.global",PRIVATE,"*.appwrite.global",3,1
"appwrite.global",PRIVATE,"appwrite.global",3,1
"*.appwrite.run",PRIVATE,"*.appwrite.run",4,1
"*.appwrite.run",PRIVATE,"appwrite.run",4,1
"on-aptible.com",PRIVATE,"*.on-aptible.com",3,1
"on-aptible.com",PRIVATE,"on-aptible.com",3,1
"f5.si",PRIVATE,"*.f5.si",3,1
"f5.si",PRIVATE,"f5.si",3,1
"arvanedge.ir",PRIVATE,"*.arvanedge.ir",3,1
"arvanedge.ir",PRIVATE,"arvanedge.ir",3,1
"gv.vc",PRIVATE,"*.gv.vc",3,1
"gv.vc",PRIVATE,"gv.vc",3,1
"pimienta.org",PRIVATE,"*.pimienta.org",3,1
"pimienta.org",PRIVATE,"pimienta.org",3,1
"poivron.org",PRIVATE,"*.poivron.org",3,1
"poivron.org",PRIVATE,"poivron.org",3,1
"potager.org",PRIVATE,"*.potager.org",3,1
"potager.org",PRIVATE,"potager.org",3,1
"sweetpepper.org",PRIVATE,"*.sweetpepper.org",3,1
"sweetpepper.org",PRIVATE,"sweetpepper.org",3,1
"myasustor.com",PRIVATE,"*.myasustor.com",3,1
"myasustor.com",PRIVATE,"myasustor.com",3,1
"translated.page",PRIVATE,"*.translated.page",3,1
"translated.page",PRIVATE,"translated.page",3,1
"myfritz.link",PRIVATE,"*.myfritz.link",3,1
"myfritz.link",PRIVATE,"myfritz.link",3,1
"myfritz.net",PRIVATE,"*.myfritz.net",3,1
"myfritz.net",PRIVATE,"myfritz.net",3,1
"onavstack.net",PRIVATE,"*.onavstack.net",3,1
"onavstack.net",PRIVATE,"onavstack.net",3,1
"*.awdev.ca",PRIVATE,"*.awdev.ca",4,1
"*.awdev.ca",PRIVATE,"awdev.ca",4,1
"*.advisor.ws",PRIVATE,"*.advisor.ws",4,1
"*.advisor.ws",PRIVATE,"advisor.ws",4,1
"ecommerce-shop.pl",PRIVATE,"*.ecommerce-shop.pl",3,1
"ecommerce-shop.pl",PRIVATE,"ecommerce-shop.pl",3,1
"b-data.io",PRIVATE,"*.b-data.io",3,1
"b-data.io",PRIVATE,"b-data.io",3,1
"balena-devices.com",PRIVATE,"*.balena-devices.com",3,1
"balena-devices.com",PRIVATE,"balena-devices.com",3,1
"base.ec",PRIVATE,"*.base.ec",3,1
"base.ec",PRIVATE,"base.ec",3,1
"official.ec",PRIVATE,"*.official.ec",3,1
"official.ec",PRIVATE,"official.ec",3,1
"buyshop.jp",PRIVATE,"*.buyshop.jp",3,1
"buyshop.jp",PRIVATE,"buyshop.jp",3,1
"fashionstore.jp",PRIVATE,"*.fashionstore.jp",3,1
"fashionstore.jp",PRIVATE,"fashionstore.jp",3,1
"handcrafted.jp",PRIVATE,"*.handcrafted.jp",3,1
"handcrafted.jp",PRIVATE,"handcrafted.jp",3,1
"kawaiishop.jp",PRIVATE,"*.kawaiishop.jp",3,1
"kawaiishop.jp",PRIVATE,"kawaiishop.jp",3,1
"supersale.jp",PRIVATE,"*.supersale.jp",3,1
"supersale.jp",PRIVATE,"supersale.jp",3,1
"theshop.jp",PRIVATE,"*.theshop.jp",3,1
"theshop.jp",PRIVATE,"theshop.jp",3,1
"shopselect.net",PRIVATE,"*.shopselect.net",3,1
"shopselect.net",PRIVATE,"shopselect.net",3,1
"base.shop",PRIVATE,"*.base.shop",3,1
"base.shop",PRIVATE,"base.shop",3,1
"beagleboard.io",PRIVATE,"*.beagleboard.io",3,1
"beagleboard.io",PRIVATE,"beagleboard.io",3,1
"*.beget.app",PRIVATE,"*.beget.app",4,1
"*.beget.app",PRIVATE,"beget.app",4,1
"pages.gay",PRIVATE,"*.pages.gay",3,1
"pages.gay",PRIVATE,"pages.gay",3,1
"bnr.la",PRIVATE,"*.bnr.la",3,1
"bnr.la",PRIVATE,"bnr.la",3,1
"bitbucket.io",PRIVATE,"*.bitbucket.io",3,1
"bitbucket.io",PRIVATE,"bitbucket.io",3,1
"blackbaudcdn.net",PRIVATE,"*.blackbaudcdn.net",3,1
"blackbaudcdn.net",PRIVATE,"blackbaudcdn.net",3,1
"of.je",PRIVATE,"*.of.je",3,1
"of.je",PRIVATE,"of.je",3,1
"square.site",PRIVATE,"*.square.site",3,1
"square.site",PRIVATE,"square.site",3,1
"bluebite.io",PRIVATE,"*.bluebite.io",3,1
"bluebite.io",PRIVATE,"bluebite.io",3,1
"boomla.net",PRIVATE,"*.boomla.net",3,1
"boomla.net",PRIVATE,"boomla.net",3,1
"boutir.com",PRIVATE,"*.boutir.com",3,1
"boutir.com",PRIVATE,"boutir.com",3,1
"boxfuse.io",PRIVATE,"*.boxfuse.io",3,1
"boxfuse.io",PRIVATE,"boxfuse.io",3,1
"square7.ch",PRIVATE,"*.square7.ch",3,1
"square7.ch",PRIVATE,"square7.ch",3,1
"bplaced.com",PRIVATE,"*.bplaced.com",3,1
"bplaced.com",PRIVATE,"bplaced.com",3,1
"bplaced.de",PRIVATE,"*.bplaced.de",3,1
"bplaced.de",PRIVATE,"bplaced.de",3,1
"square7.de",PRIVATE,"*.square7.de",3,1
"square7.de",PRIVATE,"square7.de",3,1
"bplaced.net",PRIVATE,"*.bplaced.net",3,1
"bplaced.net",PRIVATE,"bplaced.net",3,1
"square7.net",PRIVATE,"*.square7.net",3,1
"square7.net",PRIVATE,"square7.net",3,1
"brave.app",PRIVATE,"*.brave.app",3,1
"brave.app",PRIVATE,"brave.app",3,1
"brave.io",PRIVATE,"*.brave.io",3,1
"brave.io",PRIVATE,"brave.io",3,1
"browsersafetymark.io",PRIVATE,"*.browsersafetymark.io",3,1
"browsersafetymark.io",PRIVATE,"browsersafetymark.io",3,1
"radio.am",PRIVATE,"*.radio.am",3,1
"radio.am",PRIVATE,"radio.am",3,1
"radio.fm",PRIVATE,"*.radio.fm",3,1
"radio.fm",PRIVATE,"radio.fm",3,1
"bubbleapps.io",PRIVATE,"*.bubbleapps.io",3,1
"bubbleapps.io",PRIVATE,"bubbleapps.io",3,1
"cafjs.com",PRIVATE,"*.cafjs.com",3,1
"cafjs.com",PRIVATE,"cafjs.com",3,1
"canva-apps.cn",PRIVATE,"*.canva-apps.cn",3,1
"canva-apps.cn",PRIVATE,"canva-apps.cn",3,1
"canva-apps.com",PRIVATE,"*.canva-apps.com",3,1
"canva-apps.com",PRIVATE,"canva-apps.com",3,1
"rice-labs.com",PRIVATE,"*.rice-labs.com",3,1
"rice-labs.com",PRIVATE,"rice-labs.com",3,1
"canva.run",PRIVATE,"*.canva.run",3,1
"canva.run",PRIVATE,"canva.run",3,1
"drr.ac",PRIVATE,"*.drr.ac",3,1
"drr.ac",PRIVATE,"drr.ac",3,1
"uwu.ai",PRIVATE,"*.uwu.ai",3,1
"uwu.ai",PRIVATE,"uwu.ai",3,1
"carrd.co",PRIVATE,"*.carrd.co",3,1
"carrd.co",PRIVATE,"carrd.co",3,1
"crd.co",PRIVATE,"*.crd.co",3,1
"crd.co",PRIVATE,"crd.co",3,1
"ju.mp",PRIVATE,"*.ju.mp",3,1
"ju.mp",PRIVATE,"ju.mp",3,1
"cdn77-storage.com",PRIVATE,"*.cdn77-storage.com",3,1
"cdn77-storage.com",PRIVATE,"cdn77-storage.com",3,1
"cdn77-ssl.net",PRIVATE,"*.cdn77-ssl.net",3,1
"cdn77-ssl.net",PRIVATE,"cdn77-ssl.net",3,1
"za.bz",PRIVATE,"*.za.bz",3,1
"za.bz",PRIVATE,"za.bz",3,1
"br.com",PRIVATE,"*.br.com",3,1
"br.com",PRIVATE,"br.com",3,1
"cn.com",PRIVATE,"*.cn.com",3,1
"cn.com",PRIVATE,"cn.com",3,1
"de.com",PRIVATE,"*.de.com",3,1
"de.com",PRIVATE,"de.com",3,1
"eu.com",PRIVATE,"*.eu.com",3,1
"eu.com",PRIVATE,"eu.com",3,1
"jpn.com",PRIVATE,"*.jpn.com",3,1
"jpn.com",PRIVATE,"jpn.com",3,1
"mex.com",PRIVATE,"*.mex.com",3,1
"mex.com",PRIVATE,"mex.com",3,1
"ru.com",PRIVATE,"*.ru.com",3,1
"ru.com",PRIVATE,"ru.com",3,1
"sa.com",PRIVATE,"*.sa.com",3,1
"sa.com",PRIVATE,"sa.com",3,1
"uk.com",PRIVATE,"*.uk.com",3,1
"uk.com",PRIVATE,"uk.com",3,1
"us.com",PRIVATE,"*.us.com",3,1
"us.com",PRIVATE,"us.com",3,1
"za.com",PRIVATE,"*.za.com",3,1
"za.com",PRIVATE,"za.com",3,1
"com.de",PRIVATE,"*.com.de",3,1
"com.de",PRIVATE,"com.de",3,1
"gb.net",PRIVATE,"*.gb.net",3,1
"gb.net",PRIVATE,"gb.net",3,1
"hu.net",PRIVATE,"*.hu.net",3,1
"hu.net",PRIVATE,"hu.net",3,1
"jp.net",PRIVATE,"*.jp.net",3,1
"jp.net",PRIVATE,"jp.net",3,1
"se.net",PRIVATE,"*.se.net",3,1
"se.net",PRIVATE,"se.net",3,1
"uk.net",PRIVATE,"*.uk.net",3,1
"uk.net",PRIVATE,"uk.net",3,1
"ae.org",PRIVATE,"*.ae.org",3,1
"ae.org",PRIVATE,"ae.org",3,1
"com.se",PRIVATE,"*.com.se",3,1
"com.se",PRIVATE,"com.se",3,1
"cx.ua",PRIVATE,"*.cx.ua",3,1
"cx.ua",PRIVATE,"cx.ua",3,1
"discourse.group",PRIVATE,"*.discourse.group",3,1
"discourse.group",PRIVATE,"discourse.group",3,1
"discourse.team",PRIVATE,"*.discourse.team",3,1
"discourse.team",PRIVATE,"discourse.team",3,1
"clerk.app",PRIVATE,"*.clerk.app",3,1
"clerk.app",PRIVATE,"clerk.app",3,1
"clerkstage.app",PRIVATE,"*.clerkstage.app",3,1
"clerkstage.app",PRIVATE,"clerkstage.app",3,1
"*.lcl.dev",PRIVATE,"*.lcl.dev",4,1
"*.lcl.dev",PRIVATE,"lcl.dev",4,1
"*.lclstage.dev",PRIVATE,"*.lclstage.dev",4,1
"*.lclstage.dev",PRIVATE,"lclstage.dev",4,1
"*.stg.dev",PRIVATE,"*.stg.dev",4,1
"*.stg.dev",PRIVATE,"stg.dev",4,1
"*.stgstage.dev",PRIVATE,"*.stgstage.dev",4,1
"*.stgstage.dev",PRIVATE,"stgstage.dev",4,1
"cleverapps.cc",PRIVATE,"*.cleverapps.cc",3,1
"cleverapps.cc",PRIVATE,"cleverapps.cc",3,1
"cleverapps.io",PRIVATE,"*.cleverapps.io",3,1
"cleverapps.io",PRIVATE,"cleverapps.io",3,1
"cleverapps.tech",PRIVATE,"*.cleverapps.tech",3,1
"cleverapps.tech",PRIVATE,"cleverapps.tech",3,1
"clickrising.net",PRIVATE,"*.clickrising.net",3,1
"clickrising.net",PRIVATE,"clickrising.net",3,1
"cloudns.asia",PRIVATE,"*.cloudns.asia",3,1
"cloudns.asia",PRIVATE,"cloudns.asia",3,1
"cloudns.be",PRIVATE,"*.cloudns.be",3,1
"cloudns.be",PRIVATE,"cloudns.be",3,1
"cloud-ip.biz",PRIVATE,"*.cloud-ip.biz",3,1
"cloud-ip.biz",PRIVATE,"cloud-ip.biz",3,1
"cloudns.biz",PRIVATE,"*.cloudns.biz",3,1
"cloudns.biz",PRIVATE,"cloudns.biz",3,1
"cloud-ip.cc",PRIVATE,"*.cloud-ip.cc",3,1
"cloud-ip.cc",PRIVATE,"cloud-ip.cc",3,1
"cloudns.cc",PRIVATE,"*.cloudns.cc",3,1
"cloudns.cc",PRIVATE,"cloudns.cc",3,1
"cloudns.ch",PRIVATE,"*.cloudns.ch",3,1
"cloudns.ch",PRIVATE,"cloudns.ch",3,1
"cloudns.cl",PRIVATE,"*.cloudns.cl",3,1
"cloudns.cl",PRIVATE,"cloudns.cl",3,1
"cloudns.club",PRIVATE,"*.cloudns.club",3,1
"cloudns.club",PRIVATE,"cloudns.club",3,1
"abrdns.com",PRIVATE,"*.abrdns.com",3,1
"abrdns.com",PRIVATE,"abrdns.com",3,1
"dnsabr.com",PRIVATE,"*.dnsabr.com",3,1
"dnsabr.com",PRIVATE,"dnsabr.com",3,1
"ip-ddns.com",PRIVATE,"*.ip-ddns.com",3,1
"ip-ddns.com",PRIVATE,"ip-ddns.com",3,1
"cloudns.cx",PRIVATE,"*.cloudns.cx",3,1
"cloudns.cx",PRIVATE,"cloudns.cx",3,1
"cloudns.eu",PRIVATE,"*.cloudns.eu",3,1
"cloudns.eu",PRIVATE,"cloudns.eu",3,1
"cloudns.in",PRIVATE,"*.cloudns.in",3,1
"cloudns.in",PRIVATE,"cloudns.in",3,1
"cloudns.info",PRIVATE,"*.cloudns.info",3,1
"cloudns.info",PRIVATE,"cloudns.info",3,1
"ddns-ip.net",PRIVATE,"*.ddns-ip.net",3,1
"ddns-ip.net",PRIVATE,"ddns-ip.net",3,1
"dns-cloud.net",PRIVATE,"*.dns-cloud.net",3,1
"dns-cloud.net",PRIVATE,"dns-cloud.net",3,1
"dns-dynamic.net",PRIVATE,"*.dns-dynamic.net",3,1
"dns-dynamic.net",PRIVATE,"dns-dynamic.net",3,1
"cloudns.nz",PRIVATE,"*.cloudns.nz",3,1
"cloudns.nz",PRIVATE,"cloudns.nz",3,1
"cloudns.org",PRIVATE,"*.cloudns.org",3,1
"cloudns.org",PRIVATE,"cloudns.org",3,1
"ip-dynamic.org",PRIVATE,"*.ip-dynamic.org",3,1
"ip-dynamic.org",PRIVATE,"ip-dynamic.org",3,1
"cloudns.ph",PRIVATE,"*.cloudns.ph",3,1
"cloudns.ph",PRIVATE,"cloudns.ph",3,1
"cloudns.pro",PRIVATE,"*.cloudns.pro",3,1
"cloudns.pro",PRIVATE,"cloudns.pro",3,1
"cloudns.pw",PRIVATE,"*.cloudns.pw",3,1
"cloudns.pw",PRIVATE,"cloudns.pw",3,1
"cloudns.us",PRIVATE,"*.cloudns.us",3,1
"cloudns.us",PRIVATE,"cloudns.us",3,1
"c66.me",PRIVATE,"*.c66.me",3,1
"c66.me",PRIVATE,"c66.me",3,1
"cloud66.ws",PRIVATE,"*.cloud66.ws",3,1
"cloud66.ws",PRIVATE,"cloud66.ws",3,1
"jdevcloud.com",PRIVATE,"*.jdevcloud.com",3,1
"jdevcloud.com",PRIVATE,"jdevcloud.com",3,1
"wpdevcloud.com",PRIVATE,"*.wpdevcloud.com",3,1
"wpdevcloud.com",PRIVATE,"wpdevcloud.com",3,1
"cloudaccess.host",PRIVATE,"*.cloudaccess.host",3,1
"cloudaccess.host",PRIVATE,"cloudaccess.host",3,1
"freesite.host",PRIVATE,"*.freesite.host",3,1
"freesite.host",PRIVATE,"freesite.host",3,1
"cloudaccess.net",PRIVATE,"*.cloudaccess.net",3,1
"cloudaccess.net",PRIVATE,"cloudaccess.net",3,1
"cloudbeesusercontent.io",PRIVATE,"*.cloudbeesusercontent.io",3,1
"cloudbeesusercontent.io",PRIVATE,"cloudbeesusercontent.io",3,1
"*.cloudera.site",PRIVATE,"*.cloudera.site",4,1
"*.cloudera.site",PRIVATE,"cloudera.site",4,1
"cf-ipfs.com",PRIVATE,"*.cf-ipfs.com",3,1
"cf-ipfs.com",PRIVATE,"cf-ipfs.com",3,1
"cloudflare-ipfs.com",PRIVATE,"*.cloudflare-ipfs.com",3,1
"cloudflare-ipfs.com",PRIVATE,"cloudflare-ipfs.com",3,1
"trycloudflare.com",PRIVATE,"*.trycloudflare.com",3,1
"trycloudflare.com",PRIVATE,"trycloudflare.com",3,1
"pages.dev",PRIVATE,"*.pages.dev",3,1
"pages.dev",PRIVATE,"pages.dev",3,1
"r2.dev",PRIVATE,"*.r2.dev",3,1
"r2.dev",PRIVATE,"r2.dev",3,1
"workers.dev",PRIVATE,"*.workers.dev",3,1
"workers.dev",PRIVATE,"workers.dev",3,1
"cloudflare.net",PRIVATE,"*.cloudflare.net",3,1
"cloudflare.net",PRIVATE,"cloudflare.net",3,1
"wnext.app",PRIVATE,"*.wnext.app",3,1
"wnext.app",PRIVATE,"wnext.app",3,1
"cnpy.gdn",PRIVATE,"*.cnpy.gdn",3,1
"cnpy.gdn",PRIVATE,"cnpy.gdn",3,1
"*.otap.co",PRIVATE,"*.otap.co",4,1
"*.otap.co",PRIVATE,"otap.co",4,1
"co.ca",PRIVATE,"*.co.ca",3,1
"co.ca",PRIVATE,"co.ca",3,1
"co.com",PRIVATE,"*.co.com",3,1
"co.com",PRIVATE,"co.com",3,1
"codeberg.page",PRIVATE,"*.codeberg.page",3,1
"codeberg.page",PRIVATE,"codeberg.page",3,1
"csb.app",PRIVATE,"*.csb.app",3,1
"csb.app",PRIVATE,"csb.app",3,1
"co.nl",PRIVATE,"*.co.nl",3,1
"co.nl",PRIVATE,"co.nl",3,1
"co.no",PRIVATE,"*.co.no",3,1
"co.no",PRIVATE,"co.no",3,1
"*.devinapps.com",PRIVATE,"*.devinapps.com",4,1
"*.devinapps.com",PRIVATE,"devinapps.com",4,1
"webhosting.be",PRIVATE,"*.webhosting.be",3,1
"webhosting.be",PRIVATE,"webhosting.be",3,1
"hosting-cluster.nl",PRIVATE,"*.hosting-cluster.nl",3,1
"hosting-cluster.nl",PRIVATE,"hosting-cluster.nl",3,1
"ctfcloud.net",PRIVATE,"*.ctfcloud.net",3,1
"ctfcloud.net",PRIVATE,"ctfcloud.net",3,1
"convex.app",PRIVATE,"*.convex.app",3,1
"convex.app",PRIVATE,"convex.app",3,1
"convex.cloud",PRIVATE,"*.convex.cloud",3,1
"convex.cloud",PRIVATE,"convex.cloud",3,1
"convex.site",PRIVATE,"*.convex.site",3,1
"convex.site",PRIVATE,"convex.site",3,1
"ac.ru",PRIVATE,"*.ac.ru",3,1
"ac.ru",PRIVATE,"ac.ru",3,1
"edu.ru",PRIVATE,"*.edu.ru",3,1
"edu.ru",PRIVATE,"edu.ru",3,1
"gov.ru",PRIVATE,"*.gov.ru",3,1
"gov.ru",PRIVATE,"gov.ru",3,1
"int.ru",PRIVATE,"*.int.ru",3,1
"int.ru",PRIVATE,"int.ru",3,1
"mil.ru",PRIVATE,"*.mil.ru",3,1
"mil.ru",PRIVATE,"mil.ru",3,1
"dnsupdater.de",PRIVATE,"*.dnsupdater.de",3,1
"dnsupdater.de",PRIVATE,"dnsupdater.de",3,1
"dynamisches-dns.de",PRIVATE,"*.dynamisches-dns.de",3,1
"dynamisches-dns.de",PRIVATE,"dynamisches-dns.de",3,1
"internet-dns.de",PRIVATE,"*.internet-dns.de",3,1
"internet-dns.de",PRIVATE,"internet-dns.de",3,1
"l-o-g-i-n.de",PRIVATE,"*.l-o-g-i-n.de",3,1
"l-o-g-i-n.de",PRIVATE,"l-o-g-i-n.de",3,1
"dynamic-dns.info",PRIVATE,"*.dynamic-dns.info",3,1
"dynamic-dns.info",PRIVATE,"dynamic-dns.info",3,1
"feste-ip.net",PRIVATE,"*.feste-ip.net",3,1
"feste-ip.net",PRIVATE,"feste-ip.net",3,1
"knx-server.net",PRIVATE,"*.knx-server.net",3,1
"knx-server.net",PRIVATE,"knx-server.net",3,1
"static-access.net",PRIVATE,"*.static-access.net",3,1
"static-access.net",PRIVATE,"static-access.net",3,1
"craft.me",PRIVATE,"*.craft.me",3,1
"craft.me",PRIVATE,"craft.me",3,1
"realm.cz",PRIVATE,"*.realm.cz",3,1
"realm.cz",PRIVATE,"realm.cz",3,1
"*.cryptonomic.net",PRIVATE,"*.cryptonomic.net",4,1
"*.cryptonomic.net",PRIVATE,"cryptonomic.net",4,1
"cfolks.pl",PRIVATE,"*.cfolks.pl",3,1
"cfolks.pl",PRIVATE,"cfolks.pl",3,1
"cyon.link",PRIVATE,"*.cyon.link",3,1
"cyon.link",PRIVATE,"cyon.link",3,1
"cyon.site",PRIVATE,"*.cyon.site",3,1
"cyon.site",PRIVATE,"cyon.site",3,1
"biz.dk",PRIVATE,"*.biz.dk",3,1
"biz.dk",PRIVATE,"biz.dk",3,1
"co.dk",PRIVATE,"*.co.dk",3,1
"co.dk",PRIVATE,"co.dk",3,1
"firm.dk",PRIVATE,"*.firm.dk",3,1
"firm.dk",PRIVATE,"firm.dk",3,1
"reg.dk",PRIVATE,"*.reg.dk",3,1
"reg.dk",PRIVATE,"reg.dk",3,1
"store.dk",PRIVATE,"*.store.dk",3,1
"store.dk",PRIVATE,"store.dk",3,1
"builtwithdark.com",PRIVATE,"*.builtwithdark.com",3,1
"builtwithdark.com",PRIVATE,"builtwithdark.com",3,1
"darklang.io",PRIVATE,"*.darklang.io",3,1
"darklang.io",PRIVATE,"darklang.io",3,1
"edgestack.me",PRIVATE,"*.edgestack.me",3,1
"edgestack.me",PRIVATE,"edgestack.me",3,1
"dattolocal.com",PRIVATE,"*.dattolocal.com",3,1
"dattolocal.com",PRIVATE,"dattolocal.com",3,1
"dattorelay.com",PRIVATE,"*.dattorelay.com",3,1
"dattorelay.com",PRIVATE,"dattorelay.com",3,1
"dattoweb.com",PRIVATE,"*.dattoweb.com",3,1
"dattoweb.com",PRIVATE,"dattoweb.com",3,1
"mydatto.com",PRIVATE,"*.mydatto.com",3,1
"mydatto.com",PRIVATE,"mydatto.com",3,1
"dattolocal.net",PRIVATE,"*.dattolocal.net",3,1
"dattolocal.net",PRIVATE,"dattolocal.net",3,1
"mydatto.net",PRIVATE,"*.mydatto.net",3,1
"mydatto.net",PRIVATE,"mydatto.net",3,1
"ddnss.de",PRIVATE,"*.ddnss.de",3,1
"ddnss.de",PRIVATE,"ddnss.de",3,1
"dyn-ip24.de",PRIVATE,"*.dyn-ip24.de",3,1
"dyn-ip24.de",PRIVATE,"dyn-ip24.de",3,1
"dyndns1.de",PRIVATE,"*.dyndns1.de",3,1
"dyndns1.de",PRIVATE,"dyndns1.de",3,1
"home-webserver.de",PRIVATE,"*.home-webserver.de",3,1
"home-webserver.de",PRIVATE,"home-webserver.de",3,1
"myhome-server.de",PRIVATE,"*.myhome-server.de",3,1
"myhome-server.de",PRIVATE,"myhome-server.de",3,1
"ddnss.org",PRIVATE,"*.ddnss.org",3,1
"ddnss.org",PRIVATE,"ddnss.org",3,1
"debian.net",PRIVATE,"*.debian.net",3,1
"debian.net",PRIVATE,"debian.net",3,1
"definima.io",PRIVATE,"*.definima.io",3,1
"definima.io",PRIVATE,"definima.io",3,1
"definima.net",PRIVATE,"*.definima.net",3,1
"definima.net",PRIVATE,"definima.net",3,1
"deno.dev",PRIVATE,"*.deno.dev",3,1
"deno.dev",PRIVATE,"deno.dev",3,1
"deno-staging.dev",PRIVATE,"*.deno-staging.dev",3,1
"deno-staging.dev",PRIVATE,"deno-staging.dev",3,1
"deno.net",PRIVATE,"*.deno.net",3,1
"deno.net",PRIVATE,"deno.net",3,1
"dedyn.io",PRIVATE,"*.dedyn.io",3,1
"dedyn.io",PRIVATE,"dedyn.io",3,1
"deta.app",PRIVATE,"*.deta.app",3,1
"deta.app",PRIVATE,"deta.app",3,1
"deta.dev",PRIVATE,"*.deta.dev",3,1
"deta.dev",PRIVATE,"deta.dev",3,1
"icp0.io",PRIVATE,"*.icp0.io",3,1
"icp0.io",PRIVATE,"icp0.io",3,1
"icp1.io",PRIVATE,"*.icp1.io",3,1
"icp1.io",PRIVATE,"icp1.io",3,1
"*.icp.net",PRIVATE,"*.icp.net",4,1
"*.icp.net",PRIVATE,"icp.net",4,1
"caffeine.site",PRIVATE,"*.caffeine.site",3,1
"caffeine.site",PRIVATE,"caffeine.site",3,1
"dfirma.pl",PRIVATE,"*.dfirma.pl",3,1
"dfirma.pl",PRIVATE,"dfirma.pl",3,1
"dkonto.pl",PRIVATE,"*.dkonto.pl",3,1
"dkonto.pl",PRIVATE,"dkonto.pl",3,1
"you2.pl",PRIVATE,"*.you2.pl",3,1
"you2.pl",PRIVATE,"you2.pl",3,1
"ondigitalocean.app",PRIVATE,"*.ondigitalocean.app",3,1
"ondigitalocean.app",PRIVATE,"ondigitalocean.app",3,1
"*.digitaloceanspaces.com",PRIVATE,"*.digitaloceanspaces.com",4,1
"*.digitaloceanspaces.com",PRIVATE,"digitaloceanspaces.com",4,1
"qzz.io",PRIVATE,"*.qzz.io",3,1
"qzz.io",PRIVATE,"qzz.io",3,1
"us.kg",PRIVATE,"*.us.kg",3,1
"us.kg",PRIVATE,"us.kg",3,1
"xx.kg",PRIVATE,"*.xx.kg",3,1
"xx.kg",PRIVATE,"xx.kg",3,1
"dpdns.org",PRIVATE,"*.dpdns.org",3,1
"dpdns.org",PRIVATE,"dpdns.org",3,1
"discordsays.com",PRIVATE,"*.discordsays.com",3,1
"discordsays.com",PRIVATE,"discordsays.com",3,1
"discordsez.com",PRIVATE,"*.discordsez.com",3,1
"discordsez.com",PRIVATE,"discordsez.com",3,1
"jozi.biz",PRIVATE,"*.jozi.biz",3,1
"jozi.biz",PRIVATE,"jozi.biz",3,1
"dnshome.de",PRIVATE,"*.dnshome.de",3,1
"dnshome.de",PRIVATE,"dnshome.de",3,1
"online.th",PRIVATE,"*.online.th",3,1
"online.th",PRIVATE,"online.th",3,1
"shop.th",PRIVATE,"*.shop.th",3,1
"shop.th",PRIVATE,"shop.th",3,1
"drayddns.com",PRIVATE,"*.drayddns.com",3,1
"drayddns.com",PRIVATE,"drayddns.com",3,1
"shoparena.pl",PRIVATE,"*.shoparena.pl",3,1
"shoparena.pl",PRIVATE,"shoparena.pl",3,1
"dreamhosters.com",PRIVATE,"*.dreamhosters.com",3,1
"dreamhosters.com",PRIVATE,"dreamhosters.com",3,1
"durumis.com",PRIVATE,"*.durumis.com",3,1
"durumis.com",PRIVATE,"durumis.com",3,1
"duckdns.org",PRIVATE,"*.duckdns.org",3,1
"duckdns.org",PRIVATE,"duckdns.org",3,1
"dy.fi",PRIVATE,"*.dy.fi",3,1
"dy.fi",PRIVATE,"dy.fi",3,1
"tunk.org",PRIVATE,"*.tunk.org",3,1
"tunk.org",PRIVATE,"tunk.org",3,1
"dyndns.biz",PRIVATE,"*.dyndns.biz",3,1
"dyndns.biz",PRIVATE,"dyndns.biz",3,1
"for-better.biz",PRIVATE,"*.for-better.biz",3,1
"for-better.biz",PRIVATE,"for-better.biz",3,1
"for-more.biz",PRIVATE,"*.for-more.biz",3,1
"for-more.biz",PRIVATE,"for-more.biz",3,1
"for-some.biz",PRIVATE,"*.for-some.biz",3,1
"for-some.biz",PRIVATE,"for-some.biz",3,1
"for-the.biz",PRIVATE,"*.for-the.biz",3,1
"for-the.biz",PRIVATE,"for-the.biz",3,1
"selfip.biz",PRIVATE,"*.selfip.biz",3,1
"selfip.biz",PRIVATE,"selfip.biz",3,1
"webhop.biz",PRIVATE,"*.webhop.biz",3,1
"webhop.biz",PRIVATE,"webhop.biz",3,1
"ftpaccess.cc",PRIVATE,"*.ftpaccess.cc",3,1
"ftpaccess.cc",PRIVATE,"ftpaccess.cc",3,1
"game-server.cc",PRIVATE,"*.game-server.cc",3,1
"game-server.cc",PRIVATE,"game-server.cc",3,1
"myphotos.cc",PRIVATE,"*.myphotos.cc",3,1
"myphotos.cc",PRIVATE,"myphotos.cc",3,1
"scrapping.cc",PRIVATE,"*.scrapping.cc",3,1
"scrapping.cc",PRIVATE,"scrapping.cc",3,1
"blogdns.com",PRIVATE,"*.blogdns.com",3,1
"blogdns.com",PRIVATE,"blogdns.com",3,1
"cechire.com",PRIVATE,"*.cechire.com",3,1
"cechire.com",PRIVATE,"cechire.com",3,1
"dnsalias.com",PRIVATE,"*.dnsalias.com",3,1
"dnsalias.com",PRIVATE,"dnsalias.com",3,1
"dnsdojo.com",PRIVATE,"*.dnsdojo.com",3,1
"dnsdojo.com",PRIVATE,"dnsdojo.com",3,1
"doesntexist.com",PRIVATE,"*.doesntexist.com",3,1
"doesntexist.com",PRIVATE,"doesntexist.com",3,1
"dontexist.com",PRIVATE,"*.dontexist.com",3,1
"dontexist.com",PRIVATE,"dontexist.com",3,1
"doomdns.com",PRIVATE,"*.doomdns.com",3,1
"doomdns.com",PRIVATE,"doomdns.com",3,1
"dyn-o-saur.com",PRIVATE,"*.dyn-o-saur.com",3,1
"dyn-o-saur.com",PRIVATE,"dyn-o-saur.com",3,1
"dynalias.com",PRIVATE,"*.dynalias.com",3,1
"dynalias.com",PRIVATE,"dynalias.com",3,1
"dyndns-at-home.com",PRIVATE,"*.dyndns-at-home.com",3,1
"dyndns-at-home.com",PRIVATE,"dyndns-at-home.com",3,1
"dyndns-at-work.com",PRIVATE,"*.dyndns-at-work.com",3,1
"dyndns-at-work.com",PRIVATE,"dyndns-at-work.com",3,1
"dyndns-blog.com",PRIVATE,"*.dyndns-blog.com",3,1
"dyndns-blog.com",PRIVATE,"dyndns-blog.com",3,1
"dyndns-free.com",PRIVATE,"*.dyndns-free.com",3,1
"dyndns-free.com",PRIVATE,"dyndns-free.com",3,1
"dyndns-home.com",PRIVATE,"*.dyndns-home.com",3,1
"dyndns-home.com",PRIVATE,"dyndns-home.com",3,1
"dyndns-ip.com",PRIVATE,"*.dyndns-ip.com",3,1
"dyndns-ip.com",PRIVATE,"dyndns-ip.com",3,1
"dyndns-mail.com",PRIVATE,"*.dyndns-mail.com",3,1
"dyndns-mail.com",PRIVATE,"dyndns-mail.com",3,1
"dyndns-office.com",PRIVATE,"*.dyndns-office.com",3,1
"dyndns-office.com",PRIVATE,"dyndns-office.com",3,1
"dyndns-pics.com",PRIVATE,"*.dyndns-pics.com",3,1
"dyndns-pics.com",PRIVATE,"dyndns-pics.com",3,1
"dyndns-remote.com",PRIVATE,"*.dyndns-remote.com",3,1
"dyndns-remote.com",PRIVATE,"dyndns-remote.com",3,1
"dyndns-server.com",PRIVATE,"*.dyndns-server.com",3,1
"dyndns-server.com",PRIVATE,"dyndns-server.com",3,1
"dyndns-web.com",PRIVATE,"*.dyndns-web.com",3,1
"dyndns-web.com",PRIVATE,"dyndns-web.com",3,1
"dyndns-wiki.com",PRIVATE,"*.dyndns-wiki.com",3,1
"dyndns-wiki.com",PRIVATE,"dyndns-wiki.com",3,1
"dyndns-work.com",PRIVATE,"*.dyndns-work.com",3,1
"dyndns-work.com",PRIVATE,"dyndns-work.com",3,1
"est-a-la-maison.com",PRIVATE,"*.est-a-la-maison.com",3,1
"est-a-la-maison.com",PRIVATE,"est-a-la-maison.com",3,1
"est-a-la-masion.com",PRIVATE,"*.est-a-la-masion.com",3,1
"est-a-la-masion.com",PRIVATE,"est-a-la-masion.com",3,1
"est-le-patron.com",PRIVATE,"*.est-le-patron.com",3,1
"est-le-patron.com",PRIVATE,"est-le-patron.com",3,1
"est-mon-blogueur.com",PRIVATE,"*.est-mon-blogueur.com",3,1
"est-mon-blogueur.com",PRIVATE,"est-mon-blogueur.com",3,1
"from-ak.com",PRIVATE,"*.from-ak.com",3,1
"from-ak.com",PRIVATE,"from-ak.com",3,1
"from-al.com",PRIVATE,"*.from-al.com",3,1
"from-al.com",PRIVATE,"from-al.com",3,1
"from-ar.com",PRIVATE,"*.from-ar.com",3,1
"from-ar.com",PRIVATE,"from-ar.com",3,1
"from-ca.com",PRIVATE,"*.from-ca.com",3,1
"from-ca.com",PRIVATE,"from-ca.com",3,1
"from-ct.com",PRIVATE,"*.from-ct.com",3,1
"from-ct.com",PRIVATE,"from-ct.com",3,1
"from-dc.com",PRIVATE,"*.from-dc.com",3,1
"from-dc.com",PRIVATE,"from-dc.com",3,1
"from-de.com",PRIVATE,"*.from-de.com",3,1
"from-de.com",PRIVATE,"from-de.com",3,1
"from-fl.com",PRIVATE,"*.from-fl.com",3,1
"from-fl.com",PRIVATE,"from-fl.com",3,1
"from-ga.com",PRIVATE,"*.from-ga.com",3,1
"from-ga.com",PRIVATE,"from-ga.com",3,1
"from-hi.com",PRIVATE,"*.from-hi.com",3,1
"from-hi.com",PRIVATE,"from-hi.com",3,1
"from-ia.com",PRIVATE,"*.from-ia.com",3,1
"from-ia.com",PRIVATE,"from-ia.com",3,1
"from-id.com",PRIVATE,"*.from-id.com",3,1
"from-id.com",PRIVATE,"from-id.com",3,1
"from-il.com",PRIVATE,"*.from-il.com",3,1
"from-il.com",PRIVATE,"from-il.com",3,1
"from-in.com",PRIVATE,"*.from-in.com",3,1
"from-in.com",PRIVATE,"from-in.com",3,1
"from-ks.com",PRIVATE,"*.from-ks.com",3,1
"from-ks.com",PRIVATE,"from-ks.com",3,1
"from-ky.com",PRIVATE,"*.from-ky.com",3,1
"from-ky.com",PRIVATE,"from-ky.com",3,1
"from-ma.com",PRIVATE,"*.from-ma.com",3,1
"from-ma.com",PRIVATE,"from-ma.com",3,1
"from-md.com",PRIVATE,"*.from-md.com",3,1
"from-md.com",PRIVATE,"from-md.com",3,1
"from-mi.com",PRIVATE,"*.from-mi.com",3,1
"from-mi.com",PRIVATE,"from-mi.com",3,1
"from-mn.com",PRIVATE,"*.from-mn.com",3,1
"from-mn.com",PRIVATE,"from-mn.com",3,1
"from-mo.com",PRIVATE,"*.from-mo.com",3,1
"from-mo.com",PRIVATE,"from-mo.com",3,1
"from-ms.com",PRIVATE,"*.from-ms.com",3,1
"from-ms.com",PRIVATE,"from-ms.com",3,1
"from-mt.com",PRIVATE,"*.from-mt.com",3,1
"from-mt.com",PRIVATE,"from-mt.com",3,1
"from-nc.com",PRIVATE,"*.from-nc.com",3,1
"from-nc.com",PRIVATE,"from-nc.com",3,1
"from-nd.com",PRIVATE,"*.from-nd.com",3,1
"from-nd.com",PRIVATE,"from-nd.com",3,1
"from-ne.com",PRIVATE,"*.from-ne.com",3,1
"from-ne.com",PRIVATE,"from-ne.com",3,1
"from-nh.com",PRIVATE,"*.from-nh.com",3,1
"from-nh.com",PRIVATE,"from-nh.com",3,1
"from-nj.com",PRIVATE,"*.from-nj.com",3,1
"from-nj.com",PRIVATE,"from-nj.com",3,1
"from-nm.com",PRIVATE,"*.from-nm.com",3,1
"from-nm.com",PRIVATE,"from-nm.com",3,1
"from-nv.com",PRIVATE,"*.from-nv.com",3,1
"from-nv.com",PRIVATE,"from-nv.com",3,1
"from-oh.com",PRIVATE,"*.from-oh.com",3,1
"from-oh.com",PRIVATE,"from-oh.com",3,1
"from-ok.com",PRIVATE,"*.from-ok.com",3,1
"from-ok.com",PRIVATE,"from-ok.com",3,1
"from-or.com",PRIVATE,"*.from-or.com",3,1
"from-or.com",PRIVATE,"from-or.com",3,1
"from-pa.com",PRIVATE,"*.from-pa.com",3,1
"from-pa.com",PRIVATE,"from-pa.com",3,1
"from-pr.com",PRIVATE,"*.from-pr.com",3,1
"from-pr.com",PRIVATE,"from-pr.com",3,1
"from-ri.com",PRIVATE,"*.from-ri.com",3,1
"from-ri.com",PRIVATE,"from-ri.com",3,1
"from-sc.com",PRIVATE,"*.from-sc.com",3,1
"from-sc.com",PRIVATE,"from-sc.com",3,1
"from-sd.com",PRIVATE,"*.from-sd.com",3,1
"from-sd.com",PRIVATE,"from-sd.com",3,1
"from-tn.com",PRIVATE,"*.from-tn.com",3,1
"from-tn.com",PRIVATE,"from-tn.com",3,1
"from-tx.com",PRIVATE,"*.from-tx.com",3,1
"from-tx.com",PRIVATE,"from-tx.com",3,1
"from-ut.com",PRIVATE,"*.from-ut.com",3,1
"from-ut.com",PRIVATE,"from-ut.com",3,1
"from-va.com",PRIVATE,"*.from-va.com",3,1
"from-va.com",PRIVATE,"from-va.com",3,1
"from-vt.com",PRIVATE,"*.from-vt.com",3,1
"from-vt.com",PRIVATE,"from-vt.com",3,1
"from-wa.com",PRIVATE,"*.from-wa.com",3,1
"from-wa.com",PRIVATE,"from-wa.com",3,1
"from-wi.com",PRIVATE,"*.from-wi.com",3,1
"from-wi.com",PRIVATE,"from-wi.com",3,1
"from-wv.com",PRIVATE,"*.from-wv.com",3,1
"from-wv.com",PRIVATE,"from-wv.com",3,1
"from-wy.com",PRIVATE,"*.from-wy.com",3,1
"from-wy.com",PRIVATE,"from-wy.com",3,1
"getmyip.com",PRIVATE,"*.getmyip.com",3,1
"getmyip.com",PRIVATE,"getmyip.com",3,1
"gotdns.com",PRIVATE,"*.gotdns.com",3,1
"gotdns.com",PRIVATE,"gotdns.com",3,1
"hobby-site.com",PRIVATE,"*.hobby-site.com",3,1
"hobby-site.com",PRIVATE,"hobby-site.com",3,1
"homelinux.com",PRIVATE,"*.homelinux.com",3,1
"homelinux.com",PRIVATE,"homelinux.com",3,1
"homeunix.com",PRIVATE,"*.homeunix.com",3,1
"homeunix.com",PRIVATE,"homeunix.com",3,1
"iamallama.com",PRIVATE,"*.iamallama.com",3,1
"iamallama.com",PRIVATE,"iamallama.com",3,1
"is-a-anarchist.com",PRIVATE,"*.is-a-anarchist.com",3,1
"is-a-anarchist.com",PRIVATE,"is-a-anarchist.com",3,1
"is-a-blogger.com",PRIVATE,"*.is-a-blogger.com",3,1
"is-a-blogger.com",PRIVATE,"is-a-blogger.com",3,1
"is-a-bookkeeper.com",PRIVATE,"*.is-a-bookkeeper.com",3,1
"is-a-bookkeeper.com",PRIVATE,"is-a-bookkeeper.com",3,1
"is-a-bulls-fan.com",PRIVATE,"*.is-a-bulls-fan.com",3,1
"is-a-bulls-fan.com",PRIVATE,"is-a-bulls-fan.com",3,1
"is-a-caterer.com",PRIVATE,"*.is-a-caterer.com",3,1
"is-a-caterer.com",PRIVATE,"is-a-caterer.com",3,1
"is-a-chef.com",PRIVATE,"*.is-a-chef.com",3,1
"is-a-chef.com",PRIVATE,"is-a-chef.com",3,1
"is-a-conservative.com",PRIVATE,"*.is-a-conservative.com",3,1
"is-a-conservative.com",PRIVATE,"is-a-conservative.com",3,1
"is-a-cpa.com",PRIVATE,"*.is-a-cpa.com",3,1
"is-a-cpa.com",PRIVATE,"is-a-cpa.com",3,1
"is-a-cubicle-slave.com",PRIVATE,"*.is-a-cubicle-slave.com",3,1
"is-a-cubicle-slave.com",PRIVATE,"is-a-cubicle-slave.com",3,1
"is-a-democrat.com",PRIVATE,"*.is-a-democrat.com",3,1
"is-a-democrat.com",PRIVATE,"is-a-democrat.com",3,1
"is-a-designer.com",PRIVATE,"*.is-a-designer.com",3,1
"is-a-designer.com",PRIVATE,"is-a-designer.com",3,1
"is-a-doctor.com",PRIVATE,"*.is-a-doctor.com",3,1
"is-a-doctor.com",PRIVATE,"is-a-doctor.com",3,1
"is-a-financialadvisor.com",PRIVATE,"*.is-a-financialadvisor.com",3,1
"is-a-financialadvisor.com",PRIVATE,"is-a-financialadvisor.com",3,1
"is-a-geek.com",PRIVATE,"*.is-a-geek.com",3,1
"is-a-geek.com",PRIVATE,"is-a-geek.com",3,1
"is-a-green.com",PRIVATE,"*.is-a-green.com",3,1
"is-a-green.com",PRIVATE,"is-a-green.com",3,1
"is-a-guru.com",PRIVATE,"*.is-a-guru.com",3,1
"is-a-guru.com",PRIVATE,"is-a-guru.com",3,1
"is-a-hard-worker.com",PRIVATE,"*.is-a-hard-worker.com",3,1
"is-a-hard-worker.com",PRIVATE,"is-a-hard-worker.com",3,1
"is-a-hunter.com",PRIVATE,"*.is-a-hunter.com",3,1
"is-a-hunter.com",PRIVATE,"is-a-hunter.com",3,1
"is-a-landscaper.com",PRIVATE,"*.is-a-landscaper.com",3,1
"is-a-landscaper.com",PRIVATE,"is-a-landscaper.com",3,1
"is-a-lawyer.com",PRIVATE,"*.is-a-lawyer.com",3,1
"is-a-lawyer.com",PRIVATE,"is-a-lawyer.com",3,1
"is-a-liberal.com",PRIVATE,"*.is-a-liberal.com",3,1
"is-a-liberal.com",PRIVATE,"is-a-liberal.com",3,1
"is-a-libertarian.com",PRIVATE,"*.is-a-libertarian.com",3,1
"is-a-libertarian.com",PRIVATE,"is-a-libertarian.com",3,1
"is-a-llama.com",PRIVATE,"*.is-a-llama.com",3,1
"is-a-llama.com",PRIVATE,"is-a-llama.com",3,1
"is-a-musician.com",PRIVATE,"*.is-a-musician.com",3,1
"is-a-musician.com",PRIVATE,"is-a-musician.com",3,1
"is-a-nascarfan.com",PRIVATE,"*.is-a-nascarfan.com",3,1
"is-a-nascarfan.com",PRIVATE,"is-a-nascarfan.com",3,1
"is-a-nurse.com",PRIVATE,"*.is-a-nurse.com",3,1
"is-a-nurse.com",PRIVATE,"is-a-nurse.com",3,1
"is-a-painter.com",PRIVATE,"*.is-a-painter.com",3,1
"is-a-painter.com",PRIVATE,"is-a-painter.com",3,1
"is-a-personaltrainer.com",PRIVATE,"*.is-a-personaltrainer.com",3,1
"is-a-personaltrainer.com",PRIVATE,"is-a-personaltrainer.com",3,1
"is-a-photographer.com",PRIVATE,"*.is-a-photographer.com",3,1
"is-a-photographer.com",PRIVATE,"is-a-photographer.com",3,1
"is-a-player.com",PRIVATE,"*.is-a-player.com",3,1
"is-a-player.com",PRIVATE,"is-a-player.com",3,1
"is-a-republican.com",PRIVATE,"*.is-a-republican.com",3,1
"is-a-republican.com",PRIVATE,"is-a-republican.com",3,1
"is-a-rockstar.com",PRIVATE,"*.is-a-rockstar.com",3,1
"is-a-rockstar.com",PRIVATE,"is-a-rockstar.com",3,1
"is-a-socialist.com",PRIVATE,"*.is-a-socialist.com",3,1
"is-a-socialist.com",PRIVATE,"is-a-socialist.com",3,1
"is-a-student.com",PRIVATE,"*.is-a-student.com",3,1
"is-a-student.com",PRIVATE,"is-a-student.com",3,1
"is-a-teacher.com",PRIVATE,"*.is-a-teacher.com",3,1
"is-a-teacher.com",PRIVATE,"is-a-teacher.com",3,1
"is-a-techie.com",PRIVATE,"*.is-a-techie.com",3,1
"is-a-techie.com",PRIVATE,"is-a-techie.com",3,1
"is-a-therapist.com",PRIVATE,"*.is-a-therapist.com",3,1
"is-a-therapist.com",PRIVATE,"is-a-therapist.com",3,1
"is-an-accountant.com",PRIVATE,"*.is-an-accountant.com",3,1
"is-an-accountant.com",PRIVATE,"is-an-accountant.com",3,1
"is-an-actor.com",PRIVATE,"*.is-an-actor.com",3,1
"is-an-actor.com",PRIVATE,"is-an-actor.com",3,1
"is-an-actress.com",PRIVATE,"*.is-an-actress.com",3,1
"is-an-actress.com",PRIVATE,"is-an-actress.com",3,1
"is-an-anarchist.com",PRIVATE,"*.is-an-anarchist.com",3,1
"is-an-anarchist.com",PRIVATE,"is-an-anarchist.com",3,1
"is-an-artist.com",PRIVATE,"*.is-an-artist.com",3,1
"is-an-artist.com",PRIVATE,"is-an-artist.com",3,1
"is-an-engineer.com",PRIVATE,"*.is-an-engineer.com",3,1
"is-an-engineer.com",PRIVATE,"is-an-engineer.com",3,1
"is-an-entertainer.com",PRIVATE,"*.is-an-entertainer.com",3,1
"is-an-entertainer.com",PRIVATE,"is-an-entertainer.com",3,1
"is-certified.com",PRIVATE,"*.is-certified.com",3,1
"is-certified.com",PRIVATE,"is-certified.com",3,1
"is-gone.com",PRIVATE,"*.is-gone.com",3,1
"is-gone.com",PRIVATE,"is-gone.com",3,1
"is-into-anime.com",PRIVATE,"*.is-into-anime.com",3,1
"is-into-anime.com",PRIVATE,"is-into-anime.com",3,1
"is-into-cars.com",PRIVATE,"*.is-into-cars.com",3,1
"is-into-cars.com",PRIVATE,"is-into-cars.com",3,1
"is-into-cartoons.com",PRIVATE,"*.is-into-cartoons.com",3,1
"is-into-cartoons.com",PRIVATE,"is-into-cartoons.com",3,1
"is-into-games.com",PRIVATE,"*.is-into-games.com",3,1
"is-into-games.com",PRIVATE,"is-into-games.com",3,1
"is-leet.com",PRIVATE,"*.is-leet.com",3,1
"is-leet.com",PRIVATE,"is-leet.com",3,1
"is-not-certified.com",PRIVATE,"*.is-not-certified.com",3,1
"is-not-certified.com",PRIVATE,"is-not-certified.com",3,1
"is-slick.com",PRIVATE,"*.is-slick.com",3,1
"is-slick.com",PRIVATE,"is-slick.com",3,1
"is-uberleet.com",PRIVATE,"*.is-uberleet.com",3,1
"is-uberleet.com",PRIVATE,"is-uberleet.com",3,1
"is-with-theband.com",PRIVATE,"*.is-with-theband.com",3,1
"is-with-theband.com",PRIVATE,"is-with-theband.com",3,1
"isa-geek.com",PRIVATE,"*.isa-geek.com",3,1
"isa-geek.com",PRIVATE,"isa-geek.com",3,1
"isa-hockeynut.com",PRIVATE,"*.isa-hockeynut.com",3,1
"isa-hockeynut.com",PRIVATE,"isa-hockeynut.com",3,1
"issmarterthanyou.com",PRIVATE,"*.issmarterthanyou.com",3,1
"issmarterthanyou.com",PRIVATE,"issmarterthanyou.com",3,1
"likes-pie.com",PRIVATE,"*.likes-pie.com",3,1
"likes-pie.com",PRIVATE,"likes-pie.com",3,1
"likescandy.com",PRIVATE,"*.likescandy.com",3,1
"likescandy.com",PRIVATE,"likescandy.com",3,1
"neat-url.com",PRIVATE,"*.neat-url.com",3,1
"neat-url.com",PRIVATE,"neat-url.com",3,1
"saves-the-whales.com",PRIVATE,"*.saves-the-whales.com",3,1
"saves-the-whales.com",PRIVATE,"saves-the-whales.com",3,1
"selfip.com",PRIVATE,"*.selfip.com",3,1
"selfip.com",PRIVATE,"selfip.com",3,1
"sells-for-less.com",PRIVATE,"*.sells-for-less.com",3,1
"sells-for-less.com",PRIVATE,"sells-for-less.com",3,1
"sells-for-u.com",PRIVATE,"*.sells-for-u.com",3,1
"sells-for-u.com",PRIVATE,"sells-for-u.com",3,1
"servebbs.com",PRIVATE,"*.servebbs.com",3,1
"servebbs.com",PRIVATE,"servebbs.com",3,1
"simple-url.com",PRIVATE,"*.simple-url.com",3,1
"simple-url.com",PRIVATE,"simple-url.com",3,1
"space-to-rent.com",PRIVATE,"*.space-to-rent.com",3,1
"space-to-rent.com",PRIVATE,"space-to-rent.com",3,1
"teaches-yoga.com",PRIVATE,"*.teaches-yoga.com",3,1
"teaches-yoga.com",PRIVATE,"teaches-yoga.com",3,1
"writesthisblog.com",PRIVATE,"*.writesthisblog.com",3,1
"writesthisblog.com",PRIVATE,"writesthisblog.com",3,1
"ath.cx",PRIVATE,"*.ath.cx",3,1
"ath.cx",PRIVATE,"ath.cx",3,1
"fuettertdasnetz.de",PRIVATE,"*.fuettertdasnetz.de",3,1
"fuettertdasnetz.de",PRIVATE,"fuettertdasnetz.de",3,1
"isteingeek.de",PRIVATE,"*.isteingeek.de",3,1
"isteingeek.de",PRIVATE,"isteingeek.de",3,1
"istmein.de",PRIVATE,"*.istmein.de",3,1
"istmein.de",PRIVATE,"istmein.de",3,1
"lebtimnetz.de",PRIVATE,"*.lebtimnetz.de",3,1
"lebtimnetz.de",PRIVATE,"lebtimnetz.de",3,1
"leitungsen.de",PRIVATE,"*.leitungsen.de",3,1
"leitungsen.de",PRIVATE,"leitungsen.de",3,1
"traeumtgerade.de",PRIVATE,"*.traeumtgerade.de",3,1
"traeumtgerade.de",PRIVATE,"traeumtgerade.de",3,1
"barrel-of-knowledge.info",PRIVATE,"*.barrel-of-knowledge.info",3,1
"barrel-of-knowledge.info",PRIVATE,"barrel-of-knowledge.info",3,1
"barrell-of-knowledge.info",PRIVATE,"*.barrell-of-knowledge.info",3,1
"barrell-of-knowledge.info",PRIVATE,"barrell-of-knowledge.info",3,1
"dyndns.info",PRIVATE,"*.dyndns.info",3,1
"dyndns.info",PRIVATE,"dyndns.info",3,1
"for-our.info",PRIVATE,"*.for-our.info",3,1
"for-our.info",PRIVATE,"for-our.info",3,1
"groks-the.info",PRIVATE,"*.groks-the.info",3,1
"groks-the.info",PRIVATE,"groks-the.info",3,1
"groks-this.info",PRIVATE,"*.groks-this.info",3,1
"groks-this.info",PRIVATE,"groks-this.info",3,1
"here-for-more.info",PRIVATE,"*.here-for-more.info",3,1
"here-for-more.info",PRIVATE,"here-for-more.info",3,1
"knowsitall.info",PRIVATE,"*.knowsitall.info",3,1
"knowsitall.info",PRIVATE,"knowsitall.info",3,1
"selfip.info",PRIVATE,"*.selfip.info",3,1
"selfip.info",PRIVATE,"selfip.info",3,1
"webhop.info",PRIVATE,"*.webhop.info",3,1
"webhop.info",PRIVATE,"webhop.info",3,1
"at-band-camp.net",PRIVATE,"*.at-band-camp.net",3,1
"at-band-camp.net",PRIVATE,"at-band-camp.net",3,1
"blogdns.net",PRIVATE,"*.blogdns.net",3,1
"blogdns.net",PRIVATE,"blogdns.net",3,1
"broke-it.net",PRIVATE,"*.broke-it.net",3,1
"broke-it.net",PRIVATE,"broke-it.net",3,1
"buyshouses.net",PRIVATE,"*.buyshouses.net",3,1
"buyshouses.net",PRIVATE,"buyshouses.net",3,1
"dnsalias.net",PRIVATE,"*.dnsalias.net",3,1
"dnsalias.net",PRIVATE,"dnsalias.net",3,1
"dnsdojo.net",PRIVATE,"*.dnsdojo.net",3,1
"dnsdojo.net",PRIVATE,"dnsdojo.net",3,1
"does-it.net",PRIVATE,"*.does-it.net",3,1
"does-it.net",PRIVATE,"does-it.net",3,1
"dontexist.net",PRIVATE,"*.dontexist.net",3,1
"dontexist.net",PRIVATE,"dontexist.net",3,1
"dynalias.net",PRIVATE,"*.dynalias.net",3,1
"dynalias.net",PRIVATE,"dynalias.net",3,1
"dynathome.net",PRIVATE,"*.dynathome.net",3,1
"dynathome.net",PRIVATE,"dynathome.net",3,1
"endofinternet.net",PRIVATE,"*.endofinternet.net",3,1
"endofinternet.net",PRIVATE,"endofinternet.net",3,1
"from-az.net",PRIVATE,"*.from-az.net",3,1
"from-az.net",PRIVATE,"from-az.net",3,1
"from-co.net",PRIVATE,"*.from-co.net",3,1
"from-co.net",PRIVATE,"from-co.net",3,1
"from-la.net",PRIVATE,"*.from-la.net",3,1
"from-la.net",PRIVATE,"from-la.net",3,1
"from-ny.net",PRIVATE,"*.from-ny.net",3,1
"from-ny.net",PRIVATE,"from-ny.net",3,1
"gets-it.net",PRIVATE,"*.gets-it.net",3,1
"gets-it.net",PRIVATE,"gets-it.net",3,1
"ham-radio-op.net",PRIVATE,"*.ham-radio-op.net",3,1
"ham-radio-op.net",PRIVATE,"ham-radio-op.net",3,1
"homeftp.net",PRIVATE,"*.homeftp.net",3,1
"homeftp.net",PRIVATE,"homeftp.net",3,1
"homeip.net",PRIVATE,"*.homeip.net",3,1
"homeip.net",PRIVATE,"homeip.net",3,1
"homelinux.net",PRIVATE,"*.homelinux.net",3,1
"homelinux.net",PRIVATE,"homelinux.net",3,1
"homeunix.net",PRIVATE,"*.homeunix.net",3,1
"homeunix.net",PRIVATE,"homeunix.net",3,1
"in-the-band.net",PRIVATE,"*.in-the-band.net",3,1
"in-the-band.net",PRIVATE,"in-the-band.net",3,1
"is-a-chef.net",PRIVATE,"*.is-a-chef.net",3,1
"is-a-chef.net",PRIVATE,"is-a-chef.net",3,1
"is-a-geek.net",PRIVATE,"*.is-a-geek.net",3,1
"is-a-geek.net",PRIVATE,"is-a-geek.net",3,1
"isa-geek.net",PRIVATE,"*.isa-geek.net",3,1
"isa-geek.net",PRIVATE,"isa-geek.net",3,1
"kicks-ass.net",PRIVATE,"*.kicks-ass.net",3,1
"kicks-ass.net",PRIVATE,"kicks-ass.net",3,1
"office-on-the.net",PRIVATE,"*.office-on-the.net",3,1
"office-on-the.net",PRIVATE,"office-on-the.net",3,1
"podzone.net",PRIVATE,"*.podzone.net",3,1
"podzone.net",PRIVATE,"podzone.net",3,1
"scrapper-site.net",PRIVATE,"*.scrapper-site.net",3,1
"scrapper-site.net",PRIVATE,"scrapper-site.net",3,1
"selfip.net",PRIVATE,"*.selfip.net",3,1
"selfip.net",PRIVATE,"selfip.net",3,1
"sells-it.net",PRIVATE,"*.sells-it.net",3,1
"sells-it.net",PRIVATE,"sells-it.net",3,1
"servebbs.net",PRIVATE,"*.servebbs.net",3,1
"servebbs.net",PRIVATE,"servebbs.net",3,1
"serveftp.net",PRIVATE,"*.serveftp.net",3,1
"serveftp.net",PRIVATE,"serveftp.net",3,1
"thruhere.net",PRIVATE,"*.thruhere.net",3,1
"thruhere.net",PRIVATE,"thruhere.net",3,1
"webhop.net",PRIVATE,"*.webhop.net",3,1
"webhop.net",PRIVATE,"webhop.net",3,1
"merseine.nu",PRIVATE,"*.merseine.nu",3,1
"merseine.nu",PRIVATE,"merseine.nu",3,1
"mine.nu",PRIVATE,"*.mine.nu",3,1
"mine.nu",PRIVATE,"mine.nu",3,1
"shacknet.nu",PRIVATE,"*.shacknet.nu",3,1
"shacknet.nu",PRIVATE,"shacknet.nu",3,1
"blogdns.org",PRIVATE,"*.blogdns.org",3,1
"blogdns.org",PRIVATE,"blogdns.org",3,1
"blogsite.org",PRIVATE,"*.blogsite.org",3,1
"blogsite.org",PRIVATE,"blogsite.org",3,1
"boldlygoingnowhere.org",PRIVATE,"*.boldlygoingnowhere.org",3,1
"boldlygoingnowhere.org",PRIVATE,"boldlygoingnowhere.org",3,1
"dnsalias.org",PRIVATE,"*.dnsalias.org",3,1
"dnsalias.org",PRIVATE,"dnsalias.org",3,1
"dnsdojo.org",PRIVATE,"*.dnsdojo.org",3,1
"dnsdojo.org",PRIVATE,"dnsdojo.org",3,1
"doesntexist.org",PRIVATE,"*.doesntexist.org",3,1
"doesntexist.org",PRIVATE,"doesntexist.org",3,1
"dontexist.org",PRIVATE,"*.dontexist.org",3,1
"dontexist.org",PRIVATE,"dontexist.org",3,1
"doomdns.org",PRIVATE,"*.doomdns.org",3,1
"doomdns.org",PRIVATE,"doomdns.org",3,1
"dvrdns.org",PRIVATE,"*.dvrdns.org",3,1
"dvrdns.org",PRIVATE,"dvrdns.org",3,1
"dynalias.org",PRIVATE,"*.dynalias.org",3,1
"dynalias.org",PRIVATE,"dynalias.org",3,1
"dyndns.org",PRIVATE,"*.dyndns.org",3,1
"dyndns.org",PRIVATE,"dyndns.org",3,1
"endofinternet.org",PRIVATE,"*.endofinternet.org",3,1
"endofinternet.org",PRIVATE,"endofinternet.org",3,1
"endoftheinternet.org",PRIVATE,"*.endoftheinternet.org",3,1
"endoftheinternet.org",PRIVATE,"endoftheinternet.org",3,1
"from-me.org",PRIVATE,"*.from-me.org",3,1
"from-me.org",PRIVATE,"from-me.org",3,1
"game-host.org",PRIVATE,"*.game-host.org",3,1
"game-host.org",PRIVATE,"game-host.org",3,1
"gotdns.org",PRIVATE,"*.gotdns.org",3,1
"gotdns.org",PRIVATE,"gotdns.org",3,1
"hobby-site.org",PRIVATE,"*.hobby-site.org",3,1
"hobby-site.org",PRIVATE,"hobby-site.org",3,1
"homedns.org",PRIVATE,"*.homedns.org",3,1
"homedns.org",PRIVATE,"homedns.org",3,1
"homeftp.org",PRIVATE,"*.homeftp.org",3,1
"homeftp.org",PRIVATE,"homeftp.org",3,1
"homelinux.org",PRIVATE,"*.homelinux.org",3,1
"homelinux.org",PRIVATE,"homelinux.org",3,1
"homeunix.org",PRIVATE,"*.homeunix.org",3,1
"homeunix.org",PRIVATE,"homeunix.org",3,1
"is-a-bruinsfan.org",PRIVATE,"*.is-a-bruinsfan.org",3,1
"is-a-bruinsfan.org",PRIVATE,"is-a-bruinsfan.org",3,1
"is-a-candidate.org",PRIVATE,"*.is-a-candidate.org",3,1
"is-a-candidate.org",PRIVATE,"is-a-candidate.org",3,1
"is-a-celticsfan.org",PRIVATE,"*.is-a-celticsfan.org",3,1
"is-a-celticsfan.org",PRIVATE,"is-a-celticsfan.org",3,1
"is-a-chef.org",PRIVATE,"*.is-a-chef.org",3,1
"is-a-chef.org",PRIVATE,"is-a-chef.org",3,1
"is-a-geek.org",PRIVATE,"*.is-a-geek.org",3,1
"is-a-geek.org",PRIVATE,"is-a-geek.org",3,1
"is-a-knight.org",PRIVATE,"*.is-a-knight.org",3,1
"is-a-knight.org",PRIVATE,"is-a-knight.org",3,1
"is-a-linux-user.org",PRIVATE,"*.is-a-linux-user.org",3,1
"is-a-linux-user.org",PRIVATE,"is-a-linux-user.org",3,1
"is-a-patsfan.org",PRIVATE,"*.is-a-patsfan.org",3,1
"is-a-patsfan.org",PRIVATE,"is-a-patsfan.org",3,1
"is-a-soxfan.org",PRIVATE,"*.is-a-soxfan.org",3,1
"is-a-soxfan.org",PRIVATE,"is-a-soxfan.org",3,1
"is-found.org",PRIVATE,"*.is-found.org",3,1
"is-found.org",PRIVATE,"is-found.org",3,1
"is-lost.org",PRIVATE,"*.is-lost.org",3,1
"is-lost.org",PRIVATE,"is-lost.org",3,1
"is-saved.org",PRIVATE,"*.is-saved.org",3,1
"is-saved.org",PRIVATE,"is-saved.org",3,1
"is-very-bad.org",PRIVATE,"*.is-very-bad.org",3,1
"is-very-bad.org",PRIVATE,"is-very-bad.org",3,1
"is-very-evil.org",PRIVATE,"*.is-very-evil.org",3,1
"is-very-evil.org",PRIVATE,"is-very-evil.org",3,1
"is-very-good.org",PRIVATE,"*.is-very-good.org",3,1
"is-very-good.org",PRIVATE,"is-very-good.org",3,1
"is-very-nice.org",PRIVATE,"*.is-very-nice.org",3,1
"is-very-nice.org",PRIVATE,"is-very-nice.org",3,1
"is-very-sweet.org",PRIVATE,"*.is-very-sweet.org",3,1
"is-very-sweet.org",PRIVATE,"is-very-sweet.org",3,1
"isa-geek.org",PRIVATE,"*.isa-geek.org",3,1
"isa-geek.org",PRIVATE,"isa-geek.org",3,1
"kicks-ass.org",PRIVATE,"*.kicks-ass.org",3,1
"kicks-ass.org",PRIVATE,"kicks-ass.org",3,1
"misconfused.org",PRIVATE,"*.misconfused.org",3,1
"misconfused.org",PRIVATE,"misconfused.org",3,1
"podzone.org",PRIVATE,"*.podzone.org",3,1
"podzone.org",PRIVATE,"podzone.org",3,1
"readmyblog.org",PRIVATE,"*.readmyblog.org",3,1
"readmyblog.org",PRIVATE,"readmyblog.org",3,1
"selfip.org",PRIVATE,"*.selfip.org",3,1
"selfip.org",PRIVATE,"selfip.org",3,1
"sellsyourhome.org",PRIVATE,"*.sellsyourhome.org",3,1
"sellsyourhome.org",PRIVATE,"sellsyourhome.org",3,1
"servebbs.org",PRIVATE,"*.servebbs.org",3,1
"servebbs.org",PRIVATE,"servebbs.org",3,1
"serveftp.org",PRIVATE,"*.serveftp.org",3,1
"serveftp.org",PRIVATE,"serveftp.org",3,1
"servegame.org",PRIVATE,"*.servegame.org",3,1
"servegame.org",PRIVATE,"servegame.org",3,1
"stuff-4-sale.org",PRIVATE,"*.stuff-4-sale.org",3,1
"stuff-4-sale.org",PRIVATE,"stuff-4-sale.org",3,1
"webhop.org",PRIVATE,"*.webhop.org",3,1
"webhop.org",PRIVATE,"webhop.org",3,1
"better-than.tv",PRIVATE,"*.better-than.tv",3,1
"better-than.tv",PRIVATE,"better-than.tv",3,1
"dyndns.tv",PRIVATE,"*.dyndns.tv",3,1
"dyndns.tv",PRIVATE,"dyndns.tv",3,1
"on-the-web.tv",PRIVATE,"*.on-the-web.tv",3,1
"on-the-web.tv",PRIVATE,"on-the-web.tv",3,1
"worse-than.tv",PRIVATE,"*.worse-than.tv",3,1
"worse-than.tv",PRIVATE,"worse-than.tv",3,1
"is-by.us",PRIVATE,"*.is-by.us",3,1
"is-by.us",PRIVATE,"is-by.us",3,1
"land-4-sale.us",PRIVATE,"*.land-4-sale.us",3,1
"land-4-sale.us",PRIVATE,"land-4-sale.us",3,1
"stuff-4-sale.us",PRIVATE,"*.stuff-4-sale.us",3,1
"stuff-4-sale.us",PRIVATE,"stuff-4-sale.us",3,1
"dyndns.ws",PRIVATE,"*.dyndns.ws",3,1
"dyndns.ws",PRIVATE,"dyndns.ws",3,1
"mypets.ws",PRIVATE,"*.mypets.ws",3,1
"mypets.ws",PRIVATE,"mypets.ws",3,1
"ddnsfree.com",PRIVATE,"*.ddnsfree.com",3,1
"ddnsfree.com",PRIVATE,"ddnsfree.com",3,1
"ddnsgeek.com",PRIVATE,"*.ddnsgeek.com",3,1
"ddnsgeek.com",PRIVATE,"ddnsgeek.com",3,1
"giize.com",PRIVATE,"*.giize.com",3,1
"giize.com",PRIVATE,"giize.com",3,1
"gleeze.com",PRIVATE,"*.gleeze.com",3,1
"gleeze.com",PRIVATE,"gleeze.com",3,1
"kozow.com",PRIVATE,"*.kozow.com",3,1
"kozow.com",PRIVATE,"kozow.com",3,1
"loseyourip.com",PRIVATE,"*.loseyourip.com",3,1
"loseyourip.com",PRIVATE,"loseyourip.com",3,1
"ooguy.com",PRIVATE,"*.ooguy.com",3,1
"ooguy.com",PRIVATE,"ooguy.com",3,1
"theworkpc.com",PRIVATE,"*.theworkpc.com",3,1
"theworkpc.com",PRIVATE,"theworkpc.com",3,1
"casacam.net",PRIVATE,"*.casacam.net",3,1
"casacam.net",PRIVATE,"casacam.net",3,1
"dynu.net",PRIVATE,"*.dynu.net",3,1
"dynu.net",PRIVATE,"dynu.net",3,1
"accesscam.org",PRIVATE,"*.accesscam.org",3,1
"accesscam.org",PRIVATE,"accesscam.org",3,1
"camdvr.org",PRIVATE,"*.camdvr.org",3,1
"camdvr.org",PRIVATE,"camdvr.org",3,1
"freeddns.org",PRIVATE,"*.freeddns.org",3,1
"freeddns.org",PRIVATE,"freeddns.org",3,1
"mywire.org",PRIVATE,"*.mywire.org",3,1
"mywire.org",PRIVATE,"mywire.org",3,1
"webredirect.org",PRIVATE,"*.webredirect.org",3,1
"webredirect.org",PRIVATE,"webredirect.org",3,1
"myddns.rocks",PRIVATE,"*.myddns.rocks",3,1
"myddns.rocks",PRIVATE,"myddns.rocks",3,1
"dynv6.net",PRIVATE,"*.dynv6.net",3,1
"dynv6.net",PRIVATE,"dynv6.net",3,1
"e4.cz",PRIVATE,"*.e4.cz",3,1
"e4.cz",PRIVATE,"e4.cz",3,1
"easypanel.app",PRIVATE,"*.easypanel.app",3,1
"easypanel.app",PRIVATE,"easypanel.app",3,1
"easypanel.host",PRIVATE,"*.easypanel.host",3,1
"easypanel.host",PRIVATE,"easypanel.host",3,1
"*.ewp.live",PRIVATE,"*.ewp.live",4,1
"*.ewp.live",PRIVATE,"ewp.live",4,1
"twmail.cc",PRIVATE,"*.twmail.cc",3,1
"twmail.cc",PRIVATE,"twmail.cc",3,1
"twmail.net",PRIVATE,"*.twmail.net",3,1
"twmail.net",PRIVATE,"twmail.net",3,1
"twmail.org",PRIVATE,"*.twmail.org",3,1
"twmail.org",PRIVATE,"twmail.org",3,1
"url.tw",PRIVATE,"*.url.tw",3,1
"url.tw",PRIVATE,"url.tw",3,1
"rt.ht",PRIVATE,"*.rt.ht",3,1
"rt.ht",PRIVATE,"rt.ht",3,1
"elementor.cloud",PRIVATE,"*.elementor.cloud",3,1
"elementor.cloud",PRIVATE,"elementor.cloud",3,1
"elementor.cool",PRIVATE,"*.elementor.cool",3,1
"elementor.cool",PRIVATE,"elementor.cool",3,1
"en-root.fr",PRIVATE,"*.en-root.fr",3,1
"en-root.fr",PRIVATE,"en-root.fr",3,1
"mytuleap.com",PRIVATE,"*.mytuleap.com",3,1
"mytuleap.com",PRIVATE,"mytuleap.com",3,1
"tuleap-partners.com",PRIVATE,"*.tuleap-partners.com",3,1
"tuleap-partners.com",PRIVATE,"tuleap-partners.com",3,1
"encr.app",PRIVATE,"*.encr.app",3,1
"encr.app",PRIVATE,"encr.app",3,1
"encoreapi.com",PRIVATE,"*.encoreapi.com",3,1
"encoreapi.com",PRIVATE,"encoreapi.com",3,1
"lp.dev",PRIVATE,"*.lp.dev",3,1
"lp.dev",PRIVATE,"lp.dev",3,1
"eu.org",PRIVATE,"*.eu.org",3,1
"eu.org",PRIVATE,"eu.org",3,1
"eurodir.ru",PRIVATE,"*.eurodir.ru",3,1
"eurodir.ru",PRIVATE,"eurodir.ru",3,1
"expo.app",PRIVATE,"*.expo.app",3,1
"expo.app",PRIVATE,"expo.app",3,1
"onfabrica.com",PRIVATE,"*.onfabrica.com",3,1
"onfabrica.com",PRIVATE,"onfabrica.com",3,1
"ru.net",PRIVATE,"*.ru.net",3,1
"ru.net",PRIVATE,"ru.net",3,1
"adygeya.ru",PRIVATE,"*.adygeya.ru",3,1
"adygeya.ru",PRIVATE,"adygeya.ru",3,1
"bashkiria.ru",PRIVATE,"*.bashkiria.ru",3,1
"bashkiria.ru",PRIVATE,"bashkiria.ru",3,1
"bir.ru",PRIVATE,"*.bir.ru",3,1
"bir.ru",PRIVATE,"bir.ru",3,1
"cbg.ru",PRIVATE,"*.cbg.ru",3,1
"cbg.ru",PRIVATE,"cbg.ru",3,1
"com.ru",PRIVATE,"*.com.ru",3,1
"com.ru",PRIVATE,"com.ru",3,1
"dagestan.ru",PRIVATE,"*.dagestan.ru",3,1
"dagestan.ru",PRIVATE,"dagestan.ru",3,1
"grozny.ru",PRIVATE,"*.grozny.ru",3,1
"grozny.ru",PRIVATE,"grozny.ru",3,1
"kalmykia.ru",PRIVATE,"*.kalmykia.ru",3,1
"kalmykia.ru",PRIVATE,"kalmykia.ru",3,1
"kustanai.ru",PRIVATE,"*.kustanai.ru",3,1
"kustanai.ru",PRIVATE,"kustanai.ru",3,1
"marine.ru",PRIVATE,"*.marine.ru",3,1
"marine.ru",PRIVATE,"marine.ru",3,1
"mordovia.ru",PRIVATE,"*.mordovia.ru",3,1
"mordovia.ru",PRIVATE,"mordovia.ru",3,1
"msk.ru",PRIVATE,"*.msk.ru",3,1
"msk.ru",PRIVATE,"msk.ru",3,1
"mytis.ru",PRIVATE,"*.mytis.ru",3,1
"mytis.ru",PRIVATE,"mytis.ru",3,1
"nalchik.ru",PRIVATE,"*.nalchik.ru",3,1
"nalchik.ru",PRIVATE,"nalchik.ru",3,1
"nov.ru",PRIVATE,"*.nov.ru",3,1
"nov.ru",PRIVATE,"nov.ru",3,1
"pyatigorsk.ru",PRIVATE,"*.pyatigorsk.ru",3,1
"pyatigorsk.ru",PRIVATE,"pyatigorsk.ru",3,1
"spb.ru",PRIVATE,"*.spb.ru",3,1
"spb.ru",PRIVATE,"spb.ru",3,1
"vladikavkaz.ru",PRIVATE,"*.vladikavkaz.ru",3,1
"vladikavkaz.ru",PRIVATE,"vladikavkaz.ru",3,1
"vladimir.ru",PRIVATE,"*.vladimir.ru",3,1
"vladimir.ru",PRIVATE,"vladimir.ru",3,1
"abkhazia.su",PRIVATE,"*.abkhazia.su",3,1
"abkhazia.su",PRIVATE,"abkhazia.su",3,1
"adygeya.su",PRIVATE,"*.adygeya.su",3,1
"adygeya.su",PRIVATE,"adygeya.su",3,1
"aktyubinsk.su",PRIVATE,"*.aktyubinsk.su",3,1
"aktyubinsk.su",PRIVATE,"aktyubinsk.su",3,1
"arkhangelsk.su",PRIVATE,"*.arkhangelsk.su",3,1
"arkhangelsk.su",PRIVATE,"arkhangelsk.su",3,1
"armenia.su",PRIVATE,"*.armenia.su",3,1
"armenia.su",PRIVATE,"armenia.su",3,1
"ashgabad.su",PRIVATE,"*.ashgabad.su",3,1
"ashgabad.su",PRIVATE,"ashgabad.su",3,1
"azerbaijan.su",PRIVATE,"*.azerbaijan.su",3,1
"azerbaijan.su",PRIVATE,"azerbaijan.su",3,1
"balashov.su",PRIVATE,"*.balashov.su",3,1
"balashov.su",PRIVATE,"balashov.su",3,1
"bashkiria.su",PRIVATE,"*.bashkiria.su",3,1
"bashkiria.su",PRIVATE,"bashkiria.su",3,1
"bryansk.su",PRIVATE,"*.bryansk.su",3,1
"bryansk.su",PRIVATE,"bryansk.su",3,1
"bukhara.su",PRIVATE,"*.bukhara.su",3,1
"bukhara.su",PRIVATE,"bukhara.su",3,1
"chimkent.su",PRIVATE,"*.chimkent.su",3,1
"chimkent.su",PRIVATE,"chimkent.su",3,1
"dagestan.su",PRIVATE,"*.dagestan.su",3,1
"dagestan.su",PRIVATE,"dagestan.su",3,1
"east-kazakhstan.su",PRIVATE,"*.east-kazakhstan.su",3,1
"east-kazakhstan.su",PRIVATE,"east-kazakhstan.su",3,1
"exnet.su",PRIVATE,"*.exnet.su",3,1
"exnet.su",PRIVATE,"exnet.su",3,1
"georgia.su",PRIVATE,"*.georgia.su",3,1
"georgia.su",PRIVATE,"georgia.su",3,1
"grozny.su",PRIVATE,"*.grozny.su",3,1
"grozny.su",PRIVATE,"grozny.su",3,1
"ivanovo.su",PRIVATE,"*.ivanovo.su",3,1
"ivanovo.su",PRIVATE,"ivanovo.su",3,1
"jambyl.su",PRIVATE,"*.jambyl.su",3,1
"jambyl.su",PRIVATE,"jambyl.su",3,1
"kalmykia.su",PRIVATE,"*.kalmykia.su",3,1
"kalmykia.su",PRIVATE,"kalmykia.su",3,1
"kaluga.su",PRIVATE,"*.kaluga.su",3,1
"kaluga.su",PRIVATE,"kaluga.su",3,1
"karacol.su",PRIVATE,"*.karacol.su",3,1
"karacol.su",PRIVATE,"karacol.su",3,1
"karaganda.su",PRIVATE,"*.karaganda.su",3,1
"karaganda.su",PRIVATE,"karaganda.su",3,1
"karelia.su",PRIVATE,"*.karelia.su",3,1
"karelia.su",PRIVATE,"karelia.su",3,1
"khakassia.su",PRIVATE,"*.khakassia.su",3,1
"khakassia.su",PRIVATE,"khakassia.su",3,1
"krasnodar.su",PRIVATE,"*.krasnodar.su",3,1
"krasnodar.su",PRIVATE,"krasnodar.su",3,1
"kurgan.su",PRIVATE,"*.kurgan.su",3,1
"kurgan.su",PRIVATE,"kurgan.su",3,1
"kustanai.su",PRIVATE,"*.kustanai.su",3,1
"kustanai.su",PRIVATE,"kustanai.su",3,1
"lenug.su",PRIVATE,"*.lenug.su",3,1
"lenug.su",PRIVATE,"lenug.su",3,1
"mangyshlak.su",PRIVATE,"*.mangyshlak.su",3,1
"mangyshlak.su",PRIVATE,"mangyshlak.su",3,1
"mordovia.su",PRIVATE,"*.mordovia.su",3,1
"mordovia.su",PRIVATE,"mordovia.su",3,1
"msk.su",PRIVATE,"*.msk.su",3,1
"msk.su",PRIVATE,"msk.su",3,1
"murmansk.su",PRIVATE,"*.murmansk.su",3,1
"murmansk.su",PRIVATE,"murmansk.su",3,1
"nalchik.su",PRIVATE,"*.nalchik.su",3,1
"nalchik.su",PRIVATE,"nalchik.su",3,1
"navoi.su",PRIVATE,"*.navoi.su",3,1
"navoi.su",PRIVATE,"navoi.su",3,1
"north-kazakhstan.su",PRIVATE,"*.north-kazakhstan.su",3,1
"north-kazakhstan.su",PRIVATE,"north-kazakhstan.su",3,1
"nov.su",PRIVATE,"*.nov.su",3,1
"nov.su",PRIVATE,"nov.su",3,1
"obninsk.su",PRIVATE,"*.obninsk.su",3,1
"obninsk.su",PRIVATE,"obninsk.su",3,1
"penza.su",PRIVATE,"*.penza.su",3,1
"penza.su",PRIVATE,"penza.su",3,1
"pokrovsk.su",PRIVATE,"*.pokrovsk.su",3,1
"pokrovsk.su",PRIVATE,"pokrovsk.su",3,1
"sochi.su",PRIVATE,"*.sochi.su",3,1
"sochi.su",PRIVATE,"sochi.su",3,1
"spb.su",PRIVATE,"*.spb.su",3,1
"spb.su",PRIVATE,"spb.su",3,1
"tashkent.su",PRIVATE,"*.tashkent.su",3,1
"tashkent.su",PRIVATE,"tashkent.su",3,1
"termez.su",PRIVATE,"*.termez.su",3,1
"termez.su",PRIVATE,"termez.su",3,1
"togliatti.su",PRIVATE,"*.togliatti.su",3,1
"togliatti.su",PRIVATE,"togliatti.su",3,1
"troitsk.su",PRIVATE,"*.troitsk.su",3,1
"troitsk.su",PRIVATE,"troitsk.su",3,1
"tselinograd.su",PRIVATE,"*.tselinograd.su",3,1
"tselinograd.su",PRIVATE,"tselinograd.su",3,1
"tula.su",PRIVATE,"*.tula.su",3,1
"tula.su",PRIVATE,"tula.su",3,1
"tuva.su",PRIVATE,"*.tuva.su",3,1
"tuva.su",PRIVATE,"tuva.su",3,1
"vladikavkaz.su",PRIVATE,"*.vladikavkaz.su",3,1
"vladikavkaz.su",PRIVATE,"vladikavkaz.su",3,1
"vladimir.su",PRIVATE,"*.vladimir.su",3,1
"vladimir.su",PRIVATE,"vladimir.su",3,1
"vologda.su",PRIVATE,"*.vologda.su",3,1
"vologda.su",PRIVATE,"vologda.su",3,1
"channelsdvr.net",PRIVATE,"*.channelsdvr.net",3,1
"channelsdvr.net",PRIVATE,"channelsdvr.net",3,1
"edgecompute.app",PRIVATE,"*.edgecompute.app",3,1
"edgecompute.app",PRIVATE,"edgecompute.app",3,1
"fastly-edge.com",PRIVATE,"*.fastly-edge.com",3,1
"fastly-edge.com",PRIVATE,"fastly-edge.com",3,1
"fastly-terrarium.com",PRIVATE,"*.fastly-terrarium.com",3,1
"fastly-terrarium.com",PRIVATE,"fastly-terrarium.com",3,1
"fastlylb.net",PRIVATE,"*.fastlylb.net",3,1
"fastlylb.net",PRIVATE,"fastlylb.net",3,1
"*.user.fm",PRIVATE,"*.user.fm",4,1
"*.user.fm",PRIVATE,"user.fm",4,1
"fastvps-server.com",PRIVATE,"*.fastvps-server.com",3,1
"fastvps-server.com",PRIVATE,"fastvps-server.com",3,1
"fastvps.host",PRIVATE,"*.fastvps.host",3,1
"fastvps.host",PRIVATE,"fastvps.host",3,1
"myfast.host",PRIVATE,"*.myfast.host",3,1
"myfast.host",PRIVATE,"myfast.host",3,1
"fastvps.site",PRIVATE,"*.fastvps.site",3,1
"fastvps.site",PRIVATE,"fastvps.site",3,1
"myfast.space",PRIVATE,"*.myfast.space",3,1
"myfast.space",PRIVATE,"myfast.space",3,1
"conn.uk",PRIVATE,"*.conn.uk",3,1
"conn.uk",PRIVATE,"conn.uk",3,1
"copro.uk",PRIVATE,"*.copro.uk",3,1
"copro.uk",PRIVATE,"copro.uk",3,1
"hosp.uk",PRIVATE,"*.hosp.uk",3,1
"hosp.uk",PRIVATE,"hosp.uk",3,1
"fedorainfracloud.org",PRIVATE,"*.fedorainfracloud.org",3,1
"fedorainfracloud.org",PRIVATE,"fedorainfracloud.org",3,1
"fedorapeople.org",PRIVATE,"*.fedorapeople.org",3,1
"fedorapeople.org",PRIVATE,"fedorapeople.org",3,1
"mydobiss.com",PRIVATE,"*.mydobiss.com",3,1
"mydobiss.com",PRIVATE,"mydobiss.com",3,1
"fh-muenster.io",PRIVATE,"*.fh-muenster.io",3,1
"fh-muenster.io",PRIVATE,"fh-muenster.io",3,1
"figma.site",PRIVATE,"*.figma.site",3,1
"figma.site",PRIVATE,"figma.site",3,1
"preview.site",PRIVATE,"*.preview.site",3,1
"preview.site",PRIVATE,"preview.site",3,1
"filegear.me",PRIVATE,"*.filegear.me",3,1
"filegear.me",PRIVATE,"filegear.me",3,1
"firebaseapp.com",PRIVATE,"*.firebaseapp.com",3,1
"firebaseapp.com",PRIVATE,"firebaseapp.com",3,1
"fldrv.com",PRIVATE,"*.fldrv.com",3,1
"fldrv.com",PRIVATE,"fldrv.com",3,1
"on-fleek.app",PRIVATE,"*.on-fleek.app",3,1
"on-fleek.app",PRIVATE,"on-fleek.app",3,1
"flutterflow.app",PRIVATE,"*.flutterflow.app",3,1
"flutterflow.app",PRIVATE,"flutterflow.app",3,1
"fly.dev",PRIVATE,"*.fly.dev",3,1
"fly.dev",PRIVATE,"fly.dev",3,1
"shw.io",PRIVATE,"*.shw.io",3,1
"shw.io",PRIVATE,"shw.io",3,1
"edgeapp.net",PRIVATE,"*.edgeapp.net",3,1
"edgeapp.net",PRIVATE,"edgeapp.net",3,1
"forgeblocks.com",PRIVATE,"*.forgeblocks.com",3,1
"forgeblocks.com",PRIVATE,"forgeblocks.com",3,1
"e2b.app",PRIVATE,"*.e2b.app",3,1
"e2b.app",PRIVATE,"e2b.app",3,1
"framer.ai",PRIVATE,"*.framer.ai",3,1
"framer.ai",PRIVATE,"framer.ai",3,1
"framer.app",PRIVATE,"*.framer.app",3,1
"framer.app",PRIVATE,"framer.app",3,1
"framercanvas.com",PRIVATE,"*.framercanvas.com",3,1
"framercanvas.com",PRIVATE,"framercanvas.com",3,1
"framer.media",PRIVATE,"*.framer.media",3,1
"framer.media",PRIVATE,"framer.media",3,1
"framer.photos",PRIVATE,"*.framer.photos",3,1
"framer.photos",PRIVATE,"framer.photos",3,1
"framer.website",PRIVATE,"*.framer.website",3,1
"framer.website",PRIVATE,"framer.website",3,1
"framer.wiki",PRIVATE,"*.framer.wiki",3,1
"framer.wiki",PRIVATE,"framer.wiki",3,1
"*.0e.vc",PRIVATE,"*.0e.vc",4,1
"*.0e.vc",PRIVATE,"0e.vc",4,1
"freebox-os.com",PRIVATE,"*.freebox-os.com",3,1
"freebox-os.com",PRIVATE,"freebox-os.com",3,1
"freeboxos.com",PRIVATE,"*.freeboxos.com",3,1
"freeboxos.com",PRIVATE,"freeboxos.com",3,1
"fbx-os.fr",PRIVATE,"*.fbx-os.fr",3,1
"fbx-os.fr",PRIVATE,"fbx-os.fr",3,1
"fbxos.fr",PRIVATE,"*.fbxos.fr",3,1
"fbxos.fr",PRIVATE,"fbxos.fr",3,1
"freebox-os.fr",PRIVATE,"*.freebox-os.fr",3,1
"freebox-os.fr",PRIVATE,"freebox-os.fr",3,1
"freeboxos.fr",PRIVATE,"*.freeboxos.fr",3,1
"freeboxos.fr",PRIVATE,"freeboxos.fr",3,1
"freedesktop.org",PRIVATE,"*.freedesktop.org",3,1
"freedesktop.org",PRIVATE,"freedesktop.org",3,1
"freemyip.com",PRIVATE,"*.freemyip.com",3,1
"freemyip.com",PRIVATE,"freemyip.com",3,1
"*.frusky.de",PRIVATE,"*.frusky.de",4,1
"*.frusky.de",PRIVATE,"frusky.de",4,1
"daemon.asia",PRIVATE,"*.daemon.asia",3,1
"daemon.asia",PRIVATE,"daemon.asia",3,1
"dix.asia",PRIVATE,"*.dix.asia",3,1
"dix.asia",PRIVATE,"dix.asia",3,1
"mydns.bz",PRIVATE,"*.mydns.bz",3,1
"mydns.bz",PRIVATE,"mydns.bz",3,1
"0am.jp",PRIVATE,"*.0am.jp",3,1
"0am.jp",PRIVATE,"0am.jp",3,1
"0g0.jp",PRIVATE,"*.0g0.jp",3,1
"0g0.jp",PRIVATE,"0g0.jp",3,1
"0j0.jp",PRIVATE,"*.0j0.jp",3,1
"0j0.jp",PRIVATE,"0j0.jp",3,1
"0t0.jp",PRIVATE,"*.0t0.jp",3,1
"0t0.jp",PRIVATE,"0t0.jp",3,1
"mydns.jp",PRIVATE,"*.mydns.jp",3,1
"mydns.jp",PRIVATE,"mydns.jp",3,1
"pgw.jp",PRIVATE,"*.pgw.jp",3,1
"pgw.jp",PRIVATE,"pgw.jp",3,1
"wjg.jp",PRIVATE,"*.wjg.jp",3,1
"wjg.jp",PRIVATE,"wjg.jp",3,1
"keyword-on.net",PRIVATE,"*.keyword-on.net",3,1
"keyword-on.net",PRIVATE,"keyword-on.net",3,1
"live-on.net",PRIVATE,"*.live-on.net",3,1
"live-on.net",PRIVATE,"live-on.net",3,1
"server-on.net",PRIVATE,"*.server-on.net",3,1
"server-on.net",PRIVATE,"server-on.net",3,1
"mydns.tw",PRIVATE,"*.mydns.tw",3,1
"mydns.tw",PRIVATE,"mydns.tw",3,1
"mydns.vc",PRIVATE,"*.mydns.vc",3,1
"mydns.vc",PRIVATE,"mydns.vc",3,1
"*.futurecms.at",PRIVATE,"*.futurecms.at",4,1
"*.futurecms.at",PRIVATE,"futurecms.at",4,1
"futurehosting.at",PRIVATE,"*.futurehosting.at",3,1
"futurehosting.at",PRIVATE,"futurehosting.at",3,1
"futuremailing.at",PRIVATE,"*.futuremailing.at",3,1
"futuremailing.at",PRIVATE,"futuremailing.at",3,1
"*.statics.cloud",PRIVATE,"*.statics.cloud",4,1
"*.statics.cloud",PRIVATE,"statics.cloud",4,1
"aliases121.com",PRIVATE,"*.aliases121.com",3,1
"aliases121.com",PRIVATE,"aliases121.com",3,1
"independent-commission.uk",PRIVATE,"*.independent-commission.uk",3,1
"independent-commission.uk",PRIVATE,"independent-commission.uk",3,1
"independent-inquest.uk",PRIVATE,"*.independent-inquest.uk",3,1
"independent-inquest.uk",PRIVATE,"independent-inquest.uk",3,1
"independent-inquiry.uk",PRIVATE,"*.independent-inquiry.uk",3,1
"independent-inquiry.uk",PRIVATE,"independent-inquiry.uk",3,1
"independent-panel.uk",PRIVATE,"*.independent-panel.uk",3,1
"independent-panel.uk",PRIVATE,"independent-panel.uk",3,1
"independent-review.uk",PRIVATE,"*.independent-review.uk",3,1
"independent-review.uk",PRIVATE,"independent-review.uk",3,1
"public-inquiry.uk",PRIVATE,"*.public-inquiry.uk",3,1
"public-inquiry.uk",PRIVATE,"public-inquiry.uk",3,1
"royal-commission.uk",PRIVATE,"*.royal-commission.uk",3,1
"royal-commission.uk",PRIVATE,"royal-commission.uk",3,1
"usercontent.jp",PRIVATE,"*.usercontent.jp",3,1
"usercontent.jp",PRIVATE,"usercontent.jp",3,1
"gentapps.com",PRIVATE,"*.gentapps.com",3,1
"gentapps.com",PRIVATE,"gentapps.com",3,1
"gentlentapis.com",PRIVATE,"*.gentlentapis.com",3,1
"gentlentapis.com",PRIVATE,"gentlentapis.com",3,1
"cdn-edges.net",PRIVATE,"*.cdn-edges.net",3,1
"cdn-edges.net",PRIVATE,"cdn-edges.net",3,1
"gsj.bz",PRIVATE,"*.gsj.bz",3,1
"gsj.bz",PRIVATE,"gsj.bz",3,1
"github.app",PRIVATE,"*.github.app",3,1
"github.app",PRIVATE,"github.app",3,1
"githubusercontent.com",PRIVATE,"*.githubusercontent.com",3,1
"githubusercontent.com",PRIVATE,"githubusercontent.com",3,1
"githubpreview.dev",PRIVATE,"*.githubpreview.dev",3,1
"githubpreview.dev",PRIVATE,"githubpreview.dev",3,1
"github.io",PRIVATE,"*.github.io",3,1
"github.io",PRIVATE,"github.io",3,1
"gitlab.io",PRIVATE,"*.gitlab.io",3,1
"gitlab.io",PRIVATE,"gitlab.io",3,1
"gitapp.si",PRIVATE,"*.gitapp.si",3,1
"gitapp.si",PRIVATE,"gitapp.si",3,1
"gitpage.si",PRIVATE,"*.gitpage.si",3,1
"gitpage.si",PRIVATE,"gitpage.si",3,1
"nog.community",PRIVATE,"*.nog.community",3,1
"nog.community",PRIVATE,"nog.community",3,1
"co.ro",PRIVATE,"*.co.ro",3,1
"co.ro",PRIVATE,"co.ro",3,1
"shop.ro",PRIVATE,"*.shop.ro",3,1
"shop.ro",PRIVATE,"shop.ro",3,1
"lolipop.io",PRIVATE,"*.lolipop.io",3,1
"lolipop.io",PRIVATE,"lolipop.io",3,1
"angry.jp",PRIVATE,"*.angry.jp",3,1
"angry.jp",PRIVATE,"angry.jp",3,1
"babyblue.jp",PRIVATE,"*.babyblue.jp",3,1
"babyblue.jp",PRIVATE,"babyblue.jp",3,1
"babymilk.jp",PRIVATE,"*.babymilk.jp",3,1
"babymilk.jp",PRIVATE,"babymilk.jp",3,1
"backdrop.jp",PRIVATE,"*.backdrop.jp",3,1
"backdrop.jp",PRIVATE,"backdrop.jp",3,1
"bambina.jp",PRIVATE,"*.bambina.jp",3,1
"bambina.jp",PRIVATE,"bambina.jp",3,1
"bitter.jp",PRIVATE,"*.bitter.jp",3,1
"bitter.jp",PRIVATE,"bitter.jp",3,1
"blush.jp",PRIVATE,"*.blush.jp",3,1
"blush.jp",PRIVATE,"blush.jp",3,1
"boo.jp",PRIVATE,"*.boo.jp",3,1
"boo.jp",PRIVATE,"boo.jp",3,1
"boy.jp",PRIVATE,"*.boy.jp",3,1
"boy.jp",PRIVATE,"boy.jp",3,1
"boyfriend.jp",PRIVATE,"*.boyfriend.jp",3,1
"boyfriend.jp",PRIVATE,"boyfriend.jp",3,1
"but.jp",PRIVATE,"*.but.jp",3,1
"but.jp",PRIVATE,"but.jp",3,1
"candypop.jp",PRIVATE,"*.candypop.jp",3,1
"candypop.jp",PRIVATE,"candypop.jp",3,1
"capoo.jp",PRIVATE,"*.capoo.jp",3,1
"capoo.jp",PRIVATE,"capoo.jp",3,1
"catfood.jp",PRIVATE,"*.catfood.jp",3,1
"catfood.jp",PRIVATE,"catfood.jp",3,1
"cheap.jp",PRIVATE,"*.cheap.jp",3,1
"cheap.jp",PRIVATE,"cheap.jp",3,1
"chicappa.jp",PRIVATE,"*.chicappa.jp",3,1
"chicappa.jp",PRIVATE,"chicappa.jp",3,1
"chillout.jp",PRIVATE,"*.chillout.jp",3,1
"chillout.jp",PRIVATE,"chillout.jp",3,1
"chips.jp",PRIVATE,"*.chips.jp",3,1
"chips.jp",PRIVATE,"chips.jp",3,1
"chowder.jp",PRIVATE,"*.chowder.jp",3,1
"chowder.jp",PRIVATE,"chowder.jp",3,1
"chu.jp",PRIVATE,"*.chu.jp",3,1
"chu.jp",PRIVATE,"chu.jp",3,1
"ciao.jp",PRIVATE,"*.ciao.jp",3,1
"ciao.jp",PRIVATE,"ciao.jp",3,1
"cocotte.jp",PRIVATE,"*.cocotte.jp",3,1
"cocotte.jp",PRIVATE,"cocotte.jp",3,1
"coolblog.jp",PRIVATE,"*.coolblog.jp",3,1
"coolblog.jp",PRIVATE,"coolblog.jp",3,1
"cranky.jp",PRIVATE,"*.cranky.jp",3,1
"cranky.jp",PRIVATE,"cranky.jp",3,1
"cutegirl.jp",PRIVATE,"*.cutegirl.jp",3,1
"cutegirl.jp",PRIVATE,"cutegirl.jp",3,1
"daa.jp",PRIVATE,"*.daa.jp",3,1
"daa.jp",PRIVATE,"daa.jp",3,1
"deca.jp",PRIVATE,"*.deca.jp",3,1
"deca.jp",PRIVATE,"deca.jp",3,1
"deci.jp",PRIVATE,"*.deci.jp",3,1
"deci.jp",PRIVATE,"deci.jp",3,1
"digick.jp",PRIVATE,"*.digick.jp",3,1
"digick.jp",PRIVATE,"digick.jp",3,1
"egoism.jp",PRIVATE,"*.egoism.jp",3,1
"egoism.jp",PRIVATE,"egoism.jp",3,1
"fakefur.jp",PRIVATE,"*.fakefur.jp",3,1
"fakefur.jp",PRIVATE,"fakefur.jp",3,1
"fem.jp",PRIVATE,"*.fem.jp",3,1
"fem.jp",PRIVATE,"fem.jp",3,1
"flier.jp",PRIVATE,"*.flier.jp",3,1
"flier.jp",PRIVATE,"flier.jp",3,1
"floppy.jp",PRIVATE,"*.floppy.jp",3,1
"floppy.jp",PRIVATE,"floppy.jp",3,1
"fool.jp",PRIVATE,"*.fool.jp",3,1
"fool.jp",PRIVATE,"fool.jp",3,1
"frenchkiss.jp",PRIVATE,"*.frenchkiss.jp",3,1
"frenchkiss.jp",PRIVATE,"frenchkiss.jp",3,1
"girlfriend.jp",PRIVATE,"*.girlfriend.jp",3,1
"girlfriend.jp",PRIVATE,"girlfriend.jp",3,1
"girly.jp",PRIVATE,"*.girly.jp",3,1
"girly.jp",PRIVATE,"girly.jp",3,1
"gloomy.jp",PRIVATE,"*.gloomy.jp",3,1
"gloomy.jp",PRIVATE,"gloomy.jp",3,1
"gonna.jp",PRIVATE,"*.gonna.jp",3,1
"gonna.jp",PRIVATE,"gonna.jp",3,1
"greater.jp",PRIVATE,"*.greater.jp",3,1
"greater.jp",PRIVATE,"greater.jp",3,1
"hacca.jp",PRIVATE,"*.hacca.jp",3,1
"hacca.jp",PRIVATE,"hacca.jp",3,1
"heavy.jp",PRIVATE,"*.heavy.jp",3,1
"heavy.jp",PRIVATE,"heavy.jp",3,1
"her.jp",PRIVATE,"*.her.jp",3,1
"her.jp",PRIVATE,"her.jp",3,1
"hiho.jp",PRIVATE,"*.hiho.jp",3,1
"hiho.jp",PRIVATE,"hiho.jp",3,1
"hippy.jp",PRIVATE,"*.hippy.jp",3,1
"hippy.jp",PRIVATE,"hippy.jp",3,1
"holy.jp",PRIVATE,"*.holy.jp",3,1
"holy.jp",PRIVATE,"holy.jp",3,1
"hungry.jp",PRIVATE,"*.hungry.jp",3,1
"hungry.jp",PRIVATE,"hungry.jp",3,1
"icurus.jp",PRIVATE,"*.icurus.jp",3,1
"icurus.jp",PRIVATE,"icurus.jp",3,1
"itigo.jp",PRIVATE,"*.itigo.jp",3,1
"itigo.jp",PRIVATE,"itigo.jp",3,1
"jellybean.jp",PRIVATE,"*.jellybean.jp",3,1
"jellybean.jp",PRIVATE,"jellybean.jp",3,1
"kikirara.jp",PRIVATE,"*.kikirara.jp",3,1
"kikirara.jp",PRIVATE,"kikirara.jp",3,1
"kill.jp",PRIVATE,"*.kill.jp",3,1
"kill.jp",PRIVATE,"kill.jp",3,1
"kilo.jp",PRIVATE,"*.kilo.jp",3,1
"kilo.jp",PRIVATE,"kilo.jp",3,1
"kuron.jp",PRIVATE,"*.kuron.jp",3,1
"kuron.jp",PRIVATE,"kuron.jp",3,1
"littlestar.jp",PRIVATE,"*.littlestar.jp",3,1
"littlestar.jp",PRIVATE,"littlestar.jp",3,1
"lolipopmc.jp",PRIVATE,"*.lolipopmc.jp",3,1
"lolipopmc.jp",PRIVATE,"lolipopmc.jp",3,1
"lolitapunk.jp",PRIVATE,"*.lolitapunk.jp",3,1
"lolitapunk.jp",PRIVATE,"lolitapunk.jp",3,1
"lomo.jp",PRIVATE,"*.lomo.jp",3,1
"lomo.jp",PRIVATE,"lomo.jp",3,1
"lovepop.jp",PRIVATE,"*.lovepop.jp",3,1
"lovepop.jp",PRIVATE,"lovepop.jp",3,1
"lovesick.jp",PRIVATE,"*.lovesick.jp",3,1
"lovesick.jp",PRIVATE,"lovesick.jp",3,1
"main.jp",PRIVATE,"*.main.jp",3,1
"main.jp",PRIVATE,"main.jp",3,1
"mods.jp",PRIVATE,"*.mods.jp",3,1
"mods.jp",PRIVATE,"mods.jp",3,1
"mond.jp",PRIVATE,"*.mond.jp",3,1
"mond.jp",PRIVATE,"mond.jp",3,1
"mongolian.jp",PRIVATE,"*.mongolian.jp",3,1
"mongolian.jp",PRIVATE,"mongolian.jp",3,1
"moo.jp",PRIVATE,"*.moo.jp",3,1
"moo.jp",PRIVATE,"moo.jp",3,1
"namaste.jp",PRIVATE,"*.namaste.jp",3,1
"namaste.jp",PRIVATE,"namaste.jp",3,1
"nikita.jp",PRIVATE,"*.nikita.jp",3,1
"nikita.jp",PRIVATE,"nikita.jp",3,1
"nobushi.jp",PRIVATE,"*.nobushi.jp",3,1
"nobushi.jp",PRIVATE,"nobushi.jp",3,1
"noor.jp",PRIVATE,"*.noor.jp",3,1
"noor.jp",PRIVATE,"noor.jp",3,1
"oops.jp",PRIVATE,"*.oops.jp",3,1
"oops.jp",PRIVATE,"oops.jp",3,1
"parallel.jp",PRIVATE,"*.parallel.jp",3,1
"parallel.jp",PRIVATE,"parallel.jp",3,1
"parasite.jp",PRIVATE,"*.parasite.jp",3,1
"parasite.jp",PRIVATE,"parasite.jp",3,1
"pecori.jp",PRIVATE,"*.pecori.jp",3,1
"pecori.jp",PRIVATE,"pecori.jp",3,1
"peewee.jp",PRIVATE,"*.peewee.jp",3,1
"peewee.jp",PRIVATE,"peewee.jp",3,1
"penne.jp",PRIVATE,"*.penne.jp",3,1
"penne.jp",PRIVATE,"penne.jp",3,1
"pepper.jp",PRIVATE,"*.pepper.jp",3,1
"pepper.jp",PRIVATE,"pepper.jp",3,1
"perma.jp",PRIVATE,"*.perma.jp",3,1
"perma.jp",PRIVATE,"perma.jp",3,1
"pigboat.jp",PRIVATE,"*.pigboat.jp",3,1
"pigboat.jp",PRIVATE,"pigboat.jp",3,1
"pinoko.jp",PRIVATE,"*.pinoko.jp",3,1
"pinoko.jp",PRIVATE,"pinoko.jp",3,1
"punyu.jp",PRIVATE,"*.punyu.jp",3,1
"punyu.jp",PRIVATE,"punyu.jp",3,1
"pupu.jp",PRIVATE,"*.pupu.jp",3,1
"pupu.jp",PRIVATE,"pupu.jp",3,1
"pussycat.jp",PRIVATE,"*.pussycat.jp",3,1
"pussycat.jp",PRIVATE,"pussycat.jp",3,1
"pya.jp",PRIVATE,"*.pya.jp",3,1
"pya.jp",PRIVATE,"pya.jp",3,1
"raindrop.jp",PRIVATE,"*.raindrop.jp",3,1
"raindrop.jp",PRIVATE,"raindrop.jp",3,1
"readymade.jp",PRIVATE,"*.readymade.jp",3,1
"readymade.jp",PRIVATE,"readymade.jp",3,1
"sadist.jp",PRIVATE,"*.sadist.jp",3,1
"sadist.jp",PRIVATE,"sadist.jp",3,1
"schoolbus.jp",PRIVATE,"*.schoolbus.jp",3,1
"schoolbus.jp",PRIVATE,"schoolbus.jp",3,1
"secret.jp",PRIVATE,"*.secret.jp",3,1
"secret.jp",PRIVATE,"secret.jp",3,1
"staba.jp",PRIVATE,"*.staba.jp",3,1
"staba.jp",PRIVATE,"staba.jp",3,1
"stripper.jp",PRIVATE,"*.stripper.jp",3,1
"stripper.jp",PRIVATE,"stripper.jp",3,1
"sub.jp",PRIVATE,"*.sub.jp",3,1
"sub.jp",PRIVATE,"sub.jp",3,1
"sunnyday.jp",PRIVATE,"*.sunnyday.jp",3,1
"sunnyday.jp",PRIVATE,"sunnyday.jp",3,1
"thick.jp",PRIVATE,"*.thick.jp",3,1
"thick.jp",PRIVATE,"thick.jp",3,1
"tonkotsu.jp",PRIVATE,"*.tonkotsu.jp",3,1
"tonkotsu.jp",PRIVATE,"tonkotsu.jp",3,1
"under.jp",PRIVATE,"*.under.jp",3,1
"under.jp",PRIVATE,"under.jp",3,1
"upper.jp",PRIVATE,"*.upper.jp",3,1
"upper.jp",PRIVATE,"upper.jp",3,1
"velvet.jp",PRIVATE,"*.velvet.jp",3,1
"velvet.jp",PRIVATE,"velvet.jp",3,1
"verse.jp",PRIVATE,"*.verse.jp",3,1
"verse.jp",PRIVATE,"verse.jp",3,1
"versus.jp",PRIVATE,"*.versus.jp",3,1
"versus.jp",PRIVATE,"versus.jp",3,1
"vivian.jp",PRIVATE,"*.vivian.jp",3,1
"vivian.jp",PRIVATE,"vivian.jp",3,1
"watson.jp",PRIVATE,"*.watson.jp",3,1
"watson.jp",PRIVATE,"watson.jp",3,1
"weblike.jp",PRIVATE,"*.weblike.jp",3,1
"weblike.jp",PRIVATE,"weblike.jp",3,1
"whitesnow.jp",PRIVATE,"*.whitesnow.jp",3,1
"whitesnow.jp",PRIVATE,"whitesnow.jp",3,1
"zombie.jp",PRIVATE,"*.zombie.jp",3,1
"zombie.jp",PRIVATE,"zombie.jp",3,1
"heteml.net",PRIVATE,"*.heteml.net",3,1
"heteml.net",PRIVATE,"heteml.net",3,1
"graphic.design",PRIVATE,"*.graphic.design",3,1
"graphic.design",PRIVATE,"graphic.design",3,1
"goip.de",PRIVATE,"*.goip.de",3,1
"goip.de",PRIVATE,"goip.de",3,1
"*.hosted.app",PRIVATE,"*.hosted.app",4,1
"*.hosted.app",PRIVATE,"hosted.app",4,1
"*.run.app",PRIVATE,"*.run.app",4,1
"*.run.app",PRIVATE,"run.app",4,1
"web.app",PRIVATE,"*.web.app",3,1
"web.app",PRIVATE,"web.app",3,1
"*.0emm.com",PRIVATE,"*.0emm.com",4,1
"*.0emm.com",PRIVATE,"0emm.com",4,1
"appspot.com",PRIVATE,"*.appspot.com",3,1
"appspot.com",PRIVATE,"appspot.com",3,1
"blogspot.com",PRIVATE,"*.blogspot.com",3,1
"blogspot.com",PRIVATE,"blogspot.com",3,1
"codespot.com",PRIVATE,"*.codespot.com",3,1
"codespot.com",PRIVATE,"codespot.com",3,1
"googleapis.com",PRIVATE,"*.googleapis.com",3,1
"googleapis.com",PRIVATE,"googleapis.com",3,1
"googlecode.com",PRIVATE,"*.googlecode.com",3,1
"googlecode.com",PRIVATE,"googlecode.com",3,1
"pagespeedmobilizer.com",PRIVATE,"*.pagespeedmobilizer.com",3,1
"pagespeedmobilizer.com",PRIVATE,"pagespeedmobilizer.com",3,1
"withgoogle.com",PRIVATE,"*.withgoogle.com",3,1
"withgoogle.com",PRIVATE,"withgoogle.com",3,1
"withyoutube.com",PRIVATE,"*.withyoutube.com",3,1
"withyoutube.com",PRIVATE,"withyoutube.com",3,1
"*.gateway.dev",PRIVATE,"*.gateway.dev",4,1
"*.gateway.dev",PRIVATE,"gateway.dev",4,1
"cloud.goog",PRIVATE,"*.cloud.goog",3,1
"cloud.goog",PRIVATE,"cloud.goog",3,1
"translate.goog",PRIVATE,"*.translate.goog",3,1
"translate.goog",PRIVATE,"translate.goog",3,1
"*.usercontent.goog",PRIVATE,"*.usercontent.goog",4,1
"*.usercontent.goog",PRIVATE,"usercontent.goog",4,1
"cloudfunctions.net",PRIVATE,"*.cloudfunctions.net",3,1
"cloudfunctions.net",PRIVATE,"cloudfunctions.net",3,1
"goupile.fr",PRIVATE,"*.goupile.fr",3,1
"goupile.fr",PRIVATE,"goupile.fr",3,1
"pymnt.uk",PRIVATE,"*.pymnt.uk",3,1
"pymnt.uk",PRIVATE,"pymnt.uk",3,1
"cloudapps.digital",PRIVATE,"*.cloudapps.digital",3,1
"cloudapps.digital",PRIVATE,"cloudapps.digital",3,1
"gov.nl",PRIVATE,"*.gov.nl",3,1
"gov.nl",PRIVATE,"gov.nl",3,1
"grafana-dev.net",PRIVATE,"*.grafana-dev.net",3,1
"grafana-dev.net",PRIVATE,"grafana-dev.net",3,1
"grayjayleagues.com",PRIVATE,"*.grayjayleagues.com",3,1
"grayjayleagues.com",PRIVATE,"grayjayleagues.com",3,1
"günstigbestellen.de",PRIVATE,"*.günstigbestellen.de",3,1
"günstigbestellen.de",PRIVATE,"günstigbestellen.de",3,1
"günstigbestellen.de",PRIVATE,"*.xn--gnstigbestellen-zvb.de",3,1
"günstigbestellen.de",PRIVATE,"xn--gnstigbestellen-zvb.de",3,1
"günstigliefern.de",PRIVATE,"*.günstigliefern.de",3,1
"günstigliefern.de",PRIVATE,"günstigliefern.de",3,1
"günstigliefern.de",PRIVATE,"*.xn--gnstigliefern-wob.de",3,1
"günstigliefern.de",PRIVATE,"xn--gnstigliefern-wob.de",3,1
"hackclub.app",PRIVATE,"*.hackclub.app",3,1
"hackclub.app",PRIVATE,"hackclub.app",3,1
"häkkinen.fi",PRIVATE,"*.häkkinen.fi",3,1
"häkkinen.fi",PRIVATE,"häkkinen.fi",3,1
"häkkinen.fi",PRIVATE,"*.xn--hkkinen-5wa.fi",3,1
"häkkinen.fi",PRIVATE,"xn--hkkinen-5wa.fi",3,1
"hashbang.sh",PRIVATE,"*.hashbang.sh",3,1
"hashbang.sh",PRIVATE,"hashbang.sh",3,1
"hasura.app",PRIVATE,"*.hasura.app",3,1
"hasura.app",PRIVATE,"hasura.app",3,1
"hasura-app.io",PRIVATE,"*.hasura-app.io",3,1
"hasura-app.io",PRIVATE,"hasura-app.io",3,1
"hatenablog.com",PRIVATE,"*.hatenablog.com",3,1
"hatenablog.com",PRIVATE,"hatenablog.com",3,1
"hatenadiary.com",PRIVATE,"*.hatenadiary.com",3,1
"hatenadiary.com",PRIVATE,"hatenadiary.com",3,1
"hateblo.jp",PRIVATE,"*.hateblo.jp",3,1
"hateblo.jp",PRIVATE,"hateblo.jp",3,1
"hatenablog.jp",PRIVATE,"*.hatenablog.jp",3,1
"hatenablog.jp",PRIVATE,"hatenablog.jp",3,1
"hatenadiary.jp",PRIVATE,"*.hatenadiary.jp",3,1
"hatenadiary.jp",PRIVATE,"hatenadiary.jp",3,1
"hatenadiary.org",PRIVATE,"*.hatenadiary.org",3,1
"hatenadiary.org",PRIVATE,"hatenadiary.org",3,1
"heiyu.space",PRIVATE,"*.heiyu.space",3,1
"heiyu.space",PRIVATE,"heiyu.space",3,1
"helioho.st",PRIVATE,"*.helioho.st",3,1
"helioho.st",PRIVATE,"helioho.st",3,1
"heliohost.us",PRIVATE,"*.heliohost.us",3,1
"heliohost.us",PRIVATE,"heliohost.us",3,1
"hepforge.org",PRIVATE,"*.hepforge.org",3,1
"hepforge.org",PRIVATE,"hepforge.org",3,1
"herokuapp.com",PRIVATE,"*.herokuapp.com",3,1
"herokuapp.com",PRIVATE,"herokuapp.com",3,1
"heyflow.page",PRIVATE,"*.heyflow.page",3,1
"heyflow.page",PRIVATE,"heyflow.page",3,1
"heyflow.site",PRIVATE,"*.heyflow.site",3,1
"heyflow.site",PRIVATE,"heyflow.site",3,1
"ravendb.cloud",PRIVATE,"*.ravendb.cloud",3,1
"ravendb.cloud",PRIVATE,"ravendb.cloud",3,1
"ravendb.community",PRIVATE,"*.ravendb.community",3,1
"ravendb.community",PRIVATE,"ravendb.community",3,1
"development.run",PRIVATE,"*.development.run",3,1
"development.run",PRIVATE,"development.run",3,1
"ravendb.run",PRIVATE,"*.ravendb.run",3,1
"ravendb.run",PRIVATE,"ravendb.run",3,1
"hidns.co",PRIVATE,"*.hidns.co",3,1
"hidns.co",PRIVATE,"hidns.co",3,1
"hidns.vip",PRIVATE,"*.hidns.vip",3,1
"hidns.vip",PRIVATE,"hidns.vip",3,1
"homesklep.pl",PRIVATE,"*.homesklep.pl",3,1
"homesklep.pl",PRIVATE,"homesklep.pl",3,1
"*.kin.one",PRIVATE,"*.kin.one",4,1
"*.kin.one",PRIVATE,"kin.one",4,1
"*.id.pub",PRIVATE,"*.id.pub",4,1
"*.id.pub",PRIVATE,"id.pub",4,1
"*.kin.pub",PRIVATE,"*.kin.pub",4,1
"*.kin.pub",PRIVATE,"kin.pub",4,1
"hoplix.shop",PRIVATE,"*.hoplix.shop",3,1
"hoplix.shop",PRIVATE,"hoplix.shop",3,1
"orx.biz",PRIVATE,"*.orx.biz",3,1
"orx.biz",PRIVATE,"orx.biz",3,1
"biz.ng",PRIVATE,"*.biz.ng",3,1
"biz.ng",PRIVATE,"biz.ng",3,1
"col.ng",PRIVATE,"*.col.ng",3,1
"col.ng",PRIVATE,"col.ng",3,1
"firm.ng",PRIVATE,"*.firm.ng",3,1
"firm.ng",PRIVATE,"firm.ng",3,1
"gen.ng",PRIVATE,"*.gen.ng",3,1
"gen.ng",PRIVATE,"gen.ng",3,1
"ltd.ng",PRIVATE,"*.ltd.ng",3,1
"ltd.ng",PRIVATE,"ltd.ng",3,1
"ngo.ng",PRIVATE,"*.ngo.ng",3,1
"ngo.ng",PRIVATE,"ngo.ng",3,1
"plc.ng",PRIVATE,"*.plc.ng",3,1
"plc.ng",PRIVATE,"plc.ng",3,1
"hostyhosting.io",PRIVATE,"*.hostyhosting.io",3,1
"hostyhosting.io",PRIVATE,"hostyhosting.io",3,1
"hf.space",PRIVATE,"*.hf.space",3,1
"hf.space",PRIVATE,"hf.space",3,1
"hypernode.io",PRIVATE,"*.hypernode.io",3,1
"hypernode.io",PRIVATE,"hypernode.io",3,1
"iobb.net",PRIVATE,"*.iobb.net",3,1
"iobb.net",PRIVATE,"iobb.net",3,1
"co.cz",PRIVATE,"*.co.cz",3,1
"co.cz",PRIVATE,"co.cz",3,1
"*.moonscale.io",PRIVATE,"*.moonscale.io",4,1
"*.moonscale.io",PRIVATE,"moonscale.io",4,1
"moonscale.net",PRIVATE,"*.moonscale.net",3,1
"moonscale.net",PRIVATE,"moonscale.net",3,1
"gr.com",PRIVATE,"*.gr.com",3,1
"gr.com",PRIVATE,"gr.com",3,1
"iki.fi",PRIVATE,"*.iki.fi",3,1
"iki.fi",PRIVATE,"iki.fi",3,1
"ibxos.it",PRIVATE,"*.ibxos.it",3,1
"ibxos.it",PRIVATE,"ibxos.it",3,1
"iliadboxos.it",PRIVATE,"*.iliadboxos.it",3,1
"iliadboxos.it",PRIVATE,"iliadboxos.it",3,1
"smushcdn.com",PRIVATE,"*.smushcdn.com",3,1
"smushcdn.com",PRIVATE,"smushcdn.com",3,1
"wphostedmail.com",PRIVATE,"*.wphostedmail.com",3,1
"wphostedmail.com",PRIVATE,"wphostedmail.com",3,1
"wpmucdn.com",PRIVATE,"*.wpmucdn.com",3,1
"wpmucdn.com",PRIVATE,"wpmucdn.com",3,1
"tempurl.host",PRIVATE,"*.tempurl.host",3,1
"tempurl.host",PRIVATE,"tempurl.host",3,1
"wpmudev.host",PRIVATE,"*.wpmudev.host",3,1
"wpmudev.host",PRIVATE,"wpmudev.host",3,1
"dyn-berlin.de",PRIVATE,"*.dyn-berlin.de",3,1
"dyn-berlin.de",PRIVATE,"dyn-berlin.de",3,1
"in-berlin.de",PRIVATE,"*.in-berlin.de",3,1
"in-berlin.de",PRIVATE,"in-berlin.de",3,1
"in-brb.de",PRIVATE,"*.in-brb.de",3,1
"in-brb.de",PRIVATE,"in-brb.de",3,1
"in-butter.de",PRIVATE,"*.in-butter.de",3,1
"in-butter.de",PRIVATE,"in-butter.de",3,1
"in-dsl.de",PRIVATE,"*.in-dsl.de",3,1
"in-dsl.de",PRIVATE,"in-dsl.de",3,1
"in-vpn.de",PRIVATE,"*.in-vpn.de",3,1
"in-vpn.de",PRIVATE,"in-vpn.de",3,1
"in-dsl.net",PRIVATE,"*.in-dsl.net",3,1
"in-dsl.net",PRIVATE,"in-dsl.net",3,1
"in-vpn.net",PRIVATE,"*.in-vpn.net",3,1
"in-vpn.net",PRIVATE,"in-vpn.net",3,1
"in-dsl.org",PRIVATE,"*.in-dsl.org",3,1
"in-dsl.org",PRIVATE,"in-dsl.org",3,1
"in-vpn.org",PRIVATE,"*.in-vpn.org",3,1
"in-vpn.org",PRIVATE,"in-vpn.org",3,1
"oninferno.net",PRIVATE,"*.oninferno.net",3,1
"oninferno.net",PRIVATE,"oninferno.net",3,1
"biz.at",PRIVATE,"*.biz.at",3,1
"biz.at",PRIVATE,"biz.at",3,1
"info.at",PRIVATE,"*.info.at",3,1
"info.at",PRIVATE,"info.at",3,1
"info.cx",PRIVATE,"*.info.cx",3,1
"info.cx",PRIVATE,"info.cx",3,1
"pixolino.com",PRIVATE,"*.pixolino.com",3,1
"pixolino.com",PRIVATE,"pixolino.com",3,1
"na4u.ru",PRIVATE,"*.na4u.ru",3,1
"na4u.ru",PRIVATE,"na4u.ru",3,1
"botdash.app",PRIVATE,"*.botdash.app",3,1
"botdash.app",PRIVATE,"botdash.app",3,1
"botdash.dev",PRIVATE,"*.botdash.dev",3,1
"botdash.dev",PRIVATE,"botdash.dev",3,1
"botdash.gg",PRIVATE,"*.botdash.gg",3,1
"botdash.gg",PRIVATE,"botdash.gg",3,1
"botdash.net",PRIVATE,"*.botdash.net",3,1
"botdash.net",PRIVATE,"botdash.net",3,1
"botda.sh",PRIVATE,"*.botda.sh",3,1
"botda.sh",PRIVATE,"botda.sh",3,1
"botdash.xyz",PRIVATE,"*.botdash.xyz",3,1
"botdash.xyz",PRIVATE,"botdash.xyz",3,1
"apps-1and1.com",PRIVATE,"*.apps-1and1.com",3,1
"apps-1and1.com",PRIVATE,"apps-1and1.com",3,1
"live-website.com",PRIVATE,"*.live-website.com",3,1
"live-website.com",PRIVATE,"live-website.com",3,1
"webspace-host.com",PRIVATE,"*.webspace-host.com",3,1
"webspace-host.com",PRIVATE,"webspace-host.com",3,1
"apps-1and1.net",PRIVATE,"*.apps-1and1.net",3,1
"apps-1and1.net",PRIVATE,"apps-1and1.net",3,1
"websitebuilder.online",PRIVATE,"*.websitebuilder.online",3,1
"websitebuilder.online",PRIVATE,"websitebuilder.online",3,1
"app-ionos.space",PRIVATE,"*.app-ionos.space",3,1
"app-ionos.space",PRIVATE,"app-ionos.space",3,1
"iopsys.se",PRIVATE,"*.iopsys.se",3,1
"iopsys.se",PRIVATE,"iopsys.se",3,1
"*.inbrowser.dev",PRIVATE,"*.inbrowser.dev",4,1
"*.inbrowser.dev",PRIVATE,"inbrowser.dev",4,1
"*.dweb.link",PRIVATE,"*.dweb.link",4,1
"*.dweb.link",PRIVATE,"dweb.link",4,1
"*.inbrowser.link",PRIVATE,"*.inbrowser.link",4,1
"*.inbrowser.link",PRIVATE,"inbrowser.link",4,1
"ipifony.net",PRIVATE,"*.ipifony.net",3,1
"ipifony.net",PRIVATE,"ipifony.net",3,1
"ir.md",PRIVATE,"*.ir.md",3,1
"ir.md",PRIVATE,"ir.md",3,1
"is-a-good.dev",PRIVATE,"*.is-a-good.dev",3,1
"is-a-good.dev",PRIVATE,"is-a-good.dev",3,1
"iservschule.de",PRIVATE,"*.iservschule.de",3,1
"iservschule.de",PRIVATE,"iservschule.de",3,1
"mein-iserv.de",PRIVATE,"*.mein-iserv.de",3,1
"mein-iserv.de",PRIVATE,"mein-iserv.de",3,1
"schuldock.de",PRIVATE,"*.schuldock.de",3,1
"schuldock.de",PRIVATE,"schuldock.de",3,1
"schulplattform.de",PRIVATE,"*.schulplattform.de",3,1
"schulplattform.de",PRIVATE,"schulplattform.de",3,1
"schulserver.de",PRIVATE,"*.schulserver.de",3,1
"schulserver.de",PRIVATE,"schulserver.de",3,1
"test-iserv.de",PRIVATE,"*.test-iserv.de",3,1
"test-iserv.de",PRIVATE,"test-iserv.de",3,1
"iserv.dev",PRIVATE,"*.iserv.dev",3,1
"iserv.dev",PRIVATE,"iserv.dev",3,1
"iserv.host",PRIVATE,"*.iserv.host",3,1
"iserv.host",PRIVATE,"iserv.host",3,1
"diadem.cloud",PRIVATE,"*.diadem.cloud",3,1
"diadem.cloud",PRIVATE,"diadem.cloud",3,1
"jele.cloud",PRIVATE,"*.jele.cloud",3,1
"jele.cloud",PRIVATE,"jele.cloud",3,1
"keliweb.cloud",PRIVATE,"*.keliweb.cloud",3,1
"keliweb.cloud",PRIVATE,"keliweb.cloud",3,1
"oxa.cloud",PRIVATE,"*.oxa.cloud",3,1
"oxa.cloud",PRIVATE,"oxa.cloud",3,1
"primetel.cloud",PRIVATE,"*.primetel.cloud",3,1
"primetel.cloud",PRIVATE,"primetel.cloud",3,1
"jele.club",PRIVATE,"*.jele.club",3,1
"jele.club",PRIVATE,"jele.club",3,1
"dopaas.com",PRIVATE,"*.dopaas.com",3,1
"dopaas.com",PRIVATE,"dopaas.com",3,1
"jele.host",PRIVATE,"*.jele.host",3,1
"jele.host",PRIVATE,"jele.host",3,1
"mircloud.host",PRIVATE,"*.mircloud.host",3,1
"mircloud.host",PRIVATE,"mircloud.host",3,1
"jele.io",PRIVATE,"*.jele.io",3,1
"jele.io",PRIVATE,"jele.io",3,1
"jcloud.kz",PRIVATE,"*.jcloud.kz",3,1
"jcloud.kz",PRIVATE,"jcloud.kz",3,1
"cloudjiffy.net",PRIVATE,"*.cloudjiffy.net",3,1
"cloudjiffy.net",PRIVATE,"cloudjiffy.net",3,1
"sdscloud.pl",PRIVATE,"*.sdscloud.pl",3,1
"sdscloud.pl",PRIVATE,"sdscloud.pl",3,1
"unicloud.pl",PRIVATE,"*.unicloud.pl",3,1
"unicloud.pl",PRIVATE,"unicloud.pl",3,1
"mircloud.ru",PRIVATE,"*.mircloud.ru",3,1
"mircloud.ru",PRIVATE,"mircloud.ru",3,1
"enscaled.sg",PRIVATE,"*.enscaled.sg",3,1
"enscaled.sg",PRIVATE,"enscaled.sg",3,1
"jele.site",PRIVATE,"*.jele.site",3,1
"jele.site",PRIVATE,"jele.site",3,1
"jelastic.team",PRIVATE,"*.jelastic.team",3,1
"jelastic.team",PRIVATE,"jelastic.team",3,1
"orangecloud.tn",PRIVATE,"*.orangecloud.tn",3,1
"orangecloud.tn",PRIVATE,"orangecloud.tn",3,1
"mircloud.us",PRIVATE,"*.mircloud.us",3,1
"mircloud.us",PRIVATE,"mircloud.us",3,1
"myjino.ru",PRIVATE,"*.myjino.ru",3,1
"myjino.ru",PRIVATE,"myjino.ru",3,1
"jote.cloud",PRIVATE,"*.jote.cloud",3,1
"jote.cloud",PRIVATE,"jote.cloud",3,1
"jotelulu.cloud",PRIVATE,"*.jotelulu.cloud",3,1
"jotelulu.cloud",PRIVATE,"jotelulu.cloud",3,1
"jote-dr-lt1.com",PRIVATE,"*.jote-dr-lt1.com",3,1
"jote-dr-lt1.com",PRIVATE,"jote-dr-lt1.com",3,1
"jote-rd-lt1.com",PRIVATE,"*.jote-rd-lt1.com",3,1
"jote-rd-lt1.com",PRIVATE,"jote-rd-lt1.com",3,1
"webadorsite.com",PRIVATE,"*.webadorsite.com",3,1
"webadorsite.com",PRIVATE,"webadorsite.com",3,1
"jouwweb.site",PRIVATE,"*.jouwweb.site",3,1
"jouwweb.site",PRIVATE,"jouwweb.site",3,1
"*.triton.zone",PRIVATE,"*.triton.zone",4,1
"*.triton.zone",PRIVATE,"triton.zone",4,1
"js.org",PRIVATE,"*.js.org",3,1
"js.org",PRIVATE,"js.org",3,1
"kaas.gg",PRIVATE,"*.kaas.gg",3,1
"kaas.gg",PRIVATE,"kaas.gg",3,1
"khplay.nl",PRIVATE,"*.khplay.nl",3,1
"khplay.nl",PRIVATE,"khplay.nl",3,1
"kapsi.fi",PRIVATE,"*.kapsi.fi",3,1
"kapsi.fi",PRIVATE,"kapsi.fi",3,1
"kuleuven.cloud",PRIVATE,"*.kuleuven.cloud",3,1
"kuleuven.cloud",PRIVATE,"kuleuven.cloud",3,1
"keymachine.de",PRIVATE,"*.keymachine.de",3,1
"keymachine.de",PRIVATE,"keymachine.de",3,1
"kinghost.net",PRIVATE,"*.kinghost.net",3,1
"kinghost.net",PRIVATE,"kinghost.net",3,1
"uni5.net",PRIVATE,"*.uni5.net",3,1
"uni5.net",PRIVATE,"uni5.net",3,1
"knightpoint.systems",PRIVATE,"*.knightpoint.systems",3,1
"knightpoint.systems",PRIVATE,"knightpoint.systems",3,1
"koobin.events",PRIVATE,"*.koobin.events",3,1
"koobin.events",PRIVATE,"koobin.events",3,1
"webthings.io",PRIVATE,"*.webthings.io",3,1
"webthings.io",PRIVATE,"webthings.io",3,1
"krellian.net",PRIVATE,"*.krellian.net",3,1
"krellian.net",PRIVATE,"krellian.net",3,1
"oya.to",PRIVATE,"*.oya.to",3,1
"oya.to",PRIVATE,"oya.to",3,1
"co.de",PRIVATE,"*.co.de",3,1
"co.de",PRIVATE,"co.de",3,1
"laravel.cloud",PRIVATE,"*.laravel.cloud",3,1
"laravel.cloud",PRIVATE,"laravel.cloud",3,1
"on-forge.com",PRIVATE,"*.on-forge.com",3,1
"on-forge.com",PRIVATE,"on-forge.com",3,1
"on-vapor.com",PRIVATE,"*.on-vapor.com",3,1
"on-vapor.com",PRIVATE,"on-vapor.com",3,1
"git-repos.de",PRIVATE,"*.git-repos.de",3,1
"git-repos.de",PRIVATE,"git-repos.de",3,1
"lcube-server.de",PRIVATE,"*.lcube-server.de",3,1
"lcube-server.de",PRIVATE,"lcube-server.de",3,1
"svn-repos.de",PRIVATE,"*.svn-repos.de",3,1
"svn-repos.de",PRIVATE,"svn-repos.de",3,1
"leadpages.co",PRIVATE,"*.leadpages.co",3,1
"leadpages.co",PRIVATE,"leadpages.co",3,1
"lpages.co",PRIVATE,"*.lpages.co",3,1
"lpages.co",PRIVATE,"lpages.co",3,1
"lpusercontent.com",PRIVATE,"*.lpusercontent.com",3,1
"lpusercontent.com",PRIVATE,"lpusercontent.com",3,1
"leapcell.app",PRIVATE,"*.leapcell.app",3,1
"leapcell.app",PRIVATE,"leapcell.app",3,1
"leapcell.dev",PRIVATE,"*.leapcell.dev",3,1
"leapcell.dev",PRIVATE,"leapcell.dev",3,1
"leapcell.online",PRIVATE,"*.leapcell.online",3,1
"leapcell.online",PRIVATE,"leapcell.online",3,1
"liara.run",PRIVATE,"*.liara.run",3,1
"liara.run",PRIVATE,"liara.run",3,1
"libp2p.direct",PRIVATE,"*.libp2p.direct",3,1
"libp2p.direct",PRIVATE,"libp2p.direct",3,1
"runcontainers.dev",PRIVATE,"*.runcontainers.dev",3,1
"runcontainers.dev",PRIVATE,"runcontainers.dev",3,1
"co.business",PRIVATE,"*.co.business",3,1
"co.business",PRIVATE,"co.business",3,1
"co.education",PRIVATE,"*.co.education",3,1
"co.education",PRIVATE,"co.education",3,1
"co.events",PRIVATE,"*.co.events",3,1
"co.events",PRIVATE,"co.events",3,1
"co.financial",PRIVATE,"*.co.financial",3,1
"co.financial",PRIVATE,"co.financial",3,1
"co.network",PRIVATE,"*.co.network",3,1
"co.network",PRIVATE,"co.network",3,1
"co.place",PRIVATE,"*.co.place",3,1
"co.place",PRIVATE,"co.place",3,1
"co.technology",PRIVATE,"*.co.technology",3,1
"co.technology",PRIVATE,"co.technology",3,1
"linkyard-cloud.ch",PRIVATE,"*.linkyard-cloud.ch",3,1
"linkyard-cloud.ch",PRIVATE,"linkyard-cloud.ch",3,1
"linkyard.cloud",PRIVATE,"*.linkyard.cloud",3,1
"linkyard.cloud",PRIVATE,"linkyard.cloud",3,1
"*.linodeobjects.com",PRIVATE,"*.linodeobjects.com",4,1
"*.linodeobjects.com",PRIVATE,"linodeobjects.com",4,1
"we.bs",PRIVATE,"*.we.bs",3,1
"we.bs",PRIVATE,"we.bs",3,1
"filegear-sg.me",PRIVATE,"*.filegear-sg.me",3,1
"filegear-sg.me",PRIVATE,"filegear-sg.me",3,1
"ggff.net",PRIVATE,"*.ggff.net",3,1
"ggff.net",PRIVATE,"ggff.net",3,1
"localtonet.com",PRIVATE,"*.localtonet.com",3,1
"localtonet.com",PRIVATE,"localtonet.com",3,1
"*.localto.net",PRIVATE,"*.localto.net",4,1
"*.localto.net",PRIVATE,"localto.net",4,1
"lodz.pl",PRIVATE,"*.lodz.pl",3,1
"lodz.pl",PRIVATE,"lodz.pl",3,1
"pabianice.pl",PRIVATE,"*.pabianice.pl",3,1
"pabianice.pl",PRIVATE,"pabianice.pl",3,1
"plock.pl",PRIVATE,"*.plock.pl",3,1
"plock.pl",PRIVATE,"plock.pl",3,1
"sieradz.pl",PRIVATE,"*.sieradz.pl",3,1
"sieradz.pl",PRIVATE,"sieradz.pl",3,1
"skierniewice.pl",PRIVATE,"*.skierniewice.pl",3,1
"skierniewice.pl",PRIVATE,"skierniewice.pl",3,1
"zgierz.pl",PRIVATE,"*.zgierz.pl",3,1
"zgierz.pl",PRIVATE,"zgierz.pl",3,1
"loginline.app",PRIVATE,"*.loginline.app",3,1
"loginline.app",PRIVATE,"loginline.app",3,1
"loginline.dev",PRIVATE,"*.loginline.dev",3,1
"loginline.dev",PRIVATE,"loginline.dev",3,1
"loginline.io",PRIVATE,"*.loginline.io",3,1
"loginline.io",PRIVATE,"loginline.io",3,1
"loginline.services",PRIVATE,"*.loginline.services",3,1
"loginline.services",PRIVATE,"loginline.services",3,1
"loginline.site",PRIVATE,"*.loginline.site",3,1
"loginline.site",PRIVATE,"loginline.site",3,1
"lohmus.me",PRIVATE,"*.lohmus.me",3,1
"lohmus.me",PRIVATE,"lohmus.me",3,1
"lovable.app",PRIVATE,"*.lovable.app",3,1
"lovable.app",PRIVATE,"lovable.app",3,1
"lovableproject.com",PRIVATE,"*.lovableproject.com",3,1
"lovableproject.com",PRIVATE,"lovableproject.com",3,1
"lovable.run",PRIVATE,"*.lovable.run",3,1
"lovable.run",PRIVATE,"lovable.run",3,1
"lovable.sh",PRIVATE,"*.lovable.sh",3,1
"lovable.sh",PRIVATE,"lovable.sh",3,1
"krasnik.pl",PRIVATE,"*.krasnik.pl",3,1
"krasnik.pl",PRIVATE,"krasnik.pl",3,1
"leczna.pl",PRIVATE,"*.leczna.pl",3,1
"leczna.pl",PRIVATE,"leczna.pl",3,1
"lubartow.pl",PRIVATE,"*.lubartow.pl",3,1
"lubartow.pl",PRIVATE,"lubartow.pl",3,1
"lublin.pl",PRIVATE,"*.lublin.pl",3,1
"lublin.pl",PRIVATE,"lublin.pl",3,1
"poniatowa.pl",PRIVATE,"*.poniatowa.pl",3,1
"poniatowa.pl",PRIVATE,"poniatowa.pl",3,1
"swidnik.pl",PRIVATE,"*.swidnik.pl",3,1
"swidnik.pl",PRIVATE,"swidnik.pl",3,1
"barsy.bg",PRIVATE,"*.barsy.bg",3,1
"barsy.bg",PRIVATE,"barsy.bg",3,1
"barsy.club",PRIVATE,"*.barsy.club",3,1
"barsy.club",PRIVATE,"barsy.club",3,1
"barsycenter.com",PRIVATE,"*.barsycenter.com",3,1
"barsycenter.com",PRIVATE,"barsycenter.com",3,1
"barsyonline.com",PRIVATE,"*.barsyonline.com",3,1
"barsyonline.com",PRIVATE,"barsyonline.com",3,1
"barsy.de",PRIVATE,"*.barsy.de",3,1
"barsy.de",PRIVATE,"barsy.de",3,1
"barsy.dev",PRIVATE,"*.barsy.dev",3,1
"barsy.dev",PRIVATE,"barsy.dev",3,1
"barsy.eu",PRIVATE,"*.barsy.eu",3,1
"barsy.eu",PRIVATE,"barsy.eu",3,1
"barsy.gr",PRIVATE,"*.barsy.gr",3,1
"barsy.gr",PRIVATE,"barsy.gr",3,1
"barsy.in",PRIVATE,"*.barsy.in",3,1
"barsy.in",PRIVATE,"barsy.in",3,1
"barsy.info",PRIVATE,"*.barsy.info",3,1
"barsy.info",PRIVATE,"barsy.info",3,1
"barsy.io",PRIVATE,"*.barsy.io",3,1
"barsy.io",PRIVATE,"barsy.io",3,1
"barsy.me",PRIVATE,"*.barsy.me",3,1
"barsy.me",PRIVATE,"barsy.me",3,1
"barsy.menu",PRIVATE,"*.barsy.menu",3,1
"barsy.menu",PRIVATE,"barsy.menu",3,1
"barsyonline.menu",PRIVATE,"*.barsyonline.menu",3,1
"barsyonline.menu",PRIVATE,"barsyonline.menu",3,1
"barsy.mobi",PRIVATE,"*.barsy.mobi",3,1
"barsy.mobi",PRIVATE,"barsy.mobi",3,1
"barsy.net",PRIVATE,"*.barsy.net",3,1
"barsy.net",PRIVATE,"barsy.net",3,1
"barsy.online",PRIVATE,"*.barsy.online",3,1
"barsy.online",PRIVATE,"barsy.online",3,1
"barsy.org",PRIVATE,"*.barsy.org",3,1
"barsy.org",PRIVATE,"barsy.org",3,1
"barsy.pro",PRIVATE,"*.barsy.pro",3,1
"barsy.pro",PRIVATE,"barsy.pro",3,1
"barsy.pub",PRIVATE,"*.barsy.pub",3,1
"barsy.pub",PRIVATE,"barsy.pub",3,1
"barsy.ro",PRIVATE,"*.barsy.ro",3,1
"barsy.ro",PRIVATE,"barsy.ro",3,1
"barsy.rs",PRIVATE,"*.barsy.rs",3,1
"barsy.rs",PRIVATE,"barsy.rs",3,1
"barsy.shop",PRIVATE,"*.barsy.shop",3,1
"barsy.shop",PRIVATE,"barsy.shop",3,1
"barsyonline.shop",PRIVATE,"*.barsyonline.shop",3,1
"barsyonline.shop",PRIVATE,"barsyonline.shop",3,1
"barsy.site",PRIVATE,"*.barsy.site",3,1
"barsy.site",PRIVATE,"barsy.site",3,1
"barsy.store",PRIVATE,"*.barsy.store",3,1
"barsy.store",PRIVATE,"barsy.store",3,1
"barsy.support",PRIVATE,"*.barsy.support",3,1
"barsy.support",PRIVATE,"barsy.support",3,1
"barsy.uk",PRIVATE,"*.barsy.uk",3,1
"barsy.uk",PRIVATE,"barsy.uk",3,1
"*.lutrausercontent.com",PRIVATE,"*.lutrausercontent.com",4,1
"*.lutrausercontent.com",PRIVATE,"lutrausercontent.com",4,1
"luyani.app",PRIVATE,"*.luyani.app",3,1
"luyani.app",PRIVATE,"luyani.app",3,1
"luyani.net",PRIVATE,"*.luyani.net",3,1
"luyani.net",PRIVATE,"luyani.net",3,1
"*.magentosite.cloud",PRIVATE,"*.magentosite.cloud",4,1
"*.magentosite.cloud",PRIVATE,"magentosite.cloud",4,1
"matlab.cloud",PRIVATE,"*.matlab.cloud",3,1
"matlab.cloud",PRIVATE,"matlab.cloud",3,1
"modelscape.com",PRIVATE,"*.modelscape.com",3,1
"modelscape.com",PRIVATE,"modelscape.com",3,1
"mwcloudnonprod.com",PRIVATE,"*.mwcloudnonprod.com",3,1
"mwcloudnonprod.com",PRIVATE,"mwcloudnonprod.com",3,1
"polyspace.com",PRIVATE,"*.polyspace.com",3,1
"polyspace.com",PRIVATE,"polyspace.com",3,1
"mayfirst.info",PRIVATE,"*.mayfirst.info",3,1
"mayfirst.info",PRIVATE,"mayfirst.info",3,1
"mayfirst.org",PRIVATE,"*.mayfirst.org",3,1
"mayfirst.org",PRIVATE,"mayfirst.org",3,1
"mazeplay.com",PRIVATE,"*.mazeplay.com",3,1
"mazeplay.com",PRIVATE,"mazeplay.com",3,1
"mcdir.me",PRIVATE,"*.mcdir.me",3,1
"mcdir.me",PRIVATE,"mcdir.me",3,1
"mcdir.ru",PRIVATE,"*.mcdir.ru",3,1
"mcdir.ru",PRIVATE,"mcdir.ru",3,1
"mcpre.ru",PRIVATE,"*.mcpre.ru",3,1
"mcpre.ru",PRIVATE,"mcpre.ru",3,1
"mediatech.by",PRIVATE,"*.mediatech.by",3,1
"mediatech.by",PRIVATE,"mediatech.by",3,1
"mediatech.dev",PRIVATE,"*.mediatech.dev",3,1
"mediatech.dev",PRIVATE,"mediatech.dev",3,1
"hra.health",PRIVATE,"*.hra.health",3,1
"hra.health",PRIVATE,"hra.health",3,1
"medusajs.app",PRIVATE,"*.medusajs.app",3,1
"medusajs.app",PRIVATE,"medusajs.app",3,1
"miniserver.com",PRIVATE,"*.miniserver.com",3,1
"miniserver.com",PRIVATE,"miniserver.com",3,1
"memset.net",PRIVATE,"*.memset.net",3,1
"memset.net",PRIVATE,"memset.net",3,1
"messerli.app",PRIVATE,"*.messerli.app",3,1
"messerli.app",PRIVATE,"messerli.app",3,1
"atmeta.com",PRIVATE,"*.atmeta.com",3,1
"atmeta.com",PRIVATE,"atmeta.com",3,1
"meteorapp.com",PRIVATE,"*.meteorapp.com",3,1
"meteorapp.com",PRIVATE,"meteorapp.com",3,1
"co.pl",PRIVATE,"*.co.pl",3,1
"co.pl",PRIVATE,"co.pl",3,1
"*.azurecontainer.io",PRIVATE,"*.azurecontainer.io",4,1
"*.azurecontainer.io",PRIVATE,"azurecontainer.io",4,1
"azure-api.net",PRIVATE,"*.azure-api.net",3,1
"azure-api.net",PRIVATE,"azure-api.net",3,1
"azure-mobile.net",PRIVATE,"*.azure-mobile.net",3,1
"azure-mobile.net",PRIVATE,"azure-mobile.net",3,1
"azureedge.net",PRIVATE,"*.azureedge.net",3,1
"azureedge.net",PRIVATE,"azureedge.net",3,1
"azurefd.net",PRIVATE,"*.azurefd.net",3,1
"azurefd.net",PRIVATE,"azurefd.net",3,1
"azurestaticapps.net",PRIVATE,"*.azurestaticapps.net",3,1
"azurestaticapps.net",PRIVATE,"azurestaticapps.net",3,1
"azurewebsites.net",PRIVATE,"*.azurewebsites.net",3,1
"azurewebsites.net",PRIVATE,"azurewebsites.net",3,1
"cloudapp.net",PRIVATE,"*.cloudapp.net",3,1
"cloudapp.net",PRIVATE,"cloudapp.net",3,1
"trafficmanager.net",PRIVATE,"*.trafficmanager.net",3,1
"trafficmanager.net",PRIVATE,"trafficmanager.net",3,1
"routingthecloud.com",PRIVATE,"*.routingthecloud.com",3,1
"routingthecloud.com",PRIVATE,"routingthecloud.com",3,1
"routingthecloud.net",PRIVATE,"*.routingthecloud.net",3,1
"routingthecloud.net",PRIVATE,"routingthecloud.net",3,1
"routingthecloud.org",PRIVATE,"*.routingthecloud.org",3,1
"routingthecloud.org",PRIVATE,"routingthecloud.org",3,1
"same-app.com",PRIVATE,"*.same-app.com",3,1
"same-app.com",PRIVATE,"same-app.com",3,1
"same-preview.com",PRIVATE,"*.same-preview.com",3,1
"same-preview.com",PRIVATE,"same-preview.com",3,1
"csx.cc",PRIVATE,"*.csx.cc",3,1
"csx.cc",PRIVATE,"csx.cc",3,1
"mydbserver.com",PRIVATE,"*.mydbserver.com",3,1
"mydbserver.com",PRIVATE,"mydbserver.com",3,1
"webspaceconfig.de",PRIVATE,"*.webspaceconfig.de",3,1
"webspaceconfig.de",PRIVATE,"webspaceconfig.de",3,1
"mittwald.info",PRIVATE,"*.mittwald.info",3,1
"mittwald.info",PRIVATE,"mittwald.info",3,1
"mittwaldserver.info",PRIVATE,"*.mittwaldserver.info",3,1
"mittwaldserver.info",PRIVATE,"mittwaldserver.info",3,1
"typo3server.info",PRIVATE,"*.typo3server.info",3,1
"typo3server.info",PRIVATE,"typo3server.info",3,1
"project.space",PRIVATE,"*.project.space",3,1
"project.space",PRIVATE,"project.space",3,1
"modx.dev",PRIVATE,"*.modx.dev",3,1
"modx.dev",PRIVATE,"modx.dev",3,1
"bmoattachments.org",PRIVATE,"*.bmoattachments.org",3,1
"bmoattachments.org",PRIVATE,"bmoattachments.org",3,1
"net.ru",PRIVATE,"*.net.ru",3,1
"net.ru",PRIVATE,"net.ru",3,1
"org.ru",PRIVATE,"*.org.ru",3,1
"org.ru",PRIVATE,"org.ru",3,1
"pp.ru",PRIVATE,"*.pp.ru",3,1
"pp.ru",PRIVATE,"pp.ru",3,1
"hostedpi.com",PRIVATE,"*.hostedpi.com",3,1
"hostedpi.com",PRIVATE,"hostedpi.com",3,1
"netlib.re",PRIVATE,"*.netlib.re",3,1
"netlib.re",PRIVATE,"netlib.re",3,1
"netfy.app",PRIVATE,"*.netfy.app",3,1
"netfy.app",PRIVATE,"netfy.app",3,1
"netlify.app",PRIVATE,"*.netlify.app",3,1
"netlify.app",PRIVATE,"netlify.app",3,1
"4u.com",PRIVATE,"*.4u.com",3,1
"4u.com",PRIVATE,"4u.com",3,1
"nfshost.com",PRIVATE,"*.nfshost.com",3,1
"nfshost.com",PRIVATE,"nfshost.com",3,1
"ngo.us",PRIVATE,"*.ngo.us",3,1
"ngo.us",PRIVATE,"ngo.us",3,1
"ngrok.app",PRIVATE,"*.ngrok.app",3,1
"ngrok.app",PRIVATE,"ngrok.app",3,1
"ngrok-free.app",PRIVATE,"*.ngrok-free.app",3,1
"ngrok-free.app",PRIVATE,"ngrok-free.app",3,1
"ngrok.dev",PRIVATE,"*.ngrok.dev",3,1
"ngrok.dev",PRIVATE,"ngrok.dev",3,1
"ngrok-free.dev",PRIVATE,"*.ngrok-free.dev",3,1
"ngrok-free.dev",PRIVATE,"ngrok-free.dev",3,1
"ngrok.io",PRIVATE,"*.ngrok.io",3,1
"ngrok.io",PRIVATE,"ngrok.io",3,1
"ngrok.pizza",PRIVATE,"*.ngrok.pizza",3,1
"ngrok.pizza",PRIVATE,"ngrok.pizza",3,1
"ngrok.pro",PRIVATE,"*.ngrok.pro",3,1
"ngrok.pro",PRIVATE,"ngrok.pro",3,1
"torun.pl",PRIVATE,"*.torun.pl",3,1
"torun.pl",PRIVATE,"torun.pl",3,1
"nimsite.uk",PRIVATE,"*.nimsite.uk",3,1
"nimsite.uk",PRIVATE,"nimsite.uk",3,1
"mmafan.biz",PRIVATE,"*.mmafan.biz",3,1
"mmafan.biz",PRIVATE,"mmafan.biz",3,1
"myftp.biz",PRIVATE,"*.myftp.biz",3,1
"myftp.biz",PRIVATE,"myftp.biz",3,1
"no-ip.biz",PRIVATE,"*.no-ip.biz",3,1
"no-ip.biz",PRIVATE,"no-ip.biz",3,1
"no-ip.ca",PRIVATE,"*.no-ip.ca",3,1
"no-ip.ca",PRIVATE,"no-ip.ca",3,1
"fantasyleague.cc",PRIVATE,"*.fantasyleague.cc",3,1
"fantasyleague.cc",PRIVATE,"fantasyleague.cc",3,1
"gotdns.ch",PRIVATE,"*.gotdns.ch",3,1
"gotdns.ch",PRIVATE,"gotdns.ch",3,1
"3utilities.com",PRIVATE,"*.3utilities.com",3,1
"3utilities.com",PRIVATE,"3utilities.com",3,1
"blogsyte.com",PRIVATE,"*.blogsyte.com",3,1
"blogsyte.com",PRIVATE,"blogsyte.com",3,1
"ciscofreak.com",PRIVATE,"*.ciscofreak.com",3,1
"ciscofreak.com",PRIVATE,"ciscofreak.com",3,1
"damnserver.com",PRIVATE,"*.damnserver.com",3,1
"damnserver.com",PRIVATE,"damnserver.com",3,1
"ddnsking.com",PRIVATE,"*.ddnsking.com",3,1
"ddnsking.com",PRIVATE,"ddnsking.com",3,1
"ditchyourip.com",PRIVATE,"*.ditchyourip.com",3,1
"ditchyourip.com",PRIVATE,"ditchyourip.com",3,1
"dnsiskinky.com",PRIVATE,"*.dnsiskinky.com",3,1
"dnsiskinky.com",PRIVATE,"dnsiskinky.com",3,1
"dynns.com",PRIVATE,"*.dynns.com",3,1
"dynns.com",PRIVATE,"dynns.com",3,1
"geekgalaxy.com",PRIVATE,"*.geekgalaxy.com",3,1
"geekgalaxy.com",PRIVATE,"geekgalaxy.com",3,1
"health-carereform.com",PRIVATE,"*.health-carereform.com",3,1
"health-carereform.com",PRIVATE,"health-carereform.com",3,1
"homesecuritymac.com",PRIVATE,"*.homesecuritymac.com",3,1
"homesecuritymac.com",PRIVATE,"homesecuritymac.com",3,1
"homesecuritypc.com",PRIVATE,"*.homesecuritypc.com",3,1
"homesecuritypc.com",PRIVATE,"homesecuritypc.com",3,1
"myactivedirectory.com",PRIVATE,"*.myactivedirectory.com",3,1
"myactivedirectory.com",PRIVATE,"myactivedirectory.com",3,1
"mysecuritycamera.com",PRIVATE,"*.mysecuritycamera.com",3,1
"mysecuritycamera.com",PRIVATE,"mysecuritycamera.com",3,1
"myvnc.com",PRIVATE,"*.myvnc.com",3,1
"myvnc.com",PRIVATE,"myvnc.com",3,1
"net-freaks.com",PRIVATE,"*.net-freaks.com",3,1
"net-freaks.com",PRIVATE,"net-freaks.com",3,1
"onthewifi.com",PRIVATE,"*.onthewifi.com",3,1
"onthewifi.com",PRIVATE,"onthewifi.com",3,1
"point2this.com",PRIVATE,"*.point2this.com",3,1
"point2this.com",PRIVATE,"point2this.com",3,1
"quicksytes.com",PRIVATE,"*.quicksytes.com",3,1
"quicksytes.com",PRIVATE,"quicksytes.com",3,1
"securitytactics.com",PRIVATE,"*.securitytactics.com",3,1
"securitytactics.com",PRIVATE,"securitytactics.com",3,1
"servebeer.com",PRIVATE,"*.servebeer.com",3,1
"servebeer.com",PRIVATE,"servebeer.com",3,1
"servecounterstrike.com",PRIVATE,"*.servecounterstrike.com",3,1
"servecounterstrike.com",PRIVATE,"servecounterstrike.com",3,1
"serveexchange.com",PRIVATE,"*.serveexchange.com",3,1
"serveexchange.com",PRIVATE,"serveexchange.com",3,1
"serveftp.com",PRIVATE,"*.serveftp.com",3,1
"serveftp.com",PRIVATE,"serveftp.com",3,1
"servegame.com",PRIVATE,"*.servegame.com",3,1
"servegame.com",PRIVATE,"servegame.com",3,1
"servehalflife.com",PRIVATE,"*.servehalflife.com",3,1
"servehalflife.com",PRIVATE,"servehalflife.com",3,1
"servehttp.com",PRIVATE,"*.servehttp.com",3,1
"servehttp.com",PRIVATE,"servehttp.com",3,1
"servehumour.com",PRIVATE,"*.servehumour.com",3,1
"servehumour.com",PRIVATE,"servehumour.com",3,1
"serveirc.com",PRIVATE,"*.serveirc.com",3,1
"serveirc.com",PRIVATE,"serveirc.com",3,1
"servemp3.com",PRIVATE,"*.servemp3.com",3,1
"servemp3.com",PRIVATE,"servemp3.com",3,1
"servep2p.com",PRIVATE,"*.servep2p.com",3,1
"servep2p.com",PRIVATE,"servep2p.com",3,1
"servepics.com",PRIVATE,"*.servepics.com",3,1
"servepics.com",PRIVATE,"servepics.com",3,1
"servequake.com",PRIVATE,"*.servequake.com",3,1
"servequake.com",PRIVATE,"servequake.com",3,1
"servesarcasm.com",PRIVATE,"*.servesarcasm.com",3,1
"servesarcasm.com",PRIVATE,"servesarcasm.com",3,1
"stufftoread.com",PRIVATE,"*.stufftoread.com",3,1
"stufftoread.com",PRIVATE,"stufftoread.com",3,1
"unusualperson.com",PRIVATE,"*.unusualperson.com",3,1
"unusualperson.com",PRIVATE,"unusualperson.com",3,1
"workisboring.com",PRIVATE,"*.workisboring.com",3,1
"workisboring.com",PRIVATE,"workisboring.com",3,1
"dvrcam.info",PRIVATE,"*.dvrcam.info",3,1
"dvrcam.info",PRIVATE,"dvrcam.info",3,1
"ilovecollege.info",PRIVATE,"*.ilovecollege.info",3,1
"ilovecollege.info",PRIVATE,"ilovecollege.info",3,1
"no-ip.info",PRIVATE,"*.no-ip.info",3,1
"no-ip.info",PRIVATE,"no-ip.info",3,1
"brasilia.me",PRIVATE,"*.brasilia.me",3,1
"brasilia.me",PRIVATE,"brasilia.me",3,1
"ddns.me",PRIVATE,"*.ddns.me",3,1
"ddns.me",PRIVATE,"ddns.me",3,1
"dnsfor.me",PRIVATE,"*.dnsfor.me",3,1
"dnsfor.me",PRIVATE,"dnsfor.me",3,1
"hopto.me",PRIVATE,"*.hopto.me",3,1
"hopto.me",PRIVATE,"hopto.me",3,1
"loginto.me",PRIVATE,"*.loginto.me",3,1
"loginto.me",PRIVATE,"loginto.me",3,1
"noip.me",PRIVATE,"*.noip.me",3,1
"noip.me",PRIVATE,"noip.me",3,1
"webhop.me",PRIVATE,"*.webhop.me",3,1
"webhop.me",PRIVATE,"webhop.me",3,1
"bounceme.net",PRIVATE,"*.bounceme.net",3,1
"bounceme.net",PRIVATE,"bounceme.net",3,1
"ddns.net",PRIVATE,"*.ddns.net",3,1
"ddns.net",PRIVATE,"ddns.net",3,1
"eating-organic.net",PRIVATE,"*.eating-organic.net",3,1
"eating-organic.net",PRIVATE,"eating-organic.net",3,1
"mydissent.net",PRIVATE,"*.mydissent.net",3,1
"mydissent.net",PRIVATE,"mydissent.net",3,1
"myeffect.net",PRIVATE,"*.myeffect.net",3,1
"myeffect.net",PRIVATE,"myeffect.net",3,1
"mymediapc.net",PRIVATE,"*.mymediapc.net",3,1
"mymediapc.net",PRIVATE,"mymediapc.net",3,1
"mypsx.net",PRIVATE,"*.mypsx.net",3,1
"mypsx.net",PRIVATE,"mypsx.net",3,1
"mysecuritycamera.net",PRIVATE,"*.mysecuritycamera.net",3,1
"mysecuritycamera.net",PRIVATE,"mysecuritycamera.net",3,1
"nhlfan.net",PRIVATE,"*.nhlfan.net",3,1
"nhlfan.net",PRIVATE,"nhlfan.net",3,1
"no-ip.net",PRIVATE,"*.no-ip.net",3,1
"no-ip.net",PRIVATE,"no-ip.net",3,1
"pgafan.net",PRIVATE,"*.pgafan.net",3,1
"pgafan.net",PRIVATE,"pgafan.net",3,1
"privatizehealthinsurance.net",PRIVATE,"*.privatizehealthinsurance.net",3,1
"privatizehealthinsurance.net",PRIVATE,"privatizehealthinsurance.net",3,1
"redirectme.net",PRIVATE,"*.redirectme.net",3,1
"redirectme.net",PRIVATE,"redirectme.net",3,1
"serveblog.net",PRIVATE,"*.serveblog.net",3,1
"serveblog.net",PRIVATE,"serveblog.net",3,1
"serveminecraft.net",PRIVATE,"*.serveminecraft.net",3,1
"serveminecraft.net",PRIVATE,"serveminecraft.net",3,1
"sytes.net",PRIVATE,"*.sytes.net",3,1
"sytes.net",PRIVATE,"sytes.net",3,1
"cable-modem.org",PRIVATE,"*.cable-modem.org",3,1
"cable-modem.org",PRIVATE,"cable-modem.org",3,1
"collegefan.org",PRIVATE,"*.collegefan.org",3,1
"collegefan.org",PRIVATE,"collegefan.org",3,1
"couchpotatofries.org",PRIVATE,"*.couchpotatofries.org",3,1
"couchpotatofries.org",PRIVATE,"couchpotatofries.org",3,1
"hopto.org",PRIVATE,"*.hopto.org",3,1
"hopto.org",PRIVATE,"hopto.org",3,1
"mlbfan.org",PRIVATE,"*.mlbfan.org",3,1
"mlbfan.org",PRIVATE,"mlbfan.org",3,1
"myftp.org",PRIVATE,"*.myftp.org",3,1
"myftp.org",PRIVATE,"myftp.org",3,1
"mysecuritycamera.org",PRIVATE,"*.mysecuritycamera.org",3,1
"mysecuritycamera.org",PRIVATE,"mysecuritycamera.org",3,1
"nflfan.org",PRIVATE,"*.nflfan.org",3,1
"nflfan.org",PRIVATE,"nflfan.org",3,1
"no-ip.org",PRIVATE,"*.no-ip.org",3,1
"no-ip.org",PRIVATE,"no-ip.org",3,1
"read-books.org",PRIVATE,"*.read-books.org",3,1
"read-books.org",PRIVATE,"read-books.org",3,1
"ufcfan.org",PRIVATE,"*.ufcfan.org",3,1
"ufcfan.org",PRIVATE,"ufcfan.org",3,1
"zapto.org",PRIVATE,"*.zapto.org",3,1
"zapto.org",PRIVATE,"zapto.org",3,1
"golffan.us",PRIVATE,"*.golffan.us",3,1
"golffan.us",PRIVATE,"golffan.us",3,1
"noip.us",PRIVATE,"*.noip.us",3,1
"noip.us",PRIVATE,"noip.us",3,1
"pointto.us",PRIVATE,"*.pointto.us",3,1
"pointto.us",PRIVATE,"pointto.us",3,1
"*.developer.app",PRIVATE,"*.developer.app",4,1
"*.developer.app",PRIVATE,"developer.app",4,1
"noop.app",PRIVATE,"*.noop.app",3,1
"noop.app",PRIVATE,"noop.app",3,1
"*.northflank.app",PRIVATE,"*.northflank.app",4,1
"*.northflank.app",PRIVATE,"northflank.app",4,1
"*.build.run",PRIVATE,"*.build.run",4,1
"*.build.run",PRIVATE,"build.run",4,1
"*.code.run",PRIVATE,"*.code.run",4,1
"*.code.run",PRIVATE,"code.run",4,1
"*.database.run",PRIVATE,"*.database.run",4,1
"*.database.run",PRIVATE,"database.run",4,1
"*.migration.run",PRIVATE,"*.migration.run",4,1
"*.migration.run",PRIVATE,"migration.run",4,1
"noticeable.news",PRIVATE,"*.noticeable.news",3,1
"noticeable.news",PRIVATE,"noticeable.news",3,1
"notion.site",PRIVATE,"*.notion.site",3,1
"notion.site",PRIVATE,"notion.site",3,1
"dnsking.ch",PRIVATE,"*.dnsking.ch",3,1
"dnsking.ch",PRIVATE,"dnsking.ch",3,1
"mypi.co",PRIVATE,"*.mypi.co",3,1
"mypi.co",PRIVATE,"mypi.co",3,1
"myiphost.com",PRIVATE,"*.myiphost.com",3,1
"myiphost.com",PRIVATE,"myiphost.com",3,1
"forumz.info",PRIVATE,"*.forumz.info",3,1
"forumz.info",PRIVATE,"forumz.info",3,1
"soundcast.me",PRIVATE,"*.soundcast.me",3,1
"soundcast.me",PRIVATE,"soundcast.me",3,1
"tcp4.me",PRIVATE,"*.tcp4.me",3,1
"tcp4.me",PRIVATE,"tcp4.me",3,1
"dnsup.net",PRIVATE,"*.dnsup.net",3,1
"dnsup.net",PRIVATE,"dnsup.net",3,1
"hicam.net",PRIVATE,"*.hicam.net",3,1
"hicam.net",PRIVATE,"hicam.net",3,1
"now-dns.net",PRIVATE,"*.now-dns.net",3,1
"now-dns.net",PRIVATE,"now-dns.net",3,1
"ownip.net",PRIVATE,"*.ownip.net",3,1
"ownip.net",PRIVATE,"ownip.net",3,1
"vpndns.net",PRIVATE,"*.vpndns.net",3,1
"vpndns.net",PRIVATE,"vpndns.net",3,1
"dynserv.org",PRIVATE,"*.dynserv.org",3,1
"dynserv.org",PRIVATE,"dynserv.org",3,1
"now-dns.org",PRIVATE,"*.now-dns.org",3,1
"now-dns.org",PRIVATE,"now-dns.org",3,1
"x443.pw",PRIVATE,"*.x443.pw",3,1
"x443.pw",PRIVATE,"x443.pw",3,1
"ntdll.top",PRIVATE,"*.ntdll.top",3,1
"ntdll.top",PRIVATE,"ntdll.top",3,1
"freeddns.us",PRIVATE,"*.freeddns.us",3,1
"freeddns.us",PRIVATE,"freeddns.us",3,1
"nsupdate.info",PRIVATE,"*.nsupdate.info",3,1
"nsupdate.info",PRIVATE,"nsupdate.info",3,1
"nerdpol.ovh",PRIVATE,"*.nerdpol.ovh",3,1
"nerdpol.ovh",PRIVATE,"nerdpol.ovh",3,1
"nyc.mn",PRIVATE,"*.nyc.mn",3,1
"nyc.mn",PRIVATE,"nyc.mn",3,1
"prvcy.page",PRIVATE,"*.prvcy.page",3,1
"prvcy.page",PRIVATE,"prvcy.page",3,1
"obl.ong",PRIVATE,"*.obl.ong",3,1
"obl.ong",PRIVATE,"obl.ong",3,1
"observablehq.cloud",PRIVATE,"*.observablehq.cloud",3,1
"observablehq.cloud",PRIVATE,"observablehq.cloud",3,1
"omg.lol",PRIVATE,"*.omg.lol",3,1
"omg.lol",PRIVATE,"omg.lol",3,1
"cloudycluster.net",PRIVATE,"*.cloudycluster.net",3,1
"cloudycluster.net",PRIVATE,"cloudycluster.net",3,1
"omniwe.site",PRIVATE,"*.omniwe.site",3,1
"omniwe.site",PRIVATE,"omniwe.site",3,1
"123webseite.at",PRIVATE,"*.123webseite.at",3,1
"123webseite.at",PRIVATE,"123webseite.at",3,1
"123website.be",PRIVATE,"*.123website.be",3,1
"123website.be",PRIVATE,"123website.be",3,1
"123website.ch",PRIVATE,"*.123website.ch",3,1
"123website.ch",PRIVATE,"123website.ch",3,1
"simplesite.com",PRIVATE,"*.simplesite.com",3,1
"simplesite.com",PRIVATE,"simplesite.com",3,1
"123webseite.de",PRIVATE,"*.123webseite.de",3,1
"123webseite.de",PRIVATE,"123webseite.de",3,1
"123hjemmeside.dk",PRIVATE,"*.123hjemmeside.dk",3,1
"123hjemmeside.dk",PRIVATE,"123hjemmeside.dk",3,1
"123miweb.es",PRIVATE,"*.123miweb.es",3,1
"123miweb.es",PRIVATE,"123miweb.es",3,1
"123kotisivu.fi",PRIVATE,"*.123kotisivu.fi",3,1
"123kotisivu.fi",PRIVATE,"123kotisivu.fi",3,1
"123siteweb.fr",PRIVATE,"*.123siteweb.fr",3,1
"123siteweb.fr",PRIVATE,"123siteweb.fr",3,1
"simplesite.gr",PRIVATE,"*.simplesite.gr",3,1
"simplesite.gr",PRIVATE,"simplesite.gr",3,1
"123homepage.it",PRIVATE,"*.123homepage.it",3,1
"123homepage.it",PRIVATE,"123homepage.it",3,1
"123website.lu",PRIVATE,"*.123website.lu",3,1
"123website.lu",PRIVATE,"123website.lu",3,1
"123website.nl",PRIVATE,"*.123website.nl",3,1
"123website.nl",PRIVATE,"123website.nl",3,1
"123hjemmeside.no",PRIVATE,"*.123hjemmeside.no",3,1
"123hjemmeside.no",PRIVATE,"123hjemmeside.no",3,1
"service.one",PRIVATE,"*.service.one",3,1
"service.one",PRIVATE,"service.one",3,1
"simplesite.pl",PRIVATE,"*.simplesite.pl",3,1
"simplesite.pl",PRIVATE,"simplesite.pl",3,1
"123paginaweb.pt",PRIVATE,"*.123paginaweb.pt",3,1
"123paginaweb.pt",PRIVATE,"123paginaweb.pt",3,1
"123minsida.se",PRIVATE,"*.123minsida.se",3,1
"123minsida.se",PRIVATE,"123minsida.se",3,1
"onid.ca",PRIVATE,"*.onid.ca",3,1
"onid.ca",PRIVATE,"onid.ca",3,1
"is-a-fullstack.dev",PRIVATE,"*.is-a-fullstack.dev",3,1
"is-a-fullstack.dev",PRIVATE,"is-a-fullstack.dev",3,1
"is-cool.dev",PRIVATE,"*.is-cool.dev",3,1
"is-cool.dev",PRIVATE,"is-cool.dev",3,1
"is-not-a.dev",PRIVATE,"*.is-not-a.dev",3,1
"is-not-a.dev",PRIVATE,"is-not-a.dev",3,1
"localplayer.dev",PRIVATE,"*.localplayer.dev",3,1
"localplayer.dev",PRIVATE,"localplayer.dev",3,1
"is-local.org",PRIVATE,"*.is-local.org",3,1
"is-local.org",PRIVATE,"is-local.org",3,1
"opensocial.site",PRIVATE,"*.opensocial.site",3,1
"opensocial.site",PRIVATE,"opensocial.site",3,1
"*.oaiusercontent.com",PRIVATE,"*.oaiusercontent.com",4,1
"*.oaiusercontent.com",PRIVATE,"oaiusercontent.com",4,1
"opencraft.hosting",PRIVATE,"*.opencraft.hosting",3,1
"opencraft.hosting",PRIVATE,"opencraft.hosting",3,1
"16-b.it",PRIVATE,"*.16-b.it",3,1
"16-b.it",PRIVATE,"16-b.it",3,1
"32-b.it",PRIVATE,"*.32-b.it",3,1
"32-b.it",PRIVATE,"32-b.it",3,1
"64-b.it",PRIVATE,"*.64-b.it",3,1
"64-b.it",PRIVATE,"64-b.it",3,1
"orsites.com",PRIVATE,"*.orsites.com",3,1
"orsites.com",PRIVATE,"orsites.com",3,1
"operaunite.com",PRIVATE,"*.operaunite.com",3,1
"operaunite.com",PRIVATE,"operaunite.com",3,1
"*.customer-oci.com",PRIVATE,"*.customer-oci.com",4,1
"*.customer-oci.com",PRIVATE,"customer-oci.com",4,1
"*.oraclecloudapps.com",PRIVATE,"*.oraclecloudapps.com",4,1
"*.oraclecloudapps.com",PRIVATE,"oraclecloudapps.com",4,1
"*.oraclegovcloudapps.com",PRIVATE,"*.oraclegovcloudapps.com",4,1
"*.oraclegovcloudapps.com",PRIVATE,"oraclegovcloudapps.com",4,1
"*.oraclegovcloudapps.uk",PRIVATE,"*.oraclegovcloudapps.uk",4,1
"*.oraclegovcloudapps.uk",PRIVATE,"oraclegovcloudapps.uk",4,1
"tech.orange",PRIVATE,"*.tech.orange",3,1
"tech.orange",PRIVATE,"tech.orange",3,1
"can.re",PRIVATE,"*.can.re",3,1
"can.re",PRIVATE,"can.re",3,1
"authgear-staging.com",PRIVATE,"*.authgear-staging.com",3,1
"authgear-staging.com",PRIVATE,"authgear-staging.com",3,1
"authgearapps.com",PRIVATE,"*.authgearapps.com",3,1
"authgearapps.com",PRIVATE,"authgearapps.com",3,1
"skygearapp.com",PRIVATE,"*.skygearapp.com",3,1
"skygearapp.com",PRIVATE,"skygearapp.com",3,1
"outsystemscloud.com",PRIVATE,"*.outsystemscloud.com",3,1
"outsystemscloud.com",PRIVATE,"outsystemscloud.com",3,1
"ownprovider.com",PRIVATE,"*.ownprovider.com",3,1
"ownprovider.com",PRIVATE,"ownprovider.com",3,1
"own.pm",PRIVATE,"*.own.pm",3,1
"own.pm",PRIVATE,"own.pm",3,1
"*.owo.codes",PRIVATE,"*.owo.codes",4,1
"*.owo.codes",PRIVATE,"owo.codes",4,1
"ox.rs",PRIVATE,"*.ox.rs",3,1
"ox.rs",PRIVATE,"ox.rs",3,1
"oy.lc",PRIVATE,"*.oy.lc",3,1
"oy.lc",PRIVATE,"oy.lc",3,1
"pgfog.com",PRIVATE,"*.pgfog.com",3,1
"pgfog.com",PRIVATE,"pgfog.com",3,1
"pagexl.com",PRIVATE,"*.pagexl.com",3,1
"pagexl.com",PRIVATE,"pagexl.com",3,1
"gotpantheon.com",PRIVATE,"*.gotpantheon.com",3,1
"gotpantheon.com",PRIVATE,"gotpantheon.com",3,1
"pantheonsite.io",PRIVATE,"*.pantheonsite.io",3,1
"pantheonsite.io",PRIVATE,"pantheonsite.io",3,1
"*.paywhirl.com",PRIVATE,"*.paywhirl.com",4,1
"*.paywhirl.com",PRIVATE,"paywhirl.com",4,1
"*.xmit.co",PRIVATE,"*.xmit.co",4,1
"*.xmit.co",PRIVATE,"xmit.co",4,1
"xmit.dev",PRIVATE,"*.xmit.dev",3,1
"xmit.dev",PRIVATE,"xmit.dev",3,1
"madethis.site",PRIVATE,"*.madethis.site",3,1
"madethis.site",PRIVATE,"madethis.site",3,1
"srv.us",PRIVATE,"*.srv.us",3,1
"srv.us",PRIVATE,"srv.us",3,1
"lk3.ru",PRIVATE,"*.lk3.ru",3,1
"lk3.ru",PRIVATE,"lk3.ru",3,1
"mypep.link",PRIVATE,"*.mypep.link",3,1
"mypep.link",PRIVATE,"mypep.link",3,1
"perspecta.cloud",PRIVATE,"*.perspecta.cloud",3,1
"perspecta.cloud",PRIVATE,"perspecta.cloud",3,1
"support.site",PRIVATE,"*.support.site",3,1
"support.site",PRIVATE,"support.site",3,1
"on-web.fr",PRIVATE,"*.on-web.fr",3,1
"on-web.fr",PRIVATE,"on-web.fr",3,1
"*.upsun.app",PRIVATE,"*.upsun.app",4,1
"*.upsun.app",PRIVATE,"upsun.app",4,1
"upsunapp.com",PRIVATE,"*.upsunapp.com",3,1
"upsunapp.com",PRIVATE,"upsunapp.com",3,1
"*.platformsh.site",PRIVATE,"*.platformsh.site",4,1
"*.platformsh.site",PRIVATE,"platformsh.site",4,1
"*.tst.site",PRIVATE,"*.tst.site",4,1
"*.tst.site",PRIVATE,"tst.site",4,1
"platter-app.dev",PRIVATE,"*.platter-app.dev",3,1
"platter-app.dev",PRIVATE,"platter-app.dev",3,1
"platterp.us",PRIVATE,"*.platterp.us",3,1
"platterp.us",PRIVATE,"platterp.us",3,1
"pley.games",PRIVATE,"*.pley.games",3,1
"pley.games",PRIVATE,"pley.games",3,1
"onporter.run",PRIVATE,"*.onporter.run",3,1
"onporter.run",PRIVATE,"onporter.run",3,1
"co.bn",PRIVATE,"*.co.bn",3,1
"co.bn",PRIVATE,"co.bn",3,1
"postman-echo.com",PRIVATE,"*.postman-echo.com",3,1
"postman-echo.com",PRIVATE,"postman-echo.com",3,1
"pstmn.io",PRIVATE,"*.pstmn.io",3,1
"pstmn.io",PRIVATE,"pstmn.io",3,1
"httpbin.org",PRIVATE,"*.httpbin.org",3,1
"httpbin.org",PRIVATE,"httpbin.org",3,1
"prequalifyme.today",PRIVATE,"*.prequalifyme.today",3,1
"prequalifyme.today",PRIVATE,"prequalifyme.today",3,1
"priv.at",PRIVATE,"*.priv.at",3,1
"priv.at",PRIVATE,"priv.at",3,1
"c01.kr",PRIVATE,"*.c01.kr",3,1
"c01.kr",PRIVATE,"c01.kr",3,1
"eliv-cdn.kr",PRIVATE,"*.eliv-cdn.kr",3,1
"eliv-cdn.kr",PRIVATE,"eliv-cdn.kr",3,1
"eliv-dns.kr",PRIVATE,"*.eliv-dns.kr",3,1
"eliv-dns.kr",PRIVATE,"eliv-dns.kr",3,1
"mmv.kr",PRIVATE,"*.mmv.kr",3,1
"mmv.kr",PRIVATE,"mmv.kr",3,1
"vki.kr",PRIVATE,"*.vki.kr",3,1
"vki.kr",PRIVATE,"vki.kr",3,1
"protonet.io",PRIVATE,"*.protonet.io",3,1
"protonet.io",PRIVATE,"protonet.io",3,1
"e.id",PRIVATE,"*.e.id",3,1
"e.id",PRIVATE,"e.id",3,1
"chirurgiens-dentistes-en-france.fr",PRIVATE,"*.chirurgiens-dentistes-en-france.fr",3,1
"chirurgiens-dentistes-en-france.fr",PRIVATE,"chirurgiens-dentistes-en-france.fr",3,1
"byen.site",PRIVATE,"*.byen.site",3,1
"byen.site",PRIVATE,"byen.site",3,1
"pubtls.org",PRIVATE,"*.pubtls.org",3,1
"pubtls.org",PRIVATE,"pubtls.org",3,1
"pythonanywhere.com",PRIVATE,"*.pythonanywhere.com",3,1
"pythonanywhere.com",PRIVATE,"pythonanywhere.com",3,1
"qa2.com",PRIVATE,"*.qa2.com",3,1
"qa2.com",PRIVATE,"qa2.com",3,1
"qcx.io",PRIVATE,"*.qcx.io",3,1
"qcx.io",PRIVATE,"qcx.io",3,1
"myqnapcloud.cn",PRIVATE,"*.myqnapcloud.cn",3,1
"myqnapcloud.cn",PRIVATE,"myqnapcloud.cn",3,1
"alpha-myqnapcloud.com",PRIVATE,"*.alpha-myqnapcloud.com",3,1
"alpha-myqnapcloud.com",PRIVATE,"alpha-myqnapcloud.com",3,1
"dev-myqnapcloud.com",PRIVATE,"*.dev-myqnapcloud.com",3,1
"dev-myqnapcloud.com",PRIVATE,"dev-myqnapcloud.com",3,1
"mycloudnas.com",PRIVATE,"*.mycloudnas.com",3,1
"mycloudnas.com",PRIVATE,"mycloudnas.com",3,1
"mynascloud.com",PRIVATE,"*.mynascloud.com",3,1
"mynascloud.com",PRIVATE,"mynascloud.com",3,1
"myqnapcloud.com",PRIVATE,"*.myqnapcloud.com",3,1
"myqnapcloud.com",PRIVATE,"myqnapcloud.com",3,1
"qoto.io",PRIVATE,"*.qoto.io",3,1
"qoto.io",PRIVATE,"qoto.io",3,1
"qualifioapp.com",PRIVATE,"*.qualifioapp.com",3,1
"qualifioapp.com",PRIVATE,"qualifioapp.com",3,1
"ladesk.com",PRIVATE,"*.ladesk.com",3,1
"ladesk.com",PRIVATE,"ladesk.com",3,1
"*.qualyhqpartner.com",PRIVATE,"*.qualyhqpartner.com",4,1
"*.qualyhqpartner.com",PRIVATE,"qualyhqpartner.com",4,1
"*.qualyhqportal.com",PRIVATE,"*.qualyhqportal.com",4,1
"*.qualyhqportal.com",PRIVATE,"qualyhqportal.com",4,1
"qbuser.com",PRIVATE,"*.qbuser.com",3,1
"qbuser.com",PRIVATE,"qbuser.com",3,1
"*.quipelements.com",PRIVATE,"*.quipelements.com",4,1
"*.quipelements.com",PRIVATE,"quipelements.com",4,1
"vapor.cloud",PRIVATE,"*.vapor.cloud",3,1
"vapor.cloud",PRIVATE,"vapor.cloud",3,1
"vaporcloud.io",PRIVATE,"*.vaporcloud.io",3,1
"vaporcloud.io",PRIVATE,"vaporcloud.io",3,1
"rackmaze.com",PRIVATE,"*.rackmaze.com",3,1
"rackmaze.com",PRIVATE,"rackmaze.com",3,1
"rackmaze.net",PRIVATE,"*.rackmaze.net",3,1
"rackmaze.net",PRIVATE,"rackmaze.net",3,1
"cloudsite.builders",PRIVATE,"*.cloudsite.builders",3,1
"cloudsite.builders",PRIVATE,"cloudsite.builders",3,1
"myradweb.net",PRIVATE,"*.myradweb.net",3,1
"myradweb.net",PRIVATE,"myradweb.net",3,1
"servername.us",PRIVATE,"*.servername.us",3,1
"servername.us",PRIVATE,"servername.us",3,1
"web.in",PRIVATE,"*.web.in",3,1
"web.in",PRIVATE,"web.in",3,1
"in.net",PRIVATE,"*.in.net",3,1
"in.net",PRIVATE,"in.net",3,1
"myrdbx.io",PRIVATE,"*.myrdbx.io",3,1
"myrdbx.io",PRIVATE,"myrdbx.io",3,1
"*.on-rancher.cloud",PRIVATE,"*.on-rancher.cloud",4,1
"*.on-rancher.cloud",PRIVATE,"on-rancher.cloud",4,1
"*.on-k3s.io",PRIVATE,"*.on-k3s.io",4,1
"*.on-k3s.io",PRIVATE,"on-k3s.io",4,1
"*.on-rio.io",PRIVATE,"*.on-rio.io",4,1
"*.on-rio.io",PRIVATE,"on-rio.io",4,1
"readthedocs-hosted.com",PRIVATE,"*.readthedocs-hosted.com",3,1
"readthedocs-hosted.com",PRIVATE,"readthedocs-hosted.com",3,1
"readthedocs.io",PRIVATE,"*.readthedocs.io",3,1
"readthedocs.io",PRIVATE,"readthedocs.io",3,1
"rhcloud.com",PRIVATE,"*.rhcloud.com",3,1
"rhcloud.com",PRIVATE,"rhcloud.com",3,1
"onrender.com",PRIVATE,"*.onrender.com",3,1
"onrender.com",PRIVATE,"onrender.com",3,1
"replit.app",PRIVATE,"*.replit.app",3,1
"replit.app",PRIVATE,"replit.app",3,1
"firewalledreplit.co",PRIVATE,"*.firewalledreplit.co",3,1
"firewalledreplit.co",PRIVATE,"firewalledreplit.co",3,1
"repl.co",PRIVATE,"*.repl.co",3,1
"repl.co",PRIVATE,"repl.co",3,1
"replit.dev",PRIVATE,"*.replit.dev",3,1
"replit.dev",PRIVATE,"replit.dev",3,1
"repl.run",PRIVATE,"*.repl.run",3,1
"repl.run",PRIVATE,"repl.run",3,1
"resindevice.io",PRIVATE,"*.resindevice.io",3,1
"resindevice.io",PRIVATE,"resindevice.io",3,1
"hzc.io",PRIVATE,"*.hzc.io",3,1
"hzc.io",PRIVATE,"hzc.io",3,1
"itcouldbewor.se",PRIVATE,"*.itcouldbewor.se",3,1
"itcouldbewor.se",PRIVATE,"itcouldbewor.se",3,1
"aus.basketball",PRIVATE,"*.aus.basketball",3,1
"aus.basketball",PRIVATE,"aus.basketball",3,1
"nz.basketball",PRIVATE,"*.nz.basketball",3,1
"nz.basketball",PRIVATE,"nz.basketball",3,1
"subsc-pay.com",PRIVATE,"*.subsc-pay.com",3,1
"subsc-pay.com",PRIVATE,"subsc-pay.com",3,1
"subsc-pay.net",PRIVATE,"*.subsc-pay.net",3,1
"subsc-pay.net",PRIVATE,"subsc-pay.net",3,1
"rocky.page",PRIVATE,"*.rocky.page",3,1
"rocky.page",PRIVATE,"rocky.page",3,1
"rub.de",PRIVATE,"*.rub.de",3,1
"rub.de",PRIVATE,"rub.de",3,1
"ruhr-uni-bochum.de",PRIVATE,"*.ruhr-uni-bochum.de",3,1
"ruhr-uni-bochum.de",PRIVATE,"ruhr-uni-bochum.de",3,1
"биз.рус",PRIVATE,"*.биз.рус",3,1
"биз.рус",PRIVATE,"биз.рус",3,1
"биз.рус",PRIVATE,"*.xn--90amc.xn--p1acf",3,1
"биз.рус",PRIVATE,"xn--90amc.xn--p1acf",3,1
"ком.рус",PRIVATE,"*.ком.рус",3,1
"ком.рус",PRIVATE,"ком.рус",3,1
"ком.рус",PRIVATE,"*.xn--j1aef.xn--p1acf",3,1
"ком.рус",PRIVATE,"xn--j1aef.xn--p1acf",3,1
"крым.рус",PRIVATE,"*.крым.рус",3,1
"крым.рус",PRIVATE,"крым.рус",3,1
"крым.рус",PRIVATE,"*.xn--j1ael8b.xn--p1acf",3,1
"крым.рус",PRIVATE,"xn--j1ael8b.xn--p1acf",3,1
"мир.рус",PRIVATE,"*.мир.рус",3,1
"мир.рус",PRIVATE,"мир.рус",3,1
"мир.рус",PRIVATE,"*.xn--h1ahn.xn--p1acf",3,1
"мир.рус",PRIVATE,"xn--h1ahn.xn--p1acf",3,1
"мск.рус",PRIVATE,"*.мск.рус",3,1
"мск.рус",PRIVATE,"мск.рус",3,1
"мск.рус",PRIVATE,"*.xn--j1adp.xn--p1acf",3,1
"мск.рус",PRIVATE,"xn--j1adp.xn--p1acf",3,1
"орг.рус",PRIVATE,"*.орг.рус",3,1
"орг.рус",PRIVATE,"орг.рус",3,1
"орг.рус",PRIVATE,"*.xn--c1avg.xn--p1acf",3,1
"орг.рус",PRIVATE,"xn--c1avg.xn--p1acf",3,1
"самара.рус",PRIVATE,"*.самара.рус",3,1
"самара.рус",PRIVATE,"самара.рус",3,1
"самара.рус",PRIVATE,"*.xn--80aaa0cvac.xn--p1acf",3,1
"самара.рус",PRIVATE,"xn--80aaa0cvac.xn--p1acf",3,1
"сочи.рус",PRIVATE,"*.сочи.рус",3,1
"сочи.рус",PRIVATE,"сочи.рус",3,1
"сочи.рус",PRIVATE,"*.xn--h1aliz.xn--p1acf",3,1
"сочи.рус",PRIVATE,"xn--h1aliz.xn--p1acf",3,1
"спб.рус",PRIVATE,"*.спб.рус",3,1
"спб.рус",PRIVATE,"спб.рус",3,1
"спб.рус",PRIVATE,"*.xn--90a1af.xn--p1acf",3,1
"спб.рус",PRIVATE,"xn--90a1af.xn--p1acf",3,1
"я.рус",PRIVATE,"*.я.рус",3,1
"я.рус",PRIVATE,"я.рус",3,1
"я.рус",PRIVATE,"*.xn--41a.xn--p1acf",3,1
"я.рус",PRIVATE,"xn--41a.xn--p1acf",3,1
"ras.ru",PRIVATE,"*.ras.ru",3,1
"ras.ru",PRIVATE,"ras.ru",3,1
"nyat.app",PRIVATE,"*.nyat.app",3,1
"nyat.app",PRIVATE,"nyat.app",3,1
"180r.com",PRIVATE,"*.180r.com",3,1
"180r.com",PRIVATE,"180r.com",3,1
"dojin.com",PRIVATE,"*.dojin.com",3,1
"dojin.com",PRIVATE,"dojin.com",3,1
"sakuratan.com",PRIVATE,"*.sakuratan.com",3,1
"sakuratan.com",PRIVATE,"sakuratan.com",3,1
"sakuraweb.com",PRIVATE,"*.sakuraweb.com",3,1
"sakuraweb.com",PRIVATE,"sakuraweb.com",3,1
"x0.com",PRIVATE,"*.x0.com",3,1
"x0.com",PRIVATE,"x0.com",3,1
"2-d.jp",PRIVATE,"*.2-d.jp",3,1
"2-d.jp",PRIVATE,"2-d.jp",3,1
"bona.jp",PRIVATE,"*.bona.jp",3,1
"bona.jp",PRIVATE,"bona.jp",3,1
"crap.jp",PRIVATE,"*.crap.jp",3,1
"crap.jp",PRIVATE,"crap.jp",3,1
"daynight.jp",PRIVATE,"*.daynight.jp",3,1
"daynight.jp",PRIVATE,"daynight.jp",3,1
"eek.jp",PRIVATE,"*.eek.jp",3,1
"eek.jp",PRIVATE,"eek.jp",3,1
"flop.jp",PRIVATE,"*.flop.jp",3,1
"flop.jp",PRIVATE,"flop.jp",3,1
"halfmoon.jp",PRIVATE,"*.halfmoon.jp",3,1
"halfmoon.jp",PRIVATE,"halfmoon.jp",3,1
"jeez.jp",PRIVATE,"*.jeez.jp",3,1
"jeez.jp",PRIVATE,"jeez.jp",3,1
"matrix.jp",PRIVATE,"*.matrix.jp",3,1
"matrix.jp",PRIVATE,"matrix.jp",3,1
"mimoza.jp",PRIVATE,"*.mimoza.jp",3,1
"mimoza.jp",PRIVATE,"mimoza.jp",3,1
"netgamers.jp",PRIVATE,"*.netgamers.jp",3,1
"netgamers.jp",PRIVATE,"netgamers.jp",3,1
"nyanta.jp",PRIVATE,"*.nyanta.jp",3,1
"nyanta.jp",PRIVATE,"nyanta.jp",3,1
"o0o0.jp",PRIVATE,"*.o0o0.jp",3,1
"o0o0.jp",PRIVATE,"o0o0.jp",3,1
"rdy.jp",PRIVATE,"*.rdy.jp",3,1
"rdy.jp",PRIVATE,"rdy.jp",3,1
"rgr.jp",PRIVATE,"*.rgr.jp",3,1
"rgr.jp",PRIVATE,"rgr.jp",3,1
"rulez.jp",PRIVATE,"*.rulez.jp",3,1
"rulez.jp",PRIVATE,"rulez.jp",3,1
"saloon.jp",PRIVATE,"*.saloon.jp",3,1
"saloon.jp",PRIVATE,"saloon.jp",3,1
"sblo.jp",PRIVATE,"*.sblo.jp",3,1
"sblo.jp",PRIVATE,"sblo.jp",3,1
"skr.jp",PRIVATE,"*.skr.jp",3,1
"skr.jp",PRIVATE,"skr.jp",3,1
"tank.jp",PRIVATE,"*.tank.jp",3,1
"tank.jp",PRIVATE,"tank.jp",3,1
"uh-oh.jp",PRIVATE,"*.uh-oh.jp",3,1
"uh-oh.jp",PRIVATE,"uh-oh.jp",3,1
"undo.jp",PRIVATE,"*.undo.jp",3,1
"undo.jp",PRIVATE,"undo.jp",3,1
"websozai.jp",PRIVATE,"*.websozai.jp",3,1
"websozai.jp",PRIVATE,"websozai.jp",3,1
"xii.jp",PRIVATE,"*.xii.jp",3,1
"xii.jp",PRIVATE,"xii.jp",3,1
"squares.net",PRIVATE,"*.squares.net",3,1
"squares.net",PRIVATE,"squares.net",3,1
"jpn.org",PRIVATE,"*.jpn.org",3,1
"jpn.org",PRIVATE,"jpn.org",3,1
"kirara.st",PRIVATE,"*.kirara.st",3,1
"kirara.st",PRIVATE,"kirara.st",3,1
"x0.to",PRIVATE,"*.x0.to",3,1
"x0.to",PRIVATE,"x0.to",3,1
"from.tv",PRIVATE,"*.from.tv",3,1
"from.tv",PRIVATE,"from.tv",3,1
"sakura.tv",PRIVATE,"*.sakura.tv",3,1
"sakura.tv",PRIVATE,"sakura.tv",3,1
"sandcats.io",PRIVATE,"*.sandcats.io",3,1
"sandcats.io",PRIVATE,"sandcats.io",3,1
"logoip.com",PRIVATE,"*.logoip.com",3,1
"logoip.com",PRIVATE,"logoip.com",3,1
"logoip.de",PRIVATE,"*.logoip.de",3,1
"logoip.de",PRIVATE,"logoip.de",3,1
"dedibox.fr",PRIVATE,"*.dedibox.fr",3,1
"dedibox.fr",PRIVATE,"dedibox.fr",3,1
"schokokeks.net",PRIVATE,"*.schokokeks.net",3,1
"schokokeks.net",PRIVATE,"schokokeks.net",3,1
"gov.scot",PRIVATE,"*.gov.scot",3,1
"gov.scot",PRIVATE,"gov.scot",3,1
"scrysec.com",PRIVATE,"*.scrysec.com",3,1
"scrysec.com",PRIVATE,"scrysec.com",3,1
"firewall-gateway.com",PRIVATE,"*.firewall-gateway.com",3,1
"firewall-gateway.com",PRIVATE,"firewall-gateway.com",3,1
"firewall-gateway.de",PRIVATE,"*.firewall-gateway.de",3,1
"firewall-gateway.de",PRIVATE,"firewall-gateway.de",3,1
"my-gateway.de",PRIVATE,"*.my-gateway.de",3,1
"my-gateway.de",PRIVATE,"my-gateway.de",3,1
"my-router.de",PRIVATE,"*.my-router.de",3,1
"my-router.de",PRIVATE,"my-router.de",3,1
"spdns.de",PRIVATE,"*.spdns.de",3,1
"spdns.de",PRIVATE,"spdns.de",3,1
"spdns.eu",PRIVATE,"*.spdns.eu",3,1
"spdns.eu",PRIVATE,"spdns.eu",3,1
"firewall-gateway.net",PRIVATE,"*.firewall-gateway.net",3,1
"firewall-gateway.net",PRIVATE,"firewall-gateway.net",3,1
"my-firewall.org",PRIVATE,"*.my-firewall.org",3,1
"my-firewall.org",PRIVATE,"my-firewall.org",3,1
"myfirewall.org",PRIVATE,"*.myfirewall.org",3,1
"myfirewall.org",PRIVATE,"myfirewall.org",3,1
"spdns.org",PRIVATE,"*.spdns.org",3,1
"spdns.org",PRIVATE,"spdns.org",3,1
"seidat.net",PRIVATE,"*.seidat.net",3,1
"seidat.net",PRIVATE,"seidat.net",3,1
"sellfy.store",PRIVATE,"*.sellfy.store",3,1
"sellfy.store",PRIVATE,"sellfy.store",3,1
"minisite.ms",PRIVATE,"*.minisite.ms",3,1
"minisite.ms",PRIVATE,"minisite.ms",3,1
"senseering.net",PRIVATE,"*.senseering.net",3,1
"senseering.net",PRIVATE,"senseering.net",3,1
"servebolt.cloud",PRIVATE,"*.servebolt.cloud",3,1
"servebolt.cloud",PRIVATE,"servebolt.cloud",3,1
"biz.ua",PRIVATE,"*.biz.ua",3,1
"biz.ua",PRIVATE,"biz.ua",3,1
"co.ua",PRIVATE,"*.co.ua",3,1
"co.ua",PRIVATE,"co.ua",3,1
"pp.ua",PRIVATE,"*.pp.ua",3,1
"pp.ua",PRIVATE,"pp.ua",3,1
"sheezy.games",PRIVATE,"*.sheezy.games",3,1
"sheezy.games",PRIVATE,"sheezy.games",3,1
"myshopblocks.com",PRIVATE,"*.myshopblocks.com",3,1
"myshopblocks.com",PRIVATE,"myshopblocks.com",3,1
"myshopify.com",PRIVATE,"*.myshopify.com",3,1
"myshopify.com",PRIVATE,"myshopify.com",3,1
"shopitsite.com",PRIVATE,"*.shopitsite.com",3,1
"shopitsite.com",PRIVATE,"shopitsite.com",3,1
"shopware.shop",PRIVATE,"*.shopware.shop",3,1
"shopware.shop",PRIVATE,"shopware.shop",3,1
"shopware.store",PRIVATE,"*.shopware.store",3,1
"shopware.store",PRIVATE,"shopware.store",3,1
"mo-siemens.io",PRIVATE,"*.mo-siemens.io",3,1
"mo-siemens.io",PRIVATE,"mo-siemens.io",3,1
"1kapp.com",PRIVATE,"*.1kapp.com",3,1
"1kapp.com",PRIVATE,"1kapp.com",3,1
"appchizi.com",PRIVATE,"*.appchizi.com",3,1
"appchizi.com",PRIVATE,"appchizi.com",3,1
"applinzi.com",PRIVATE,"*.applinzi.com",3,1
"applinzi.com",PRIVATE,"applinzi.com",3,1
"sinaapp.com",PRIVATE,"*.sinaapp.com",3,1
"sinaapp.com",PRIVATE,"sinaapp.com",3,1
"vipsinaapp.com",PRIVATE,"*.vipsinaapp.com",3,1
"vipsinaapp.com",PRIVATE,"vipsinaapp.com",3,1
"siteleaf.net",PRIVATE,"*.siteleaf.net",3,1
"siteleaf.net",PRIVATE,"siteleaf.net",3,1
"small-web.org",PRIVATE,"*.small-web.org",3,1
"small-web.org",PRIVATE,"small-web.org",3,1
"aeroport.fr",PRIVATE,"*.aeroport.fr",3,1
"aeroport.fr",PRIVATE,"aeroport.fr",3,1
"avocat.fr",PRIVATE,"*.avocat.fr",3,1
"avocat.fr",PRIVATE,"avocat.fr",3,1
"chambagri.fr",PRIVATE,"*.chambagri.fr",3,1
"chambagri.fr",PRIVATE,"chambagri.fr",3,1
"chirurgiens-dentistes.fr",PRIVATE,"*.chirurgiens-dentistes.fr",3,1
"chirurgiens-dentistes.fr",PRIVATE,"chirurgiens-dentistes.fr",3,1
"experts-comptables.fr",PRIVATE,"*.experts-comptables.fr",3,1
"experts-comptables.fr",PRIVATE,"experts-comptables.fr",3,1
"medecin.fr",PRIVATE,"*.medecin.fr",3,1
"medecin.fr",PRIVATE,"medecin.fr",3,1
"notaires.fr",PRIVATE,"*.notaires.fr",3,1
"notaires.fr",PRIVATE,"notaires.fr",3,1
"pharmacien.fr",PRIVATE,"*.pharmacien.fr",3,1
"pharmacien.fr",PRIVATE,"pharmacien.fr",3,1
"port.fr",PRIVATE,"*.port.fr",3,1
"port.fr",PRIVATE,"port.fr",3,1
"veterinaire.fr",PRIVATE,"*.veterinaire.fr",3,1
"veterinaire.fr",PRIVATE,"veterinaire.fr",3,1
"vp4.me",PRIVATE,"*.vp4.me",3,1
"vp4.me",PRIVATE,"vp4.me",3,1
"*.snowflake.app",PRIVATE,"*.snowflake.app",4,1
"*.snowflake.app",PRIVATE,"snowflake.app",4,1
"streamlit.app",PRIVATE,"*.streamlit.app",3,1
"streamlit.app",PRIVATE,"streamlit.app",3,1
"streamlitapp.com",PRIVATE,"*.streamlitapp.com",3,1
"streamlitapp.com",PRIVATE,"streamlitapp.com",3,1
"try-snowplow.com",PRIVATE,"*.try-snowplow.com",3,1
"try-snowplow.com",PRIVATE,"try-snowplow.com",3,1
"mafelo.net",PRIVATE,"*.mafelo.net",3,1
"mafelo.net",PRIVATE,"mafelo.net",3,1
"playstation-cloud.com",PRIVATE,"*.playstation-cloud.com",3,1
"playstation-cloud.com",PRIVATE,"playstation-cloud.com",3,1
"srht.site",PRIVATE,"*.srht.site",3,1
"srht.site",PRIVATE,"srht.site",3,1
"*.stolos.io",PRIVATE,"*.stolos.io",4,1
"*.stolos.io",PRIVATE,"stolos.io",4,1
"4.at",PRIVATE,"*.4.at",3,1
"4.at",PRIVATE,"4.at",3,1
"my.at",PRIVATE,"*.my.at",3,1
"my.at",PRIVATE,"my.at",3,1
"my.de",PRIVATE,"*.my.de",3,1
"my.de",PRIVATE,"my.de",3,1
"*.nxa.eu",PRIVATE,"*.nxa.eu",4,1
"*.nxa.eu",PRIVATE,"nxa.eu",4,1
"nx.gw",PRIVATE,"*.nx.gw",3,1
"nx.gw",PRIVATE,"nx.gw",3,1
"myspreadshop.at",PRIVATE,"*.myspreadshop.at",3,1
"myspreadshop.at",PRIVATE,"myspreadshop.at",3,1
"myspreadshop.be",PRIVATE,"*.myspreadshop.be",3,1
"myspreadshop.be",PRIVATE,"myspreadshop.be",3,1
"myspreadshop.ca",PRIVATE,"*.myspreadshop.ca",3,1
"myspreadshop.ca",PRIVATE,"myspreadshop.ca",3,1
"myspreadshop.ch",PRIVATE,"*.myspreadshop.ch",3,1
"myspreadshop.ch",PRIVATE,"myspreadshop.ch",3,1
"myspreadshop.com",PRIVATE,"*.myspreadshop.com",3,1
"myspreadshop.com",PRIVATE,"myspreadshop.com",3,1
"myspreadshop.de",PRIVATE,"*.myspreadshop.de",3,1
"myspreadshop.de",PRIVATE,"myspreadshop.de",3,1
"myspreadshop.dk",PRIVATE,"*.myspreadshop.dk",3,1
"myspreadshop.dk",PRIVATE,"myspreadshop.dk",3,1
"myspreadshop.es",PRIVATE,"*.myspreadshop.es",3,1
"myspreadshop.es",PRIVATE,"myspreadshop.es",3,1
"myspreadshop.fi",PRIVATE,"*.myspreadshop.fi",3,1
"myspreadshop.fi",PRIVATE,"myspreadshop.fi",3,1
"myspreadshop.fr",PRIVATE,"*.myspreadshop.fr",3,1
"myspreadshop.fr",PRIVATE,"myspreadshop.fr",3,1
"myspreadshop.ie",PRIVATE,"*.myspreadshop.ie",3,1
"myspreadshop.ie",PRIVATE,"myspreadshop.ie",3,1
"myspreadshop.it",PRIVATE,"*.myspreadshop.it",3,1
"myspreadshop.it",PRIVATE,"myspreadshop.it",3,1
"myspreadshop.net",PRIVATE,"*.myspreadshop.net",3,1
"myspreadshop.net",PRIVATE,"myspreadshop.net",3,1
"myspreadshop.nl",PRIVATE,"*.myspreadshop.nl",3,1
"myspreadshop.nl",PRIVATE,"myspreadshop.nl",3,1
"myspreadshop.no",PRIVATE,"*.myspreadshop.no",3,1
"myspreadshop.no",PRIVATE,"myspreadshop.no",3,1
"myspreadshop.pl",PRIVATE,"*.myspreadshop.pl",3,1
"myspreadshop.pl",PRIVATE,"myspreadshop.pl",3,1
"myspreadshop.se",PRIVATE,"*.myspreadshop.se",3,1
"myspreadshop.se",PRIVATE,"myspreadshop.se",3,1
"w-corp-staticblitz.com",PRIVATE,"*.w-corp-staticblitz.com",3,1
"w-corp-staticblitz.com",PRIVATE,"w-corp-staticblitz.com",3,1
"w-credentialless-staticblitz.com",PRIVATE,"*.w-credentialless-staticblitz.com",3,1
"w-credentialless-staticblitz.com",PRIVATE,"w-credentialless-staticblitz.com",3,1
"w-staticblitz.com",PRIVATE,"*.w-staticblitz.com",3,1
"w-staticblitz.com",PRIVATE,"w-staticblitz.com",3,1
"bolt.host",PRIVATE,"*.bolt.host",3,1
"bolt.host",PRIVATE,"bolt.host",3,1
"stackhero-network.com",PRIVATE,"*.stackhero-network.com",3,1
"stackhero-network.com",PRIVATE,"stackhero-network.com",3,1
"stackit.gg",PRIVATE,"*.stackit.gg",3,1
"stackit.gg",PRIVATE,"stackit.gg",3,1
"stackit.rocks",PRIVATE,"*.stackit.rocks",3,1
"stackit.rocks",PRIVATE,"stackit.rocks",3,1
"stackit.run",PRIVATE,"*.stackit.run",3,1
"stackit.run",PRIVATE,"stackit.run",3,1
"stackit.zone",PRIVATE,"*.stackit.zone",3,1
"stackit.zone",PRIVATE,"stackit.zone",3,1
"musician.io",PRIVATE,"*.musician.io",3,1
"musician.io",PRIVATE,"musician.io",3,1
"novecore.site",PRIVATE,"*.novecore.site",3,1
"novecore.site",PRIVATE,"novecore.site",3,1
"feedback.ac",PRIVATE,"*.feedback.ac",3,1
"feedback.ac",PRIVATE,"feedback.ac",3,1
"forms.ac",PRIVATE,"*.forms.ac",3,1
"forms.ac",PRIVATE,"forms.ac",3,1
"assessments.cx",PRIVATE,"*.assessments.cx",3,1
"assessments.cx",PRIVATE,"assessments.cx",3,1
"calculators.cx",PRIVATE,"*.calculators.cx",3,1
"calculators.cx",PRIVATE,"calculators.cx",3,1
"funnels.cx",PRIVATE,"*.funnels.cx",3,1
"funnels.cx",PRIVATE,"funnels.cx",3,1
"paynow.cx",PRIVATE,"*.paynow.cx",3,1
"paynow.cx",PRIVATE,"paynow.cx",3,1
"quizzes.cx",PRIVATE,"*.quizzes.cx",3,1
"quizzes.cx",PRIVATE,"quizzes.cx",3,1
"researched.cx",PRIVATE,"*.researched.cx",3,1
"researched.cx",PRIVATE,"researched.cx",3,1
"tests.cx",PRIVATE,"*.tests.cx",3,1
"tests.cx",PRIVATE,"tests.cx",3,1
"surveys.so",PRIVATE,"*.surveys.so",3,1
"surveys.so",PRIVATE,"surveys.so",3,1
"storebase.store",PRIVATE,"*.storebase.store",3,1
"storebase.store",PRIVATE,"storebase.store",3,1
"storipress.app",PRIVATE,"*.storipress.app",3,1
"storipress.app",PRIVATE,"storipress.app",3,1
"storj.farm",PRIVATE,"*.storj.farm",3,1
"storj.farm",PRIVATE,"storj.farm",3,1
"strapiapp.com",PRIVATE,"*.strapiapp.com",3,1
"strapiapp.com",PRIVATE,"strapiapp.com",3,1
"vps-host.net",PRIVATE,"*.vps-host.net",3,1
"vps-host.net",PRIVATE,"vps-host.net",3,1
"streak-link.com",PRIVATE,"*.streak-link.com",3,1
"streak-link.com",PRIVATE,"streak-link.com",3,1
"streaklinks.com",PRIVATE,"*.streaklinks.com",3,1
"streaklinks.com",PRIVATE,"streaklinks.com",3,1
"streakusercontent.com",PRIVATE,"*.streakusercontent.com",3,1
"streakusercontent.com",PRIVATE,"streakusercontent.com",3,1
"utwente.io",PRIVATE,"*.utwente.io",3,1
"utwente.io",PRIVATE,"utwente.io",3,1
"temp-dns.com",PRIVATE,"*.temp-dns.com",3,1
"temp-dns.com",PRIVATE,"temp-dns.com",3,1
"supabase.co",PRIVATE,"*.supabase.co",3,1
"supabase.co",PRIVATE,"supabase.co",3,1
"supabase.in",PRIVATE,"*.supabase.in",3,1
"supabase.in",PRIVATE,"supabase.in",3,1
"supabase.net",PRIVATE,"*.supabase.net",3,1
"supabase.net",PRIVATE,"supabase.net",3,1
"syncloud.it",PRIVATE,"*.syncloud.it",3,1
"syncloud.it",PRIVATE,"syncloud.it",3,1
"dscloud.biz",PRIVATE,"*.dscloud.biz",3,1
"dscloud.biz",PRIVATE,"dscloud.biz",3,1
"dsmynas.com",PRIVATE,"*.dsmynas.com",3,1
"dsmynas.com",PRIVATE,"dsmynas.com",3,1
"familyds.com",PRIVATE,"*.familyds.com",3,1
"familyds.com",PRIVATE,"familyds.com",3,1
"diskstation.me",PRIVATE,"*.diskstation.me",3,1
"diskstation.me",PRIVATE,"diskstation.me",3,1
"dscloud.me",PRIVATE,"*.dscloud.me",3,1
"dscloud.me",PRIVATE,"dscloud.me",3,1
"i234.me",PRIVATE,"*.i234.me",3,1
"i234.me",PRIVATE,"i234.me",3,1
"myds.me",PRIVATE,"*.myds.me",3,1
"myds.me",PRIVATE,"myds.me",3,1
"synology.me",PRIVATE,"*.synology.me",3,1
"synology.me",PRIVATE,"synology.me",3,1
"dscloud.mobi",PRIVATE,"*.dscloud.mobi",3,1
"dscloud.mobi",PRIVATE,"dscloud.mobi",3,1
"dsmynas.net",PRIVATE,"*.dsmynas.net",3,1
"dsmynas.net",PRIVATE,"dsmynas.net",3,1
"familyds.net",PRIVATE,"*.familyds.net",3,1
"familyds.net",PRIVATE,"familyds.net",3,1
"dsmynas.org",PRIVATE,"*.dsmynas.org",3,1
"dsmynas.org",PRIVATE,"dsmynas.org",3,1
"familyds.org",PRIVATE,"*.familyds.org",3,1
"familyds.org",PRIVATE,"familyds.org",3,1
"vpnplus.to",PRIVATE,"*.vpnplus.to",3,1
"vpnplus.to",PRIVATE,"vpnplus.to",3,1
"mytabit.com",PRIVATE,"*.mytabit.com",3,1
"mytabit.com",PRIVATE,"mytabit.com",3,1
"taifun-dns.de",PRIVATE,"*.taifun-dns.de",3,1
"taifun-dns.de",PRIVATE,"taifun-dns.de",3,1
"erp.dev",PRIVATE,"*.erp.dev",3,1
"erp.dev",PRIVATE,"erp.dev",3,1
"ts.net",PRIVATE,"*.ts.net",3,1
"ts.net",PRIVATE,"ts.net",3,1
"gda.pl",PRIVATE,"*.gda.pl",3,1
"gda.pl",PRIVATE,"gda.pl",3,1
"gdansk.pl",PRIVATE,"*.gdansk.pl",3,1
"gdansk.pl",PRIVATE,"gdansk.pl",3,1
"gdynia.pl",PRIVATE,"*.gdynia.pl",3,1
"gdynia.pl",PRIVATE,"gdynia.pl",3,1
"med.pl",PRIVATE,"*.med.pl",3,1
"med.pl",PRIVATE,"med.pl",3,1
"sopot.pl",PRIVATE,"*.sopot.pl",3,1
"sopot.pl",PRIVATE,"sopot.pl",3,1
"taveusercontent.com",PRIVATE,"*.taveusercontent.com",3,1
"taveusercontent.com",PRIVATE,"taveusercontent.com",3,1
"tche.br",PRIVATE,"*.tche.br",3,1
"tche.br",PRIVATE,"tche.br",3,1
"edugit.io",PRIVATE,"*.edugit.io",3,1
"edugit.io",PRIVATE,"edugit.io",3,1
"telebit.app",PRIVATE,"*.telebit.app",3,1
"telebit.app",PRIVATE,"telebit.app",3,1
"telebit.io",PRIVATE,"*.telebit.io",3,1
"telebit.io",PRIVATE,"telebit.io",3,1
"*.telebit.xyz",PRIVATE,"*.telebit.xyz",4,1
"*.telebit.xyz",PRIVATE,"telebit.xyz",4,1
"teleport.sh",PRIVATE,"*.teleport.sh",3,1
"teleport.sh",PRIVATE,"teleport.sh",3,1
"*.firenet.ch",PRIVATE,"*.firenet.ch",4,1
"*.firenet.ch",PRIVATE,"firenet.ch",4,1
"reservd.com",PRIVATE,"*.reservd.com",3,1
"reservd.com",PRIVATE,"reservd.com",3,1
"thingdustdata.com",PRIVATE,"*.thingdustdata.com",3,1
"thingdustdata.com",PRIVATE,"thingdustdata.com",3,1
"tickets.io",PRIVATE,"*.tickets.io",3,1
"tickets.io",PRIVATE,"tickets.io",3,1
"arvo.network",PRIVATE,"*.arvo.network",3,1
"arvo.network",PRIVATE,"arvo.network",3,1
"azimuth.network",PRIVATE,"*.azimuth.network",3,1
"azimuth.network",PRIVATE,"azimuth.network",3,1
"tlon.network",PRIVATE,"*.tlon.network",3,1
"tlon.network",PRIVATE,"tlon.network",3,1
"torproject.net",PRIVATE,"*.torproject.net",3,1
"torproject.net",PRIVATE,"torproject.net",3,1
"townnews-staging.com",PRIVATE,"*.townnews-staging.com",3,1
"townnews-staging.com",PRIVATE,"townnews-staging.com",3,1
"12hp.at",PRIVATE,"*.12hp.at",3,1
"12hp.at",PRIVATE,"12hp.at",3,1
"2ix.at",PRIVATE,"*.2ix.at",3,1
"2ix.at",PRIVATE,"2ix.at",3,1
"4lima.at",PRIVATE,"*.4lima.at",3,1
"4lima.at",PRIVATE,"4lima.at",3,1
"lima-city.at",PRIVATE,"*.lima-city.at",3,1
"lima-city.at",PRIVATE,"lima-city.at",3,1
"12hp.ch",PRIVATE,"*.12hp.ch",3,1
"12hp.ch",PRIVATE,"12hp.ch",3,1
"2ix.ch",PRIVATE,"*.2ix.ch",3,1
"2ix.ch",PRIVATE,"2ix.ch",3,1
"4lima.ch",PRIVATE,"*.4lima.ch",3,1
"4lima.ch",PRIVATE,"4lima.ch",3,1
"lima-city.ch",PRIVATE,"*.lima-city.ch",3,1
"lima-city.ch",PRIVATE,"lima-city.ch",3,1
"trafficplex.cloud",PRIVATE,"*.trafficplex.cloud",3,1
"trafficplex.cloud",PRIVATE,"trafficplex.cloud",3,1
"de.cool",PRIVATE,"*.de.cool",3,1
"de.cool",PRIVATE,"de.cool",3,1
"12hp.de",PRIVATE,"*.12hp.de",3,1
"12hp.de",PRIVATE,"12hp.de",3,1
"2ix.de",PRIVATE,"*.2ix.de",3,1
"2ix.de",PRIVATE,"2ix.de",3,1
"4lima.de",PRIVATE,"*.4lima.de",3,1
"4lima.de",PRIVATE,"4lima.de",3,1
"lima-city.de",PRIVATE,"*.lima-city.de",3,1
"lima-city.de",PRIVATE,"lima-city.de",3,1
"1337.pictures",PRIVATE,"*.1337.pictures",3,1
"1337.pictures",PRIVATE,"1337.pictures",3,1
"clan.rip",PRIVATE,"*.clan.rip",3,1
"clan.rip",PRIVATE,"clan.rip",3,1
"lima-city.rocks",PRIVATE,"*.lima-city.rocks",3,1
"lima-city.rocks",PRIVATE,"lima-city.rocks",3,1
"webspace.rocks",PRIVATE,"*.webspace.rocks",3,1
"webspace.rocks",PRIVATE,"webspace.rocks",3,1
"lima.zone",PRIVATE,"*.lima.zone",3,1
"lima.zone",PRIVATE,"lima.zone",3,1
"*.transurl.be",PRIVATE,"*.transurl.be",4,1
"*.transurl.be",PRIVATE,"transurl.be",4,1
"*.transurl.eu",PRIVATE,"*.transurl.eu",4,1
"*.transurl.eu",PRIVATE,"transurl.eu",4,1
"*.transurl.nl",PRIVATE,"*.transurl.nl",4,1
"*.transurl.nl",PRIVATE,"transurl.nl",4,1
"tuxfamily.org",PRIVATE,"*.tuxfamily.org",3,1
"tuxfamily.org",PRIVATE,"tuxfamily.org",3,1
"dd-dns.de",PRIVATE,"*.dd-dns.de",3,1
"dd-dns.de",PRIVATE,"dd-dns.de",3,1
"dray-dns.de",PRIVATE,"*.dray-dns.de",3,1
"dray-dns.de",PRIVATE,"dray-dns.de",3,1
"draydns.de",PRIVATE,"*.draydns.de",3,1
"draydns.de",PRIVATE,"draydns.de",3,1
"dyn-vpn.de",PRIVATE,"*.dyn-vpn.de",3,1
"dyn-vpn.de",PRIVATE,"dyn-vpn.de",3,1
"dynvpn.de",PRIVATE,"*.dynvpn.de",3,1
"dynvpn.de",PRIVATE,"dynvpn.de",3,1
"mein-vigor.de",PRIVATE,"*.mein-vigor.de",3,1
"mein-vigor.de",PRIVATE,"mein-vigor.de",3,1
"my-vigor.de",PRIVATE,"*.my-vigor.de",3,1
"my-vigor.de",PRIVATE,"my-vigor.de",3,1
"my-wan.de",PRIVATE,"*.my-wan.de",3,1
"my-wan.de",PRIVATE,"my-wan.de",3,1
"syno-ds.de",PRIVATE,"*.syno-ds.de",3,1
"syno-ds.de",PRIVATE,"syno-ds.de",3,1
"synology-diskstation.de",PRIVATE,"*.synology-diskstation.de",3,1
"synology-diskstation.de",PRIVATE,"synology-diskstation.de",3,1
"synology-ds.de",PRIVATE,"*.synology-ds.de",3,1
"synology-ds.de",PRIVATE,"synology-ds.de",3,1
"diskstation.eu",PRIVATE,"*.diskstation.eu",3,1
"diskstation.eu",PRIVATE,"diskstation.eu",3,1
"diskstation.org",PRIVATE,"*.diskstation.org",3,1
"diskstation.org",PRIVATE,"diskstation.org",3,1
"typedream.app",PRIVATE,"*.typedream.app",3,1
"typedream.app",PRIVATE,"typedream.app",3,1
"uber.space",PRIVATE,"*.uber.space",3,1
"uber.space",PRIVATE,"uber.space",3,1
"hk.com",PRIVATE,"*.hk.com",3,1
"hk.com",PRIVATE,"hk.com",3,1
"inc.hk",PRIVATE,"*.inc.hk",3,1
"inc.hk",PRIVATE,"inc.hk",3,1
"ltd.hk",PRIVATE,"*.ltd.hk",3,1
"ltd.hk",PRIVATE,"ltd.hk",3,1
"hk.org",PRIVATE,"*.hk.org",3,1
"hk.org",PRIVATE,"hk.org",3,1
"it.com",PRIVATE,"*.it.com",3,1
"it.com",PRIVATE,"it.com",3,1
"unison-services.cloud",PRIVATE,"*.unison-services.cloud",3,1
"unison-services.cloud",PRIVATE,"unison-services.cloud",3,1
"virtual-user.de",PRIVATE,"*.virtual-user.de",3,1
"virtual-user.de",PRIVATE,"virtual-user.de",3,1
"virtualuser.de",PRIVATE,"*.virtualuser.de",3,1
"virtualuser.de",PRIVATE,"virtualuser.de",3,1
"obj.ag",PRIVATE,"*.obj.ag",3,1
"obj.ag",PRIVATE,"obj.ag",3,1
"name.pm",PRIVATE,"*.name.pm",3,1
"name.pm",PRIVATE,"name.pm",3,1
"sch.tf",PRIVATE,"*.sch.tf",3,1
"sch.tf",PRIVATE,"sch.tf",3,1
"biz.wf",PRIVATE,"*.biz.wf",3,1
"biz.wf",PRIVATE,"biz.wf",3,1
"sch.wf",PRIVATE,"*.sch.wf",3,1
"sch.wf",PRIVATE,"sch.wf",3,1
"org.yt",PRIVATE,"*.org.yt",3,1
"org.yt",PRIVATE,"org.yt",3,1
"rs.ba",PRIVATE,"*.rs.ba",3,1
"rs.ba",PRIVATE,"rs.ba",3,1
"bielsko.pl",PRIVATE,"*.bielsko.pl",3,1
"bielsko.pl",PRIVATE,"bielsko.pl",3,1
"urown.cloud",PRIVATE,"*.urown.cloud",3,1
"urown.cloud",PRIVATE,"urown.cloud",3,1
"dnsupdate.info",PRIVATE,"*.dnsupdate.info",3,1
"dnsupdate.info",PRIVATE,"dnsupdate.info",3,1
"us.org",PRIVATE,"*.us.org",3,1
"us.org",PRIVATE,"us.org",3,1
"v.ua",PRIVATE,"*.v.ua",3,1
"v.ua",PRIVATE,"v.ua",3,1
"val.run",PRIVATE,"*.val.run",3,1
"val.run",PRIVATE,"val.run",3,1
"vercel.app",PRIVATE,"*.vercel.app",3,1
"vercel.app",PRIVATE,"vercel.app",3,1
"v0.build",PRIVATE,"*.v0.build",3,1
"v0.build",PRIVATE,"v0.build",3,1
"vercel.dev",PRIVATE,"*.vercel.dev",3,1
"vercel.dev",PRIVATE,"vercel.dev",3,1
"vusercontent.net",PRIVATE,"*.vusercontent.net",3,1
"vusercontent.net",PRIVATE,"vusercontent.net",3,1
"vercel.run",PRIVATE,"*.vercel.run",3,1
"vercel.run",PRIVATE,"vercel.run",3,1
"now.sh",PRIVATE,"*.now.sh",3,1
"now.sh",PRIVATE,"now.sh",3,1
"2038.io",PRIVATE,"*.2038.io",3,1
"2038.io",PRIVATE,"2038.io",3,1
"v-info.info",PRIVATE,"*.v-info.info",3,1
"v-info.info",PRIVATE,"v-info.info",3,1
"vistablog.ir",PRIVATE,"*.vistablog.ir",3,1
"vistablog.ir",PRIVATE,"vistablog.ir",3,1
"deus-canvas.com",PRIVATE,"*.deus-canvas.com",3,1
"deus-canvas.com",PRIVATE,"deus-canvas.com",3,1
"voorloper.cloud",PRIVATE,"*.voorloper.cloud",3,1
"voorloper.cloud",PRIVATE,"voorloper.cloud",3,1
"*.vultrobjects.com",PRIVATE,"*.vultrobjects.com",4,1
"*.vultrobjects.com",PRIVATE,"vultrobjects.com",4,1
"wafflecell.com",PRIVATE,"*.wafflecell.com",3,1
"wafflecell.com",PRIVATE,"wafflecell.com",3,1
"wal.app",PRIVATE,"*.wal.app",3,1
"wal.app",PRIVATE,"wal.app",3,1
"webflow.io",PRIVATE,"*.webflow.io",3,1
"webflow.io",PRIVATE,"webflow.io",3,1
"webflowtest.io",PRIVATE,"*.webflowtest.io",3,1
"webflowtest.io",PRIVATE,"webflowtest.io",3,1
"*.webhare.dev",PRIVATE,"*.webhare.dev",4,1
"*.webhare.dev",PRIVATE,"webhare.dev",4,1
"bookonline.app",PRIVATE,"*.bookonline.app",3,1
"bookonline.app",PRIVATE,"bookonline.app",3,1
"hotelwithflight.com",PRIVATE,"*.hotelwithflight.com",3,1
"hotelwithflight.com",PRIVATE,"hotelwithflight.com",3,1
"reserve-online.com",PRIVATE,"*.reserve-online.com",3,1
"reserve-online.com",PRIVATE,"reserve-online.com",3,1
"reserve-online.net",PRIVATE,"*.reserve-online.net",3,1
"reserve-online.net",PRIVATE,"reserve-online.net",3,1
"cprapid.com",PRIVATE,"*.cprapid.com",3,1
"cprapid.com",PRIVATE,"cprapid.com",3,1
"pleskns.com",PRIVATE,"*.pleskns.com",3,1
"pleskns.com",PRIVATE,"pleskns.com",3,1
"wp2.host",PRIVATE,"*.wp2.host",3,1
"wp2.host",PRIVATE,"wp2.host",3,1
"pdns.page",PRIVATE,"*.pdns.page",3,1
"pdns.page",PRIVATE,"pdns.page",3,1
"plesk.page",PRIVATE,"*.plesk.page",3,1
"plesk.page",PRIVATE,"plesk.page",3,1
"cpanel.site",PRIVATE,"*.cpanel.site",3,1
"cpanel.site",PRIVATE,"cpanel.site",3,1
"wpsquared.site",PRIVATE,"*.wpsquared.site",3,1
"wpsquared.site",PRIVATE,"wpsquared.site",3,1
"*.wadl.top",PRIVATE,"*.wadl.top",4,1
"*.wadl.top",PRIVATE,"wadl.top",4,1
"remotewd.com",PRIVATE,"*.remotewd.com",3,1
"remotewd.com",PRIVATE,"remotewd.com",3,1
"box.ca",PRIVATE,"*.box.ca",3,1
"box.ca",PRIVATE,"box.ca",3,1
"toolforge.org",PRIVATE,"*.toolforge.org",3,1
"toolforge.org",PRIVATE,"toolforge.org",3,1
"wmcloud.org",PRIVATE,"*.wmcloud.org",3,1
"wmcloud.org",PRIVATE,"wmcloud.org",3,1
"wmflabs.org",PRIVATE,"*.wmflabs.org",3,1
"wmflabs.org",PRIVATE,"wmflabs.org",3,1
"wdh.app",PRIVATE,"*.wdh.app",3,1
"wdh.app",PRIVATE,"wdh.app",3,1
"hrsn.au",PRIVATE,"*.hrsn.au",3,1
"hrsn.au",PRIVATE,"hrsn.au",3,1
"hrsn.dev",PRIVATE,"*.hrsn.dev",3,1
"hrsn.dev",PRIVATE,"hrsn.dev",3,1
"is-a.dev",PRIVATE,"*.is-a.dev",3,1
"is-a.dev",PRIVATE,"is-a.dev",3,1
"localcert.net",PRIVATE,"*.localcert.net",3,1
"localcert.net",PRIVATE,"localcert.net",3,1
"windsurf.app",PRIVATE,"*.windsurf.app",3,1
"windsurf.app",PRIVATE,"windsurf.app",3,1
"windsurf.build",PRIVATE,"*.windsurf.build",3,1
"windsurf.build",PRIVATE,"windsurf.build",3,1
"panel.gg",PRIVATE,"*.panel.gg",3,1
"panel.gg",PRIVATE,"panel.gg",3,1
"wixsite.com",PRIVATE,"*.wixsite.com",3,1
"wixsite.com",PRIVATE,"wixsite.com",3,1
"wixstudio.com",PRIVATE,"*.wixstudio.com",3,1
"wixstudio.com",PRIVATE,"wixstudio.com",3,1
"editorx.io",PRIVATE,"*.editorx.io",3,1
"editorx.io",PRIVATE,"editorx.io",3,1
"wixstudio.io",PRIVATE,"*.wixstudio.io",3,1
"wixstudio.io",PRIVATE,"wixstudio.io",3,1
"wix.run",PRIVATE,"*.wix.run",3,1
"wix.run",PRIVATE,"wix.run",3,1
"messwithdns.com",PRIVATE,"*.messwithdns.com",3,1
"messwithdns.com",PRIVATE,"messwithdns.com",3,1
"woltlab-demo.com",PRIVATE,"*.woltlab-demo.com",3,1
"woltlab-demo.com",PRIVATE,"woltlab-demo.com",3,1
"myforum.community",PRIVATE,"*.myforum.community",3,1
"myforum.community",PRIVATE,"myforum.community",3,1
"community-pro.de",PRIVATE,"*.community-pro.de",3,1
"community-pro.de",PRIVATE,"community-pro.de",3,1
"diskussionsbereich.de",PRIVATE,"*.diskussionsbereich.de",3,1
"diskussionsbereich.de",PRIVATE,"diskussionsbereich.de",3,1
"community-pro.net",PRIVATE,"*.community-pro.net",3,1
"community-pro.net",PRIVATE,"community-pro.net",3,1
"meinforum.net",PRIVATE,"*.meinforum.net",3,1
"meinforum.net",PRIVATE,"meinforum.net",3,1
"wpenginepowered.com",PRIVATE,"*.wpenginepowered.com",3,1
"wpenginepowered.com",PRIVATE,"wpenginepowered.com",3,1
"*.xenonconnect.de",PRIVATE,"*.xenonconnect.de",4,1
"*.xenonconnect.de",PRIVATE,"xenonconnect.de",4,1
"half.host",PRIVATE,"*.half.host",3,1
"half.host",PRIVATE,"half.host",3,1
"xnbay.com",PRIVATE,"*.xnbay.com",3,1
"xnbay.com",PRIVATE,"xnbay.com",3,1
"cistron.nl",PRIVATE,"*.cistron.nl",3,1
"cistron.nl",PRIVATE,"cistron.nl",3,1
"demon.nl",PRIVATE,"*.demon.nl",3,1
"demon.nl",PRIVATE,"demon.nl",3,1
"xs4all.space",PRIVATE,"*.xs4all.space",3,1
"xs4all.space",PRIVATE,"xs4all.space",3,1
"yandexcloud.net",PRIVATE,"*.yandexcloud.net",3,1
"yandexcloud.net",PRIVATE,"yandexcloud.net",3,1
"sourcecraft.site",PRIVATE,"*.sourcecraft.site",3,1
"sourcecraft.site",PRIVATE,"sourcecraft.site",3,1
"official.academy",PRIVATE,"*.official.academy",3,1
"official.academy",PRIVATE,"official.academy",3,1
"yolasite.com",PRIVATE,"*.yolasite.com",3,1
"yolasite.com",PRIVATE,"yolasite.com",3,1
"ynh.fr",PRIVATE,"*.ynh.fr",3,1
"ynh.fr",PRIVATE,"ynh.fr",3,1
"nohost.me",PRIVATE,"*.nohost.me",3,1
"nohost.me",PRIVATE,"nohost.me",3,1
"noho.st",PRIVATE,"*.noho.st",3,1
"noho.st",PRIVATE,"noho.st",3,1
"za.net",PRIVATE,"*.za.net",3,1
"za.net",PRIVATE,"za.net",3,1
"za.org",PRIVATE,"*.za.org",3,1
"za.org",PRIVATE,"za.org",3,1
"zap.cloud",PRIVATE,"*.zap.cloud",3,1
"zap.cloud",PRIVATE,"zap.cloud",3,1
"zeabur.app",PRIVATE,"*.zeabur.app",3,1
"zeabur.app",PRIVATE,"zeabur.app",3,1
"*.zerops.app",PRIVATE,"*.zerops.app",4,1
"*.zerops.app",PRIVATE,"zerops.app",4,1
"bss.design",PRIVATE,"*.bss.design",3,1
"bss.design",PRIVATE,"bss.design",3,1
"basicserver.io",PRIVATE,"*.basicserver.io",3,1
"basicserver.io",PRIVATE,"basicserver.io",3,1
"virtualserver.io",PRIVATE,"*.virtualserver.io",3,1
"virtualserver.io",PRIVATE,"virtualserver.io",3,1
"enterprisecloud.nu",PRIVATE,"*.enterprisecloud.nu",3,1
"enterprisecloud.nu",PRIVATE,"enterprisecloud.nu",3,1
"zone.id",PRIVATE,"*.zone.id",3,1
"zone.id",PRIVATE,"zone.id",3,1
"zabc.net",PRIVATE,"*.zabc.net",3,1
"zabc.net",PRIVATE,"zabc.net",3,1
ac,TLD,"*.ac",2,0
ac,TLD,ac,2,0
ad,TLD,"*.ad",2,0
ad,TLD,ad,2,0
ae,TLD,"*.ae",2,0
ae,TLD,ae,2,0
aero,TLD,"*.aero",2,0
aero,TLD,aero,2,0
af,TLD,"*.af",2,0
af,TLD,af,2,0
ag,TLD,"*.ag",2,0
ag,TLD,ag,2,0
ai,TLD,"*.ai",2,0
ai,TLD,ai,2,0
al,TLD,"*.al",2,0
al,TLD,al,2,0
am,TLD,"*.am",2,0
am,TLD,am,2,0
ao,TLD,"*.ao",2,0
ao,TLD,ao,2,0
aq,TLD,"*.aq",2,0
aq,TLD,aq,2,0
ar,TLD,"*.ar",2,0
ar,TLD,ar,2,0
arpa,TLD,"*.arpa",2,0
arpa,TLD,arpa,2,0
as,TLD,"*.as",2,0
as,TLD,as,2,0
asia,TLD,"*.asia",2,0
asia,TLD,asia,2,0
at,TLD,"*.at",2,0
at,TLD,at,2,0
au,TLD,"*.au",2,0
au,TLD,au,2,0
aw,TLD,"*.aw",2,0
aw,TLD,aw,2,0
ax,TLD,"*.ax",2,0
ax,TLD,ax,2,0
az,TLD,"*.az",2,0
az,TLD,az,2,0
ba,TLD,"*.ba",2,0
ba,TLD,ba,2,0
bb,TLD,"*.bb",2,0
bb,TLD,bb,2,0
"*.bd",ICANN,"*.bd",3,0
"*.bd",ICANN,bd,3,0
be,TLD,"*.be",2,0
be,TLD,be,2,0
bf,TLD,"*.bf",2,0
bf,TLD,bf,2,0
bg,TLD,"*.bg",2,0
bg,TLD,bg,2,0
bh,TLD,"*.bh",2,0
bh,TLD,bh,2,0
bi,TLD,"*.bi",2,0
bi,TLD,bi,2,0
biz,TLD,"*.biz",2,0
biz,TLD,biz,2,0
bj,TLD,"*.bj",2,0
bj,TLD,bj,2,0
bm,TLD,"*.bm",2,0
bm,TLD,bm,2,0
bn,TLD,"*.bn",2,0
bn,TLD,bn,2,0
bo,TLD,"*.bo",2,0
bo,TLD,bo,2,0
br,TLD,"*.br",2,0
br,TLD,br,2,0
bs,TLD,"*.bs",2,0
bs,TLD,bs,2,0
bt,TLD,"*.bt",2,0
bt,TLD,bt,2,0
bv,TLD,"*.bv",2,0
bv,TLD,bv,2,0
bw,TLD,"*.bw",2,0
bw,TLD,bw,2,0
by,TLD,"*.by",2,0
by,TLD,by,2,0
bz,TLD,"*.bz",2,0
bz,TLD,bz,2,0
ca,TLD,"*.ca",2,0
ca,TLD,ca,2,0
cat,TLD,"*.cat",2,0
cat,TLD,cat,2,0
cc,TLD,"*.cc",2,0
cc,TLD,cc,2,0
cd,TLD,"*.cd",2,0
cd,TLD,cd,2,0
cf,TLD,"*.cf",2,0
cf,TLD,cf,2,0
cg,TLD,"*.cg",2,0
cg,TLD,cg,2,0
ch,TLD,"*.ch",2,0
ch,TLD,ch,2,0
ci,TLD,"*.ci",2,0
ci,TLD,ci,2,0
"*.ck",ICANN,"*.ck",3,0
"*.ck",ICANN,ck,3,0
cl,TLD,"*.cl",2,0
cl,TLD,cl,2,0
cm,TLD,"*.cm",2,0
cm,TLD,cm,2,0
cn,TLD,"*.cn",2,0
cn,TLD,cn,2,0
co,TLD,"*.co",2,0
co,TLD,co,2,0
com,TLD,"*.com",2,0
com,TLD,com,2,0
coop,TLD,"*.coop",2,0
coop,TLD,coop,2,0
cr,TLD,"*.cr",2,0
cr,TLD,cr,2,0
cu,TLD,"*.cu",2,0
cu,TLD,cu,2,0
cv,TLD,"*.cv",2,0
cv,TLD,cv,2,0
cw,TLD,"*.cw",2,0
cw,TLD,cw,2,0
cx,TLD,"*.cx",2,0
cx,TLD,cx,2,0
cy,TLD,"*.cy",2,0
cy,TLD,cy,2,0
cz,TLD,"*.cz",2,0
cz,TLD,cz,2,0
de,TLD,"*.de",2,0
de,TLD,de,2,0
dj,TLD,"*.dj",2,0
dj,TLD,dj,2,0
dk,TLD,"*.dk",2,0
dk,TLD,dk,2,0
dm,TLD,"*.dm",2,0
dm,TLD,dm,2,0
do,TLD,"*.do",2,0
do,TLD,do,2,0
dz,TLD,"*.dz",2,0
dz,TLD,dz,2,0
ec,TLD,"*.ec",2,0
ec,TLD,ec,2,0
edu,TLD,"*.edu",2,0
edu,TLD,edu,2,0
ee,TLD,"*.ee",2,0
ee,TLD,ee,2,0
eg,TLD,"*.eg",2,0
eg,TLD,eg,2,0
"*.er",ICANN,"*.er",3,0
"*.er",ICANN,er,3,0
es,TLD,"*.es",2,0
es,TLD,es,2,0
et,TLD,"*.et",2,0
et,TLD,et,2,0
eu,TLD,"*.eu",2,0
eu,TLD,eu,2,0
fi,TLD,"*.fi",2,0
fi,TLD,fi,2,0
fj,TLD,"*.fj",2,0
fj,TLD,fj,2,0
"*.fk",ICANN,"*.fk",3,0
"*.fk",ICANN,fk,3,0
fm,TLD,"*.fm",2,0
fm,TLD,fm,2,0
fo,TLD,"*.fo",2,0
fo,TLD,fo,2,0
fr,TLD,"*.fr",2,0
fr,TLD,fr,2,0
ga,TLD,"*.ga",2,0
ga,TLD,ga,2,0
gb,TLD,"*.gb",2,0
gb,TLD,gb,2,0
gd,TLD,"*.gd",2,0
gd,TLD,gd,2,0
ge,TLD,"*.ge",2,0
ge,TLD,ge,2,0
gf,TLD,"*.gf",2,0
gf,TLD,gf,2,0
gg,TLD,"*.gg",2,0
gg,TLD,gg,2,0
gh,TLD,"*.gh",2,0
gh,TLD,gh,2,0
gi,TLD,"*.gi",2,0
gi,TLD,gi,2,0
gl,TLD,"*.gl",2,0
gl,TLD,gl,2,0
gm,TLD,"*.gm",2,0
gm,TLD,gm,2,0
gn,TLD,"*.gn",2,0
gn,TLD,gn,2,0
gov,TLD,"*.gov",2,0
gov,TLD,gov,2,0
gp,TLD,"*.gp",2,0
gp,TLD,gp,2,0
gq,TLD,"*.gq",2,0
gq,TLD,gq,2,0
gr,TLD,"*.gr",2,0
gr,TLD,gr,2,0
gs,TLD,"*.gs",2,0
gs,TLD,gs,2,0
gt,TLD,"*.gt",2,0
gt,TLD,gt,2,0
gu,TLD,"*.gu",2,0
gu,TLD,gu,2,0
gw,TLD,"*.gw",2,0
gw,TLD,gw,2,0
gy,TLD,"*.gy",2,0
gy,TLD,gy,2,0
hk,TLD,"*.hk",2,0
hk,TLD,hk,2,0
hm,TLD,"*.hm",2,0
hm,TLD,hm,2,0
hn,TLD,"*.hn",2,0
hn,TLD,hn,2,0
hr,TLD,"*.hr",2,0
hr,TLD,hr,2,0
ht,TLD,"*.ht",2,0
ht,TLD,ht,2,0
hu,TLD,"*.hu",2,0
hu,TLD,hu,2,0
id,TLD,"*.id",2,0
id,TLD,id,2,0
ie,TLD,"*.ie",2,0
ie,TLD,ie,2,0
il,TLD,"*.il",2,0
il,TLD,il,2,0
"ישראל",TLD,"*.ישראל",2,0
"ישראל",TLD,"ישראל",2,0
"ישראל",TLD,"*.xn--4dbrk0ce",2,0
"ישראל",TLD,"xn--4dbrk0ce",2,0
im,TLD,"*.im",2,0
im,TLD,im,2,0
in,TLD,"*.in",2,0
in,TLD,in,2,0
info,TLD,"*.info",2,0
info,TLD,info,2,0
int,TLD,"*.int",2,0
int,TLD,int,2,0
io,TLD,"*.io",2,0
io,TLD,io,2,0
iq,TLD,"*.iq",2,0
iq,TLD,iq,2,0
ir,TLD,"*.ir",2,0
ir,TLD,ir,2,0
is,TLD,"*.is",2,0
is,TLD,is,2,0
it,TLD,"*.it",2,0
it,TLD,it,2,0
je,TLD,"*.je",2,0
je,TLD,je,2,0
"*.jm",ICANN,"*.jm",3,0
"*.jm",ICANN,jm,3,0
jo,TLD,"*.jo",2,0
jo,TLD,jo,2,0
jobs,TLD,"*.jobs",2,0
jobs,TLD,jobs,2,0
jp,TLD,"*.jp",2,0
jp,TLD,jp,2,0
ke,TLD,"*.ke",2,0
ke,TLD,ke,2,0
kg,TLD,"*.kg",2,0
kg,TLD,kg,2,0
"*.kh",ICANN,"*.kh",3,0
"*.kh",ICANN,kh,3,0
ki,TLD,"*.ki",2,0
ki,TLD,ki,2,0
km,TLD,"*.km",2,0
km,TLD,km,2,0
kn,TLD,"*.kn",2,0
kn,TLD,kn,2,0
kp,TLD,"*.kp",2,0
kp,TLD,kp,2,0
kr,TLD,"*.kr",2,0
kr,TLD,kr,2,0
kw,TLD,"*.kw",2,0
kw,TLD,kw,2,0
ky,TLD,"*.ky",2,0
ky,TLD,ky,2,0
kz,TLD,"*.kz",2,0
kz,TLD,kz,2,0
la,TLD,"*.la",2,0
la,TLD,la,2,0
lb,TLD,"*.lb",2,0
lb,TLD,lb,2,0
lc,TLD,"*.lc",2,0
lc,TLD,lc,2,0
li,TLD,"*.li",2,0
li,TLD,li,2,0
lk,TLD,"*.lk",2,0
lk,TLD,lk,2,0
lr,TLD,"*.lr",2,0
lr,TLD,lr,2,0
ls,TLD,"*.ls",2,0
ls,TLD,ls,2,0
lt,TLD,"*.lt",2,0
lt,TLD,lt,2,0
lu,TLD,"*.lu",2,0
lu,TLD,lu,2,0
lv,TLD,"*.lv",2,0
lv,TLD,lv,2,0
ly,TLD,"*.ly",2,0
ly,TLD,ly,2,0
ma,TLD,"*.ma",2,0
ma,TLD,ma,2,0
mc,TLD,"*.mc",2,0
mc,TLD,mc,2,0
md,TLD,"*.md",2,0
md,TLD,md,2,0
me,TLD,"*.me",2,0
me,TLD,me,2,0
mg,TLD,"*.mg",2,0
mg,TLD,mg,2,0
mh,TLD,"*.mh",2,0
mh,TLD,mh,2,0
mil,TLD,"*.mil",2,0
mil,TLD,mil,2,0
mk,TLD,"*.mk",2,0
mk,TLD,mk,2,0
ml,TLD,"*.ml",2,0
ml,TLD,ml,2,0
"*.mm",ICANN,"*.mm",3,0
"*.mm",ICANN,mm,3,0
mn,TLD,"*.mn",2,0
mn,TLD,mn,2,0
mo,TLD,"*.mo",2,0
mo,TLD,mo,2,0
mobi,TLD,"*.mobi",2,0
mobi,TLD,mobi,2,0
mp,TLD,"*.mp",2,0
mp,TLD,mp,2,0
mq,TLD,"*.mq",2,0
mq,TLD,mq,2,0
mr,TLD,"*.mr",2,0
mr,TLD,mr,2,0
ms,TLD,"*.ms",2,0
ms,TLD,ms,2,0
mt,TLD,"*.mt",2,0
mt,TLD,mt,2,0
mu,TLD,"*.mu",2,0
mu,TLD,mu,2,0
museum,TLD,"*.museum",2,0
museum,TLD,museum,2,0
mv,TLD,"*.mv",2,0
mv,TLD,mv,2,0
mw,TLD,"*.mw",2,0
mw,TLD,mw,2,0
mx,TLD,"*.mx",2,0
mx,TLD,mx,2,0
my,TLD,"*.my",2,0
my,TLD,my,2,0
mz,TLD,"*.mz",2,0
mz,TLD,mz,2,0
na,TLD,"*.na",2,0
na,TLD,na,2,0
name,TLD,"*.name",2,0
name,TLD,name,2,0
nc,TLD,"*.nc",2,0
nc,TLD,nc,2,0
ne,TLD,"*.ne",2,0
ne,TLD,ne,2,0
net,TLD,"*.net",2,0
net,TLD,net,2,0
nf,TLD,"*.nf",2,0
nf,TLD,nf,2,0
ng,TLD,"*.ng",2,0
ng,TLD,ng,2,0
ni,TLD,"*.ni",2,0
ni,TLD,ni,2,0
nl,TLD,"*.nl",2,0
nl,TLD,nl,2,0
no,TLD,"*.no",2,0
no,TLD,no,2,0
"*.np",ICANN,"*.np",3,0
"*.np",ICANN,np,3,0
nr,TLD,"*.nr",2,0
nr,TLD,nr,2,0
nu,TLD,"*.nu",2,0
nu,TLD,nu,2,0
nz,TLD,"*.nz",2,0
nz,TLD,nz,2,0
om,TLD,"*.om",2,0
om,TLD,om,2,0
onion,TLD,"*.onion",2,0
onion,TLD,onion,2,0
org,TLD,"*.org",2,0
org,TLD,org,2,0
pa,TLD,"*.pa",2,0
pa,TLD,pa,2,0
pe,TLD,"*.pe",2,0
pe,TLD,pe,2,0
pf,TLD,"*.pf",2,0
pf,TLD,pf,2,0
"*.pg",ICANN,"*.pg",3,0
"*.pg",ICANN,pg,3,0
ph,TLD,"*.ph",2,0
ph,TLD,ph,2,0
pk,TLD,"*.pk",2,0
pk,TLD,pk,2,0
pl,TLD,"*.pl",2,0
pl,TLD,pl,2,0
pm,TLD,"*.pm",2,0
pm,TLD,pm,2,0
pn,TLD,"*.pn",2,0
pn,TLD,pn,2,0
post,TLD,"*.post",2,0
post,TLD,post,2,0
pr,TLD,"*.pr",2,0
pr,TLD,pr,2,0
pro,TLD,"*.pro",2,0
pro,TLD,pro,2,0
ps,TLD,"*.ps",2,0
ps,TLD,ps,2,0
pt,TLD,"*.pt",2,0
pt,TLD,pt,2,0
pw,TLD,"*.pw",2,0
pw,TLD,pw,2,0
py,TLD,"*.py",2,0
py,TLD,py,2,0
qa,TLD,"*.qa",2,0
qa,TLD,qa,2,0
re,TLD,"*.re",2,0
re,TLD,re,2,0
ro,TLD,"*.ro",2,0
ro,TLD,ro,2,0
rs,TLD,"*.rs",2,0
rs,TLD,rs,2,0
ru,TLD,"*.ru",2,0
ru,TLD,ru,2,0
rw,TLD,"*.rw",2,0
rw,TLD,rw,2,0
sa,TLD,"*.sa",2,0
sa,TLD,sa,2,0
sb,TLD,"*.sb",2,0
sb,TLD,sb,2,0
sc,TLD,"*.sc",2,0
sc,TLD,sc,2,0
sd,TLD,"*.sd",2,0
sd,TLD,sd,2,0
se,TLD,"*.se",2,0
se,TLD,se,2,0
sg,TLD,"*.sg",2,0
sg,TLD,sg,2,0
sh,TLD,"*.sh",2,0
sh,TLD,sh,2,0
si,TLD,"*.si",2,0
si,TLD,si,2,0
sj,TLD,"*.sj",2,0
sj,TLD,sj,2,0
sk,TLD,"*.sk",2,0
sk,TLD,sk,2,0
sl,TLD,"*.sl",2,0
sl,TLD,sl,2,0
sm,TLD,"*.sm",2,0
sm,TLD,sm,2,0
sn,TLD,"*.sn",2,0
sn,TLD,sn,2,0
so,TLD,"*.so",2,0
so,TLD,so,2,0
sr,TLD,"*.sr",2,0
sr,TLD,sr,2,0
ss,TLD,"*.ss",2,0
ss,TLD,ss,2,0
st,TLD,"*.st",2,0
st,TLD,st,2,0
su,TLD,"*.su",2,0
su,TLD,su,2,0
sv,TLD,"*.sv",2,0
sv,TLD,sv,2,0
sx,TLD,"*.sx",2,0
sx,TLD,sx,2,0
sy,TLD,"*.sy",2,0
sy,TLD,sy,2,0
sz,TLD,"*.sz",2,0
sz,TLD,sz,2,0
tc,TLD,"*.tc",2,0
tc,TLD,tc,2,0
td,TLD,"*.td",2,0
td,TLD,td,2,0
tel,TLD,"*.tel",2,0
tel,TLD,tel,2,0
tf,TLD,"*.tf",2,0
tf,TLD,tf,2,0
tg,TLD,"*.tg",2,0
tg,TLD,tg,2,0
th,TLD,"*.th",2,0
th,TLD,th,2,0
tj,TLD,"*.tj",2,0
tj,TLD,tj,2,0
tk,TLD,"*.tk",2,0
tk,TLD,tk,2,0
tl,TLD,"*.tl",2,0
tl,TLD,tl,2,0
tm,TLD,"*.tm",2,0
tm,TLD,tm,2,0
tn,TLD,"*.tn",2,0
tn,TLD,tn,2,0
to,TLD,"*.to",2,0
to,TLD,to,2,0
tr,TLD,"*.tr",2,0
tr,TLD,tr,2,0
tt,TLD,"*.tt",2,0
tt,TLD,tt,2,0
tv,TLD,"*.tv",2,0
tv,TLD,tv,2,0
tw,TLD,"*.tw",2,0
tw,TLD,tw,2,0
tz,TLD,"*.tz",2,0
tz,TLD,tz,2,0
ua,TLD,"*.ua",2,0
ua,TLD,ua,2,0
ug,TLD,"*.ug",2,0
ug,TLD,ug,2,0
uk,TLD,"*.uk",2,0
uk,TLD,uk,2,0
us,TLD,"*.us",2,0
us,TLD,us,2,0
uy,TLD,"*.uy",2,0
uy,TLD,uy,2,0
uz,TLD,"*.uz",2,0
uz,TLD,uz,2,0
va,TLD,"*.va",2,0
va,TLD,va,2,0
vc,TLD,"*.vc",2,0
vc,TLD,vc,2,0
ve,TLD,"*.ve",2,0
ve,TLD,ve,2,0
vg,TLD,"*.vg",2,0
vg,TLD,vg,2,0
vi,TLD,"*.vi",2,0
vi,TLD,vi,2,0
vn,TLD,"*.vn",2,0
vn,TLD,vn,2,0
vu,TLD,"*.vu",2,0
vu,TLD,vu,2,0
wf,TLD,"*.wf",2,0
wf,TLD,wf,2,0
ws,TLD,"*.ws",2,0
ws,TLD,ws,2,0
yt,TLD,"*.yt",2,0
yt,TLD,yt,2,0
"امارات",TLD,"*.امارات",2,0
"امارات",TLD,"امارات",2,0
"امارات",TLD,"*.xn--mgbaam7a8h",2,0
"امارات",TLD,"xn--mgbaam7a8h",2,0
"հայ",TLD,"*.հայ",2,0
"հայ",TLD,"հայ",2,0
"հայ",TLD,"*.xn--y9a3aq",2,0
"հայ",TLD,"xn--y9a3aq",2,0
"বাংলা",TLD,"*.বাংলা",2,0
"বাংলা",TLD,"বাংলা",2,0
"বাংলা",TLD,"*.xn--54b7fta0cc",2,0
"বাংলা",TLD,"xn--54b7fta0cc",2,0
"бг",TLD,"*.бг",2,0
"бг",TLD,"бг",2,0
"бг",TLD,"*.xn--90ae",2,0
"бг",TLD,"xn--90ae",2,0
"البحرين",TLD,"*.البحرين",2,0
"البحرين",TLD,"البحرين",2,0
"البحرين",TLD,"*.xn--mgbcpq6gpa1a",2,0
"البحرين",TLD,"xn--mgbcpq6gpa1a",2,0
"бел",TLD,"*.бел",2,0
"бел",TLD,"бел",2,0
"бел",TLD,"*.xn--90ais",2,0
"бел",TLD,"xn--90ais",2,0
"中国",TLD,"*.中国",2,0
"中国",TLD,"中国",2,0
"中国",TLD,"*.xn--fiqs8s",2,0
"中国",TLD,"xn--fiqs8s",2,0
"中國",TLD,"*.中國",2,0
"中國",TLD,"中國",2,0
"中國",TLD,"*.xn--fiqz9s",2,0
"中國",TLD,"xn--fiqz9s",2,0
"الجزائر",TLD,"*.الجزائر",2,0
"الجزائر",TLD,"الجزائر",2,0
"الجزائر",TLD,"*.xn--lgbbat1ad8j",2,0
"الجزائر",TLD,"xn--lgbbat1ad8j",2,0
"مصر",TLD,"*.مصر",2,0
"مصر",TLD,"مصر",2,0
"مصر",TLD,"*.xn--wgbh1c",2,0
"مصر",TLD,"xn--wgbh1c",2,0
"ею",TLD,"*.ею",2,0
"ею",TLD,"ею",2,0
"ею",TLD,"*.xn--e1a4c",2,0
"ею",TLD,"xn--e1a4c",2,0
"ευ",TLD,"*.ευ",2,0
"ευ",TLD,"ευ",2,0
"ευ",TLD,"*.xn--qxa6a",2,0
"ευ",TLD,"xn--qxa6a",2,0
"موريتانيا",TLD,"*.موريتانيا",2,0
"موريتانيا",TLD,"موريتانيا",2,0
"موريتانيا",TLD,"*.xn--mgbah1a3hjkrd",2,0
"موريتانيا",TLD,"xn--mgbah1a3hjkrd",2,0
"გე",TLD,"*.გე",2,0
"გე",TLD,"გე",2,0
"გე",TLD,"*.xn--node",2,0
"გე",TLD,"xn--node",2,0
"ελ",TLD,"*.ελ",2,0
"ελ",TLD,"ελ",2,0
"ελ",TLD,"*.xn--qxam",2,0
"ελ",TLD,"xn--qxam",2,0
"香港",TLD,"*.香港",2,0
"香港",TLD,"香港",2,0
"香港",TLD,"*.xn--j6w193g",2,0
"香港",TLD,"xn--j6w193g",2,0
"ಭಾರತ",TLD,"*.ಭಾರತ",2,0
"ಭಾರತ",TLD,"ಭಾರತ",2,0
"ಭಾರತ",TLD,"*.xn--2scrj9c",2,0
"ಭಾರತ",TLD,"xn--2scrj9c",2,0
"ଭାରତ",TLD,"*.ଭାରତ",2,0
"ଭାରତ",TLD,"ଭାରତ",2,0
"ଭାରତ",TLD,"*.xn--3hcrj9c",2,0
"ଭାରତ",TLD,"xn--3hcrj9c",2,0
"ভাৰত",TLD,"*.ভাৰত",2,0
"ভাৰত",TLD,"ভাৰত",2,0
"ভাৰত",TLD,"*.xn--45br5cyl",2,0
"ভাৰত",TLD,"xn--45br5cyl",2,0
"भारतम्",TLD,"*.भारतम्",2,0
"भारतम्",TLD,"भारतम्",2,0
"भारतम्",TLD,"*.xn--h2breg3eve",2,0
"भारतम्",TLD,"xn--h2breg3eve",2,0
"भारोत",TLD,"*.भारोत",2,0
"भारोत",TLD,"भारोत",2,0
"भारोत",TLD,"*.xn--h2brj9c8c",2,0
"भारोत",TLD,"xn--h2brj9c8c",2,0
"ڀارت",TLD,"*.ڀارت",2,0
"ڀارت",TLD,"ڀارت",2,0
"ڀارت",TLD,"*.xn--mgbgu82a",2,0
"ڀارت",TLD,"xn--mgbgu82a",2,0
"ഭാരതം",TLD,"*.ഭാരതം",2,0
"ഭാരതം",TLD,"ഭാരതം",2,0
"ഭാരതം",TLD,"*.xn--rvc1e0am3e",2,0
"ഭാരതം",TLD,"xn--rvc1e0am3e",2,0
"भारत",TLD,"*.भारत",2,0
"भारत",TLD,"भारत",2,0
"भारत",TLD,"*.xn--h2brj9c",2,0
"भारत",TLD,"xn--h2brj9c",2,0
"بارت",TLD,"*.بارت",2,0
"بارت",TLD,"بارت",2,0
"بارت",TLD,"*.xn--mgbbh1a",2,0
"بارت",TLD,"xn--mgbbh1a",2,0
"بھارت",TLD,"*.بھارت",2,0
"بھارت",TLD,"بھارت",2,0
"بھارت",TLD,"*.xn--mgbbh1a71e",2,0
"بھارت",TLD,"xn--mgbbh1a71e",2,0
"భారత్",TLD,"*.భారత్",2,0
"భారత్",TLD,"భారత్",2,0
"భారత్",TLD,"*.xn--fpcrj9c3d",2,0
"భారత్",TLD,"xn--fpcrj9c3d",2,0
"ભારત",TLD,"*.ભારત",2,0
"ભારત",TLD,"ભારત",2,0
"ભારત",TLD,"*.xn--gecrj9c",2,0
"ભારત",TLD,"xn--gecrj9c",2,0
"ਭਾਰਤ",TLD,"*.ਭਾਰਤ",2,0
"ਭਾਰਤ",TLD,"ਭਾਰਤ",2,0
"ਭਾਰਤ",TLD,"*.xn--s9brj9c",2,0
"ਭਾਰਤ",TLD,"xn--s9brj9c",2,0
"ভারত",TLD,"*.ভারত",2,0
"ভারত",TLD,"ভারত",2,0
"ভারত",TLD,"*.xn--45brj9c",2,0
"ভারত",TLD,"xn--45brj9c",2,0
"இந்தியா",TLD,"*.இந்தியா",2,0
"இந்தியா",TLD,"இந்தியா",2,0
"இந்தியா",TLD,"*.xn--xkc2dl3a5ee0h",2,0
"இந்தியா",TLD,"xn--xkc2dl3a5ee0h",2,0
"ایران",TLD,"*.ایران",2,0
"ایران",TLD,"ایران",2,0
"ایران",TLD,"*.xn--mgba3a4f16a",2,0
"ایران",TLD,"xn--mgba3a4f16a",2,0
"ايران",TLD,"*.ايران",2,0
"ايران",TLD,"ايران",2,0
"ايران",TLD,"*.xn--mgba3a4fra",2,0
"ايران",TLD,"xn--mgba3a4fra",2,0
"عراق",TLD,"*.عراق",2,0
"عراق",TLD,"عراق",2,0
"عراق",TLD,"*.xn--mgbtx2b",2,0
"عراق",TLD,"xn--mgbtx2b",2,0
"الاردن",TLD,"*.الاردن",2,0
"الاردن",TLD,"الاردن",2,0
"الاردن",TLD,"*.xn--mgbayh7gpa",2,0
"الاردن",TLD,"xn--mgbayh7gpa",2,0
"한국",TLD,"*.한국",2,0
"한국",TLD,"한국",2,0
"한국",TLD,"*.xn--3e0b707e",2,0
"한국",TLD,"xn--3e0b707e",2,0
"қаз",TLD,"*.қаз",2,0
"қаз",TLD,"қаз",2,0
"қаз",TLD,"*.xn--80ao21a",2,0
"қаз",TLD,"xn--80ao21a",2,0
"ລາວ",TLD,"*.ລາວ",2,0
"ລາວ",TLD,"ລາວ",2,0
"ລາວ",TLD,"*.xn--q7ce6a",2,0
"ລາວ",TLD,"xn--q7ce6a",2,0
"ලංකා",TLD,"*.ලංකා",2,0
"ලංකා",TLD,"ලංකා",2,0
"ලංකා",TLD,"*.xn--fzc2c9e2c",2,0
"ලංකා",TLD,"xn--fzc2c9e2c",2,0
"இலங்கை",TLD,"*.இலங்கை",2,0
"இலங்கை",TLD,"இலங்கை",2,0
"இலங்கை",TLD,"*.xn--xkc2al3hye2a",2,0
"இலங்கை",TLD,"xn--xkc2al3hye2a",2,0
"المغرب",TLD,"*.المغرب",2,0
"المغرب",TLD,"المغرب",2,0
"المغرب",TLD,"*.xn--mgbc0a9azcg",2,0
"المغرب",TLD,"xn--mgbc0a9azcg",2,0
"мкд",TLD,"*.мкд",2,0
"мкд",TLD,"мкд",2,0
"мкд",TLD,"*.xn--d1alf",2,0
"мкд",TLD,"xn--d1alf",2,0
"мон",TLD,"*.мон",2,0
"мон",TLD,"мон",2,0
"мон",TLD,"*.xn--l1acc",2,0
"мон",TLD,"xn--l1acc",2,0
"澳門",TLD,"*.澳門",2,0
"澳門",TLD,"澳門",2,0
"澳門",TLD,"*.xn--mix891f",2,0
"澳門",TLD,"xn--mix891f",2,0
"澳门",TLD,"*.澳门",2,0
"澳门",TLD,"澳门",2,0
"澳门",TLD,"*.xn--mix082f",2,0
"澳门",TLD,"xn--mix082f",2,0
"مليسيا",TLD,"*.مليسيا",2,0
"مليسيا",TLD,"مليسيا",2,0
"مليسيا",TLD,"*.xn--mgbx4cd0ab",2,0
"مليسيا",TLD,"xn--mgbx4cd0ab",2,0
"عمان",TLD,"*.عمان",2,0
"عمان",TLD,"عمان",2,0
"عمان",TLD,"*.xn--mgb9awbf",2,0
"عمان",TLD,"xn--mgb9awbf",2,0
"پاکستان",TLD,"*.پاکستان",2,0
"پاکستان",TLD,"پاکستان",2,0
"پاکستان",TLD,"*.xn--mgbai9azgqp6j",2,0
"پاکستان",TLD,"xn--mgbai9azgqp6j",2,0
"پاكستان",TLD,"*.پاكستان",2,0
"پاكستان",TLD,"پاكستان",2,0
"پاكستان",TLD,"*.xn--mgbai9a5eva00b",2,0
"پاكستان",TLD,"xn--mgbai9a5eva00b",2,0
"فلسطين",TLD,"*.فلسطين",2,0
"فلسطين",TLD,"فلسطين",2,0
"فلسطين",TLD,"*.xn--ygbi2ammx",2,0
"فلسطين",TLD,"xn--ygbi2ammx",2,0
"срб",TLD,"*.срб",2,0
"срб",TLD,"срб",2,0
"срб",TLD,"*.xn--90a3ac",2,0
"срб",TLD,"xn--90a3ac",2,0
"рф",TLD,"*.рф",2,0
"рф",TLD,"рф",2,0
"рф",TLD,"*.xn--p1ai",2,0
"рф",TLD,"xn--p1ai",2,0
"قطر",TLD,"*.قطر",2,0
"قطر",TLD,"قطر",2,0
"قطر",TLD,"*.xn--wgbl6a",2,0
"قطر",TLD,"xn--wgbl6a",2,0
"السعودية",TLD,"*.السعودية",2,0
"السعودية",TLD,"السعودية",2,0
"السعودية",TLD,"*.xn--mgberp4a5d4ar",2,0
"السعودية",TLD,"xn--mgberp4a5d4ar",2,0
"السعودیة",TLD,"*.السعودیة",2,0
"السعودیة",TLD,"السعودیة",2,0
"السعودیة",TLD,"*.xn--mgberp4a5d4a87g",2,0
"السعودیة",TLD,"xn--mgberp4a5d4a87g",2,0
"السعودیۃ",TLD,"*.السعودیۃ",2,0
"السعودیۃ",TLD,"السعودیۃ",2,0
"السعودیۃ",TLD,"*.xn--mgbqly7c0a67fbc",2,0
"السعودیۃ",TLD,"xn--mgbqly7c0a67fbc",2,0
"السعوديه",TLD,"*.السعوديه",2,0
"السعوديه",TLD,"السعوديه",2,0
"السعوديه",TLD,"*.xn--mgbqly7cvafr",2,0
"السعوديه",TLD,"xn--mgbqly7cvafr",2,0
"سودان",TLD,"*.سودان",2,0
"سودان",TLD,"سودان",2,0
"سودان",TLD,"*.xn--mgbpl2fh",2,0
"سودان",TLD,"xn--mgbpl2fh",2,0
"新加坡",TLD,"*.新加坡",2,0
"新加坡",TLD,"新加坡",2,0
"新加坡",TLD,"*.xn--yfro4i67o",2,0
"新加坡",TLD,"xn--yfro4i67o",2,0
"சிங்கப்பூர்",TLD,"*.சிங்கப்பூர்",2,0
"சிங்கப்பூர்",TLD,"சிங்கப்பூர்",2,0
"சிங்கப்பூர்",TLD,"*.xn--clchc0ea0b2g2a9gcd",2,0
"சிங்கப்பூர்",TLD,"xn--clchc0ea0b2g2a9gcd",2,0
"سورية",TLD,"*.سورية",2,0
"سورية",TLD,"سورية",2,0
"سورية",TLD,"*.xn--ogbpf8fl",2,0
"سورية",TLD,"xn--ogbpf8fl",2,0
"سوريا",TLD,"*.سوريا",2,0
"سوريا",TLD,"سوريا",2,0
"سوريا",TLD,"*.xn--mgbtf8fl",2,0
"سوريا",TLD,"xn--mgbtf8fl",2,0
"ไทย",TLD,"*.ไทย",2,0
"ไทย",TLD,"ไทย",2,0
"ไทย",TLD,"*.xn--o3cw4h",2,0
"ไทย",TLD,"xn--o3cw4h",2,0
"تونس",TLD,"*.تونس",2,0
"تونس",TLD,"تونس",2,0
"تونس",TLD,"*.xn--pgbs0dh",2,0
"تونس",TLD,"xn--pgbs0dh",2,0
"台灣",TLD,"*.台灣",2,0
"台灣",TLD,"台灣",2,0
"台灣",TLD,"*.xn--kpry57d",2,0
"台灣",TLD,"xn--kpry57d",2,0
"台湾",TLD,"*.台湾",2,0
"台湾",TLD,"台湾",2,0
"台湾",TLD,"*.xn--kprw13d",2,0
"台湾",TLD,"xn--kprw13d",2,0
"臺灣",TLD,"*.臺灣",2,0
"臺灣",TLD,"臺灣",2,0
"臺灣",TLD,"*.xn--nnx388a",2,0
"臺灣",TLD,"xn--nnx388a",2,0
"укр",TLD,"*.укр",2,0
"укр",TLD,"укр",2,0
"укр",TLD,"*.xn--j1amh",2,0
"укр",TLD,"xn--j1amh",2,0
"اليمن",TLD,"*.اليمن",2,0
"اليمن",TLD,"اليمن",2,0
"اليمن",TLD,"*.xn--mgb2ddes",2,0
"اليمن",TLD,"xn--mgb2ddes",2,0
xxx,TLD,"*.xxx",2,0
xxx,TLD,xxx,2,0
ye,TLD,"*.ye",2,0
ye,TLD,ye,2,0
zm,TLD,"*.zm",2,0
zm,TLD,zm,2,0
zw,TLD,"*.zw",2,0
zw,TLD,zw,2,0
aaa,TLD,"*.aaa",2,0
aaa,TLD,aaa,2,0
aarp,TLD,"*.aarp",2,0
aarp,TLD,aarp,2,0
abb,TLD,"*.abb",2,0
abb,TLD,abb,2,0
abbott,TLD,"*.abbott",2,0
abbott,TLD,abbott,2,0
abbvie,TLD,"*.abbvie",2,0
abbvie,TLD,abbvie,2,0
abc,TLD,"*.abc",2,0
abc,TLD,abc,2,0
able,TLD,"*.able",2,0
able,TLD,able,2,0
abogado,TLD,"*.abogado",2,0
abogado,TLD,abogado,2,0
abudhabi,TLD,"*.abudhabi",2,0
abudhabi,TLD,abudhabi,2,0
academy,TLD,"*.academy",2,0
academy,TLD,academy,2,0
accenture,TLD,"*.accenture",2,0
accenture,TLD,accenture,2,0
accountant,TLD,"*.accountant",2,0
accountant,TLD,accountant,2,0
accountants,TLD,"*.accountants",2,0
accountants,TLD,accountants,2,0
aco,TLD,"*.aco",2,0
aco,TLD,aco,2,0
actor,TLD,"*.actor",2,0
actor,TLD,actor,2,0
ads,TLD,"*.ads",2,0
ads,TLD,ads,2,0
adult,TLD,"*.adult",2,0
adult,TLD,adult,2,0
aeg,TLD,"*.aeg",2,0
aeg,TLD,aeg,2,0
aetna,TLD,"*.aetna",2,0
aetna,TLD,aetna,2,0
afl,TLD,"*.afl",2,0
afl,TLD,afl,2,0
africa,TLD,"*.africa",2,0
africa,TLD,africa,2,0
agakhan,TLD,"*.agakhan",2,0
agakhan,TLD,agakhan,2,0
agency,TLD,"*.agency",2,0
agency,TLD,agency,2,0
aig,TLD,"*.aig",2,0
aig,TLD,aig,2,0
airbus,TLD,"*.airbus",2,0
airbus,TLD,airbus,2,0
airforce,TLD,"*.airforce",2,0
airforce,TLD,airforce,2,0
airtel,TLD,"*.airtel",2,0
airtel,TLD,airtel,2,0
akdn,TLD,"*.akdn",2,0
akdn,TLD,akdn,2,0
alibaba,TLD,"*.alibaba",2,0
alibaba,TLD,alibaba,2,0
alipay,TLD,"*.alipay",2,0
alipay,TLD,alipay,2,0
allfinanz,TLD,"*.allfinanz",2,0
allfinanz,TLD,allfinanz,2,0
allstate,TLD,"*.allstate",2,0
allstate,TLD,allstate,2,0
ally,TLD,"*.ally",2,0
ally,TLD,ally,2,0
alsace,TLD,"*.alsace",2,0
alsace,TLD,alsace,2,0
alstom,TLD,"*.alstom",2,0
alstom,TLD,alstom,2,0
amazon,TLD,"*.amazon",2,0
amazon,TLD,amazon,2,0
americanexpress,TLD,"*.americanexpress",2,0
americanexpress,TLD,americanexpress,2,0
americanfamily,TLD,"*.americanfamily",2,0
americanfamily,TLD,americanfamily,2,0
amex,TLD,"*.amex",2,0
amex,TLD,amex,2,0
amfam,TLD,"*.amfam",2,0
amfam,TLD,amfam,2,0
amica,TLD,"*.amica",2,0
amica,TLD,amica,2,0
amsterdam,TLD,"*.amsterdam",2,0
amsterdam,TLD,amsterdam,2,0
analytics,TLD,"*.analytics",2,0
analytics,TLD,analytics,2,0
android,TLD,"*.android",2,0
android,TLD,android,2,0
anquan,TLD,"*.anquan",2,0
anquan,TLD,anquan,2,0
anz,TLD,"*.anz",2,0
anz,TLD,anz,2,0
aol,TLD,"*.aol",2,0
aol,TLD,aol,2,0
apartments,TLD,"*.apartments",2,0
apartments,TLD,apartments,2,0
app,TLD,"*.app",2,0
app,TLD,app,2,0
apple,TLD,"*.apple",2,0
apple,TLD,apple,2,0
aquarelle,TLD,"*.aquarelle",2,0
aquarelle,TLD,aquarelle,2,0
arab,TLD,"*.arab",2,0
arab,TLD,arab,2,0
aramco,TLD,"*.aramco",2,0
aramco,TLD,aramco,2,0
archi,TLD,"*.archi",2,0
archi,TLD,archi,2,0
army,TLD,"*.army",2,0
army,TLD,army,2,0
art,TLD,"*.art",2,0
art,TLD,art,2,0
arte,TLD,"*.arte",2,0
arte,TLD,arte,2,0
asda,TLD,"*.asda",2,0
asda,TLD,asda,2,0
associates,TLD,"*.associates",2,0
associates,TLD,associates,2,0
athleta,TLD,"*.athleta",2,0
athleta,TLD,athleta,2,0
attorney,TLD,"*.attorney",2,0
attorney,TLD,attorney,2,0
auction,TLD,"*.auction",2,0
auction,TLD,auction,2,0
audi,TLD,"*.audi",2,0
audi,TLD,audi,2,0
audible,TLD,"*.audible",2,0
audible,TLD,audible,2,0
audio,TLD,"*.audio",2,0
audio,TLD,audio,2,0
auspost,TLD,"*.auspost",2,0
auspost,TLD,auspost,2,0
author,TLD,"*.author",2,0
author,TLD,author,2,0
auto,TLD,"*.auto",2,0
auto,TLD,auto,2,0
autos,TLD,"*.autos",2,0
autos,TLD,autos,2,0
aws,TLD,"*.aws",2,0
aws,TLD,aws,2,0
axa,TLD,"*.axa",2,0
axa,TLD,axa,2,0
azure,TLD,"*.azure",2,0
azure,TLD,azure,2,0
baby,TLD,"*.baby",2,0
baby,TLD,baby,2,0
baidu,TLD,"*.baidu",2,0
baidu,TLD,baidu,2,0
banamex,TLD,"*.banamex",2,0
banamex,TLD,banamex,2,0
band,TLD,"*.band",2,0
band,TLD,band,2,0
bank,TLD,"*.bank",2,0
bank,TLD,bank,2,0
bar,TLD,"*.bar",2,0
bar,TLD,bar,2,0
barcelona,TLD,"*.barcelona",2,0
barcelona,TLD,barcelona,2,0
barclaycard,TLD,"*.barclaycard",2,0
barclaycard,TLD,barclaycard,2,0
barclays,TLD,"*.barclays",2,0
barclays,TLD,barclays,2,0
barefoot,TLD,"*.barefoot",2,0
barefoot,TLD,barefoot,2,0
bargains,TLD,"*.bargains",2,0
bargains,TLD,bargains,2,0
baseball,TLD,"*.baseball",2,0
baseball,TLD,baseball,2,0
basketball,TLD,"*.basketball",2,0
basketball,TLD,basketball,2,0
bauhaus,TLD,"*.bauhaus",2,0
bauhaus,TLD,bauhaus,2,0
bayern,TLD,"*.bayern",2,0
bayern,TLD,bayern,2,0
bbc,TLD,"*.bbc",2,0
bbc,TLD,bbc,2,0
bbt,TLD,"*.bbt",2,0
bbt,TLD,bbt,2,0
bbva,TLD,"*.bbva",2,0
bbva,TLD,bbva,2,0
bcg,TLD,"*.bcg",2,0
bcg,TLD,bcg,2,0
bcn,TLD,"*.bcn",2,0
bcn,TLD,bcn,2,0
beats,TLD,"*.beats",2,0
beats,TLD,beats,2,0
beauty,TLD,"*.beauty",2,0
beauty,TLD,beauty,2,0
beer,TLD,"*.beer",2,0
beer,TLD,beer,2,0
berlin,TLD,"*.berlin",2,0
berlin,TLD,berlin,2,0
best,TLD,"*.best",2,0
best,TLD,best,2,0
bestbuy,TLD,"*.bestbuy",2,0
bestbuy,TLD,bestbuy,2,0
bet,TLD,"*.bet",2,0
bet,TLD,bet,2,0
bharti,TLD,"*.bharti",2,0
bharti,TLD,bharti,2,0
bible,TLD,"*.bible",2,0
bible,TLD,bible,2,0
bid,TLD,"*.bid",2,0
bid,TLD,bid,2,0
bike,TLD,"*.bike",2,0
bike,TLD,bike,2,0
bing,TLD,"*.bing",2,0
bing,TLD,bing,2,0
bingo,TLD,"*.bingo",2,0
bingo,TLD,bingo,2,0
bio,TLD,"*.bio",2,0
bio,TLD,bio,2,0
black,TLD,"*.black",2,0
black,TLD,black,2,0
blackfriday,TLD,"*.blackfriday",2,0
blackfriday,TLD,blackfriday,2,0
blockbuster,TLD,"*.blockbuster",2,0
blockbuster,TLD,blockbuster,2,0
blog,TLD,"*.blog",2,0
blog,TLD,blog,2,0
bloomberg,TLD,"*.bloomberg",2,0
bloomberg,TLD,bloomberg,2,0
blue,TLD,"*.blue",2,0
blue,TLD,blue,2,0
bms,TLD,"*.bms",2,0
bms,TLD,bms,2,0
bmw,TLD,"*.bmw",2,0
bmw,TLD,bmw,2,0
bnpparibas,TLD,"*.bnpparibas",2,0
bnpparibas,TLD,bnpparibas,2,0
boats,TLD,"*.boats",2,0
boats,TLD,boats,2,0
boehringer,TLD,"*.boehringer",2,0
boehringer,TLD,boehringer,2,0
bofa,TLD,"*.bofa",2,0
bofa,TLD,bofa,2,0
bom,TLD,"*.bom",2,0
bom,TLD,bom,2,0
bond,TLD,"*.bond",2,0
bond,TLD,bond,2,0
boo,TLD,"*.boo",2,0
boo,TLD,boo,2,0
book,TLD,"*.book",2,0
book,TLD,book,2,0
booking,TLD,"*.booking",2,0
booking,TLD,booking,2,0
bosch,TLD,"*.bosch",2,0
bosch,TLD,bosch,2,0
bostik,TLD,"*.bostik",2,0
bostik,TLD,bostik,2,0
boston,TLD,"*.boston",2,0
boston,TLD,boston,2,0
bot,TLD,"*.bot",2,0
bot,TLD,bot,2,0
boutique,TLD,"*.boutique",2,0
boutique,TLD,boutique,2,0
box,TLD,"*.box",2,0
box,TLD,box,2,0
bradesco,TLD,"*.bradesco",2,0
bradesco,TLD,bradesco,2,0
bridgestone,TLD,"*.bridgestone",2,0
bridgestone,TLD,bridgestone,2,0
broadway,TLD,"*.broadway",2,0
broadway,TLD,broadway,2,0
broker,TLD,"*.broker",2,0
broker,TLD,broker,2,0
brother,TLD,"*.brother",2,0
brother,TLD,brother,2,0
brussels,TLD,"*.brussels",2,0
brussels,TLD,brussels,2,0
build,TLD,"*.build",2,0
build,TLD,build,2,0
builders,TLD,"*.builders",2,0
builders,TLD,builders,2,0
business,TLD,"*.business",2,0
business,TLD,business,2,0
buy,TLD,"*.buy",2,0
buy,TLD,buy,2,0
buzz,TLD,"*.buzz",2,0
buzz,TLD,buzz,2,0
bzh,TLD,"*.bzh",2,0
bzh,TLD,bzh,2,0
cab,TLD,"*.cab",2,0
cab,TLD,cab,2,0
cafe,TLD,"*.cafe",2,0
cafe,TLD,cafe,2,0
cal,TLD,"*.cal",2,0
cal,TLD,cal,2,0
call,TLD,"*.call",2,0
call,TLD,call,2,0
calvinklein,TLD,"*.calvinklein",2,0
calvinklein,TLD,calvinklein,2,0
cam,TLD,"*.cam",2,0
cam,TLD,cam,2,0
camera,TLD,"*.camera",2,0
camera,TLD,camera,2,0
camp,TLD,"*.camp",2,0
camp,TLD,camp,2,0
canon,TLD,"*.canon",2,0
canon,TLD,canon,2,0
capetown,TLD,"*.capetown",2,0
capetown,TLD,capetown,2,0
capital,TLD,"*.capital",2,0
capital,TLD,capital,2,0
capitalone,TLD,"*.capitalone",2,0
capitalone,TLD,capitalone,2,0
car,TLD,"*.car",2,0
car,TLD,car,2,0
caravan,TLD,"*.caravan",2,0
caravan,TLD,caravan,2,0
cards,TLD,"*.cards",2,0
cards,TLD,cards,2,0
care,TLD,"*.care",2,0
care,TLD,care,2,0
career,TLD,"*.career",2,0
career,TLD,career,2,0
careers,TLD,"*.careers",2,0
careers,TLD,careers,2,0
cars,TLD,"*.cars",2,0
cars,TLD,cars,2,0
casa,TLD,"*.casa",2,0
casa,TLD,casa,2,0
case,TLD,"*.case",2,0
case,TLD,case,2,0
cash,TLD,"*.cash",2,0
cash,TLD,cash,2,0
casino,TLD,"*.casino",2,0
casino,TLD,casino,2,0
catering,TLD,"*.catering",2,0
catering,TLD,catering,2,0
catholic,TLD,"*.catholic",2,0
catholic,TLD,catholic,2,0
cba,TLD,"*.cba",2,0
cba,TLD,cba,2,0
cbn,TLD,"*.cbn",2,0
cbn,TLD,cbn,2,0
cbre,TLD,"*.cbre",2,0
cbre,TLD,cbre,2,0
center,TLD,"*.center",2,0
center,TLD,center,2,0
ceo,TLD,"*.ceo",2,0
ceo,TLD,ceo,2,0
cern,TLD,"*.cern",2,0
cern,TLD,cern,2,0
cfa,TLD,"*.cfa",2,0
cfa,TLD,cfa,2,0
cfd,TLD,"*.cfd",2,0
cfd,TLD,cfd,2,0
chanel,TLD,"*.chanel",2,0
chanel,TLD,chanel,2,0
channel,TLD,"*.channel",2,0
channel,TLD,channel,2,0
charity,TLD,"*.charity",2,0
charity,TLD,charity,2,0
chase,TLD,"*.chase",2,0
chase,TLD,chase,2,0
chat,TLD,"*.chat",2,0
chat,TLD,chat,2,0
cheap,TLD,"*.cheap",2,0
cheap,TLD,cheap,2,0
chintai,TLD,"*.chintai",2,0
chintai,TLD,chintai,2,0
christmas,TLD,"*.christmas",2,0
christmas,TLD,christmas,2,0
chrome,TLD,"*.chrome",2,0
chrome,TLD,chrome,2,0
church,TLD,"*.church",2,0
church,TLD,church,2,0
cipriani,TLD,"*.cipriani",2,0
cipriani,TLD,cipriani,2,0
circle,TLD,"*.circle",2,0
circle,TLD,circle,2,0
cisco,TLD,"*.cisco",2,0
cisco,TLD,cisco,2,0
citadel,TLD,"*.citadel",2,0
citadel,TLD,citadel,2,0
citi,TLD,"*.citi",2,0
citi,TLD,citi,2,0
citic,TLD,"*.citic",2,0
citic,TLD,citic,2,0
city,TLD,"*.city",2,0
city,TLD,city,2,0
claims,TLD,"*.claims",2,0
claims,TLD,claims,2,0
cleaning,TLD,"*.cleaning",2,0
cleaning,TLD,cleaning,2,0
click,TLD,"*.click",2,0
click,TLD,click,2,0
clinic,TLD,"*.clinic",2,0
clinic,TLD,clinic,2,0
clinique,TLD,"*.clinique",2,0
clinique,TLD,clinique,2,0
clothing,TLD,"*.clothing",2,0
clothing,TLD,clothing,2,0
cloud,TLD,"*.cloud",2,0
cloud,TLD,cloud,2,0
club,TLD,"*.club",2,0
club,TLD,club,2,0
clubmed,TLD,"*.clubmed",2,0
clubmed,TLD,clubmed,2,0
coach,TLD,"*.coach",2,0
coach,TLD,coach,2,0
codes,TLD,"*.codes",2,0
codes,TLD,codes,2,0
coffee,TLD,"*.coffee",2,0
coffee,TLD,coffee,2,0
college,TLD,"*.college",2,0
college,TLD,college,2,0
cologne,TLD,"*.cologne",2,0
cologne,TLD,cologne,2,0
commbank,TLD,"*.commbank",2,0
commbank,TLD,commbank,2,0
community,TLD,"*.community",2,0
community,TLD,community,2,0
company,TLD,"*.company",2,0
company,TLD,company,2,0
compare,TLD,"*.compare",2,0
compare,TLD,compare,2,0
computer,TLD,"*.computer",2,0
computer,TLD,computer,2,0
comsec,TLD,"*.comsec",2,0
comsec,TLD,comsec,2,0
condos,TLD,"*.condos",2,0
condos,TLD,condos,2,0
construction,TLD,"*.construction",2,0
construction,TLD,construction,2,0
consulting,TLD,"*.consulting",2,0
consulting,TLD,consulting,2,0
contact,TLD,"*.contact",2,0
contact,TLD,contact,2,0
contractors,TLD,"*.contractors",2,0
contractors,TLD,contractors,2,0
cooking,TLD,"*.cooking",2,0
cooking,TLD,cooking,2,0
cool,TLD,"*.cool",2,0
cool,TLD,cool,2,0
corsica,TLD,"*.corsica",2,0
corsica,TLD,corsica,2,0
country,TLD,"*.country",2,0
country,TLD,country,2,0
coupon,TLD,"*.coupon",2,0
coupon,TLD,coupon,2,0
coupons,TLD,"*.coupons",2,0
coupons,TLD,coupons,2,0
courses,TLD,"*.courses",2,0
courses,TLD,courses,2,0
cpa,TLD,"*.cpa",2,0
cpa,TLD,cpa,2,0
credit,TLD,"*.credit",2,0
credit,TLD,credit,2,0
creditcard,TLD,"*.creditcard",2,0
creditcard,TLD,creditcard,2,0
creditunion,TLD,"*.creditunion",2,0
creditunion,TLD,creditunion,2,0
cricket,TLD,"*.cricket",2,0
cricket,TLD,cricket,2,0
crown,TLD,"*.crown",2,0
crown,TLD,crown,2,0
crs,TLD,"*.crs",2,0
crs,TLD,crs,2,0
cruise,TLD,"*.cruise",2,0
cruise,TLD,cruise,2,0
cruises,TLD,"*.cruises",2,0
cruises,TLD,cruises,2,0
cuisinella,TLD,"*.cuisinella",2,0
cuisinella,TLD,cuisinella,2,0
cymru,TLD,"*.cymru",2,0
cymru,TLD,cymru,2,0
cyou,TLD,"*.cyou",2,0
cyou,TLD,cyou,2,0
dad,TLD,"*.dad",2,0
dad,TLD,dad,2,0
dance,TLD,"*.dance",2,0
dance,TLD,dance,2,0
data,TLD,"*.data",2,0
data,TLD,data,2,0
date,TLD,"*.date",2,0
date,TLD,date,2,0
dating,TLD,"*.dating",2,0
dating,TLD,dating,2,0
datsun,TLD,"*.datsun",2,0
datsun,TLD,datsun,2,0
day,TLD,"*.day",2,0
day,TLD,day,2,0
dclk,TLD,"*.dclk",2,0
dclk,TLD,dclk,2,0
dds,TLD,"*.dds",2,0
dds,TLD,dds,2,0
deal,TLD,"*.deal",2,0
deal,TLD,deal,2,0
dealer,TLD,"*.dealer",2,0
dealer,TLD,dealer,2,0
deals,TLD,"*.deals",2,0
deals,TLD,deals,2,0
degree,TLD,"*.degree",2,0
degree,TLD,degree,2,0
delivery,TLD,"*.delivery",2,0
delivery,TLD,delivery,2,0
dell,TLD,"*.dell",2,0
dell,TLD,dell,2,0
deloitte,TLD,"*.deloitte",2,0
deloitte,TLD,deloitte,2,0
delta,TLD,"*.delta",2,0
delta,TLD,delta,2,0
democrat,TLD,"*.democrat",2,0
democrat,TLD,democrat,2,0
dental,TLD,"*.dental",2,0
dental,TLD,dental,2,0
dentist,TLD,"*.dentist",2,0
dentist,TLD,dentist,2,0
desi,TLD,"*.desi",2,0
desi,TLD,desi,2,0
design,TLD,"*.design",2,0
design,TLD,design,2,0
dev,TLD,"*.dev",2,0
dev,TLD,dev,2,0
dhl,TLD,"*.dhl",2,0
dhl,TLD,dhl,2,0
diamonds,TLD,"*.diamonds",2,0
diamonds,TLD,diamonds,2,0
diet,TLD,"*.diet",2,0
diet,TLD,diet,2,0
digital,TLD,"*.digital",2,0
digital,TLD,digital,2,0
direct,TLD,"*.direct",2,0
direct,TLD,direct,2,0
directory,TLD,"*.directory",2,0
directory,TLD,directory,2,0
discount,TLD,"*.discount",2,0
discount,TLD,discount,2,0
discover,TLD,"*.discover",2,0
discover,TLD,discover,2,0
dish,TLD,"*.dish",2,0
dish,TLD,dish,2,0
diy,TLD,"*.diy",2,0
diy,TLD,diy,2,0
dnp,TLD,"*.dnp",2,0
dnp,TLD,dnp,2,0
docs,TLD,"*.docs",2,0
docs,TLD,docs,2,0
doctor,TLD,"*.doctor",2,0
doctor,TLD,doctor,2,0
dog,TLD,"*.dog",2,0
dog,TLD,dog,2,0
domains,TLD,"*.domains",2,0
domains,TLD,domains,2,0
dot,TLD,"*.dot",2,0
dot,TLD,dot,2,0
download,TLD,"*.download",2,0
download,TLD,download,2,0
drive,TLD,"*.drive",2,0
drive,TLD,drive,2,0
dtv,TLD,"*.dtv",2,0
dtv,TLD,dtv,2,0
dubai,TLD,"*.dubai",2,0
dubai,TLD,dubai,2,0
dunlop,TLD,"*.dunlop",2,0
dunlop,TLD,dunlop,2,0
dupont,TLD,"*.dupont",2,0
dupont,TLD,dupont,2,0
durban,TLD,"*.durban",2,0
durban,TLD,durban,2,0
dvag,TLD,"*.dvag",2,0
dvag,TLD,dvag,2,0
dvr,TLD,"*.dvr",2,0
dvr,TLD,dvr,2,0
earth,TLD,"*.earth",2,0
earth,TLD,earth,2,0
eat,TLD,"*.eat",2,0
eat,TLD,eat,2,0
eco,TLD,"*.eco",2,0
eco,TLD,eco,2,0
edeka,TLD,"*.edeka",2,0
edeka,TLD,edeka,2,0
education,TLD,"*.education",2,0
education,TLD,education,2,0
email,TLD,"*.email",2,0
email,TLD,email,2,0
emerck,TLD,"*.emerck",2,0
emerck,TLD,emerck,2,0
energy,TLD,"*.energy",2,0
energy,TLD,energy,2,0
engineer,TLD,"*.engineer",2,0
engineer,TLD,engineer,2,0
engineering,TLD,"*.engineering",2,0
engineering,TLD,engineering,2,0
enterprises,TLD,"*.enterprises",2,0
enterprises,TLD,enterprises,2,0
epson,TLD,"*.epson",2,0
epson,TLD,epson,2,0
equipment,TLD,"*.equipment",2,0
equipment,TLD,equipment,2,0
ericsson,TLD,"*.ericsson",2,0
ericsson,TLD,ericsson,2,0
erni,TLD,"*.erni",2,0
erni,TLD,erni,2,0
esq,TLD,"*.esq",2,0
esq,TLD,esq,2,0
estate,TLD,"*.estate",2,0
estate,TLD,estate,2,0
eurovision,TLD,"*.eurovision",2,0
eurovision,TLD,eurovision,2,0
eus,TLD,"*.eus",2,0
eus,TLD,eus,2,0
events,TLD,"*.events",2,0
events,TLD,events,2,0
exchange,TLD,"*.exchange",2,0
exchange,TLD,exchange,2,0
expert,TLD,"*.expert",2,0
expert,TLD,expert,2,0
exposed,TLD,"*.exposed",2,0
exposed,TLD,exposed,2,0
express,TLD,"*.express",2,0
express,TLD,express,2,0
extraspace,TLD,"*.extraspace",2,0
extraspace,TLD,extraspace,2,0
fage,TLD,"*.fage",2,0
fage,TLD,fage,2,0
fail,TLD,"*.fail",2,0
fail,TLD,fail,2,0
fairwinds,TLD,"*.fairwinds",2,0
fairwinds,TLD,fairwinds,2,0
faith,TLD,"*.faith",2,0
faith,TLD,faith,2,0
family,TLD,"*.family",2,0
family,TLD,family,2,0
fan,TLD,"*.fan",2,0
fan,TLD,fan,2,0
fans,TLD,"*.fans",2,0
fans,TLD,fans,2,0
farm,TLD,"*.farm",2,0
farm,TLD,farm,2,0
farmers,TLD,"*.farmers",2,0
farmers,TLD,farmers,2,0
fashion,TLD,"*.fashion",2,0
fashion,TLD,fashion,2,0
fast,TLD,"*.fast",2,0
fast,TLD,fast,2,0
fedex,TLD,"*.fedex",2,0
fedex,TLD,fedex,2,0
feedback,TLD,"*.feedback",2,0
feedback,TLD,feedback,2,0
ferrari,TLD,"*.ferrari",2,0
ferrari,TLD,ferrari,2,0
ferrero,TLD,"*.ferrero",2,0
ferrero,TLD,ferrero,2,0
fidelity,TLD,"*.fidelity",2,0
fidelity,TLD,fidelity,2,0
fido,TLD,"*.fido",2,0
fido,TLD,fido,2,0
film,TLD,"*.film",2,0
film,TLD,film,2,0
final,TLD,"*.final",2,0
final,TLD,final,2,0
finance,TLD,"*.finance",2,0
finance,TLD,finance,2,0
financial,TLD,"*.financial",2,0
financial,TLD,financial,2,0
fire,TLD,"*.fire",2,0
fire,TLD,fire,2,0
firestone,TLD,"*.firestone",2,0
firestone,TLD,firestone,2,0
firmdale,TLD,"*.firmdale",2,0
firmdale,TLD,firmdale,2,0
fish,TLD,"*.fish",2,0
fish,TLD,fish,2,0
fishing,TLD,"*.fishing",2,0
fishing,TLD,fishing,2,0
fit,TLD,"*.fit",2,0
fit,TLD,fit,2,0
fitness,TLD,"*.fitness",2,0
fitness,TLD,fitness,2,0
flickr,TLD,"*.flickr",2,0
flickr,TLD,flickr,2,0
flights,TLD,"*.flights",2,0
flights,TLD,flights,2,0
flir,TLD,"*.flir",2,0
flir,TLD,flir,2,0
florist,TLD,"*.florist",2,0
florist,TLD,florist,2,0
flowers,TLD,"*.flowers",2,0
flowers,TLD,flowers,2,0
fly,TLD,"*.fly",2,0
fly,TLD,fly,2,0
foo,TLD,"*.foo",2,0
foo,TLD,foo,2,0
food,TLD,"*.food",2,0
food,TLD,food,2,0
football,TLD,"*.football",2,0
football,TLD,football,2,0
ford,TLD,"*.ford",2,0
ford,TLD,ford,2,0
forex,TLD,"*.forex",2,0
forex,TLD,forex,2,0
forsale,TLD,"*.forsale",2,0
forsale,TLD,forsale,2,0
forum,TLD,"*.forum",2,0
forum,TLD,forum,2,0
foundation,TLD,"*.foundation",2,0
foundation,TLD,foundation,2,0
fox,TLD,"*.fox",2,0
fox,TLD,fox,2,0
free,TLD,"*.free",2,0
free,TLD,free,2,0
fresenius,TLD,"*.fresenius",2,0
fresenius,TLD,fresenius,2,0
frl,TLD,"*.frl",2,0
frl,TLD,frl,2,0
frogans,TLD,"*.frogans",2,0
frogans,TLD,frogans,2,0
frontier,TLD,"*.frontier",2,0
frontier,TLD,frontier,2,0
ftr,TLD,"*.ftr",2,0
ftr,TLD,ftr,2,0
fujitsu,TLD,"*.fujitsu",2,0
fujitsu,TLD,fujitsu,2,0
fun,TLD,"*.fun",2,0
fun,TLD,fun,2,0
fund,TLD,"*.fund",2,0
fund,TLD,fund,2,0
furniture,TLD,"*.furniture",2,0
furniture,TLD,furniture,2,0
futbol,TLD,"*.futbol",2,0
futbol,TLD,futbol,2,0
fyi,TLD,"*.fyi",2,0
fyi,TLD,fyi,2,0
gal,TLD,"*.gal",2,0
gal,TLD,gal,2,0
gallery,TLD,"*.gallery",2,0
gallery,TLD,gallery,2,0
gallo,TLD,"*.gallo",2,0
gallo,TLD,gallo,2,0
gallup,TLD,"*.gallup",2,0
gallup,TLD,gallup,2,0
game,TLD,"*.game",2,0
game,TLD,game,2,0
games,TLD,"*.games",2,0
games,TLD,games,2,0
gap,TLD,"*.gap",2,0
gap,TLD,gap,2,0
garden,TLD,"*.garden",2,0
garden,TLD,garden,2,0
gay,TLD,"*.gay",2,0
gay,TLD,gay,2,0
gbiz,TLD,"*.gbiz",2,0
gbiz,TLD,gbiz,2,0
gdn,TLD,"*.gdn",2,0
gdn,TLD,gdn,2,0
gea,TLD,"*.gea",2,0
gea,TLD,gea,2,0
gent,TLD,"*.gent",2,0
gent,TLD,gent,2,0
genting,TLD,"*.genting",2,0
genting,TLD,genting,2,0
george,TLD,"*.george",2,0
george,TLD,george,2,0
ggee,TLD,"*.ggee",2,0
ggee,TLD,ggee,2,0
gift,TLD,"*.gift",2,0
gift,TLD,gift,2,0
gifts,TLD,"*.gifts",2,0
gifts,TLD,gifts,2,0
gives,TLD,"*.gives",2,0
gives,TLD,gives,2,0
giving,TLD,"*.giving",2,0
giving,TLD,giving,2,0
glass,TLD,"*.glass",2,0
glass,TLD,glass,2,0
gle,TLD,"*.gle",2,0
gle,TLD,gle,2,0
global,TLD,"*.global",2,0
global,TLD,global,2,0
globo,TLD,"*.globo",2,0
globo,TLD,globo,2,0
gmail,TLD,"*.gmail",2,0
gmail,TLD,gmail,2,0
gmbh,TLD,"*.gmbh",2,0
gmbh,TLD,gmbh,2,0
gmo,TLD,"*.gmo",2,0
gmo,TLD,gmo,2,0
gmx,TLD,"*.gmx",2,0
gmx,TLD,gmx,2,0
godaddy,TLD,"*.godaddy",2,0
godaddy,TLD,godaddy,2,0
gold,TLD,"*.gold",2,0
gold,TLD,gold,2,0
goldpoint,TLD,"*.goldpoint",2,0
goldpoint,TLD,goldpoint,2,0
golf,TLD,"*.golf",2,0
golf,TLD,golf,2,0
goo,TLD,"*.goo",2,0
goo,TLD,goo,2,0
goodyear,TLD,"*.goodyear",2,0
goodyear,TLD,goodyear,2,0
goog,TLD,"*.goog",2,0
goog,TLD,goog,2,0
google,TLD,"*.google",2,0
google,TLD,google,2,0
gop,TLD,"*.gop",2,0
gop,TLD,gop,2,0
got,TLD,"*.got",2,0
got,TLD,got,2,0
grainger,TLD,"*.grainger",2,0
grainger,TLD,grainger,2,0
graphics,TLD,"*.graphics",2,0
graphics,TLD,graphics,2,0
gratis,TLD,"*.gratis",2,0
gratis,TLD,gratis,2,0
green,TLD,"*.green",2,0
green,TLD,green,2,0
gripe,TLD,"*.gripe",2,0
gripe,TLD,gripe,2,0
grocery,TLD,"*.grocery",2,0
grocery,TLD,grocery,2,0
group,TLD,"*.group",2,0
group,TLD,group,2,0
gucci,TLD,"*.gucci",2,0
gucci,TLD,gucci,2,0
guge,TLD,"*.guge",2,0
guge,TLD,guge,2,0
guide,TLD,"*.guide",2,0
guide,TLD,guide,2,0
guitars,TLD,"*.guitars",2,0
guitars,TLD,guitars,2,0
guru,TLD,"*.guru",2,0
guru,TLD,guru,2,0
hair,TLD,"*.hair",2,0
hair,TLD,hair,2,0
hamburg,TLD,"*.hamburg",2,0
hamburg,TLD,hamburg,2,0
hangout,TLD,"*.hangout",2,0
hangout,TLD,hangout,2,0
haus,TLD,"*.haus",2,0
haus,TLD,haus,2,0
hbo,TLD,"*.hbo",2,0
hbo,TLD,hbo,2,0
hdfc,TLD,"*.hdfc",2,0
hdfc,TLD,hdfc,2,0
hdfcbank,TLD,"*.hdfcbank",2,0
hdfcbank,TLD,hdfcbank,2,0
health,TLD,"*.health",2,0
health,TLD,health,2,0
healthcare,TLD,"*.healthcare",2,0
healthcare,TLD,healthcare,2,0
help,TLD,"*.help",2,0
help,TLD,help,2,0
helsinki,TLD,"*.helsinki",2,0
helsinki,TLD,helsinki,2,0
here,TLD,"*.here",2,0
here,TLD,here,2,0
hermes,TLD,"*.hermes",2,0
hermes,TLD,hermes,2,0
hiphop,TLD,"*.hiphop",2,0
hiphop,TLD,hiphop,2,0
hisamitsu,TLD,"*.hisamitsu",2,0
hisamitsu,TLD,hisamitsu,2,0
hitachi,TLD,"*.hitachi",2,0
hitachi,TLD,hitachi,2,0
hiv,TLD,"*.hiv",2,0
hiv,TLD,hiv,2,0
hkt,TLD,"*.hkt",2,0
hkt,TLD,hkt,2,0
hockey,TLD,"*.hockey",2,0
hockey,TLD,hockey,2,0
holdings,TLD,"*.holdings",2,0
holdings,TLD,holdings,2,0
holiday,TLD,"*.holiday",2,0
holiday,TLD,holiday,2,0
homedepot,TLD,"*.homedepot",2,0
homedepot,TLD,homedepot,2,0
homegoods,TLD,"*.homegoods",2,0
homegoods,TLD,homegoods,2,0
homes,TLD,"*.homes",2,0
homes,TLD,homes,2,0
homesense,TLD,"*.homesense",2,0
homesense,TLD,homesense,2,0
honda,TLD,"*.honda",2,0
honda,TLD,honda,2,0
horse,TLD,"*.horse",2,0
horse,TLD,horse,2,0
hospital,TLD,"*.hospital",2,0
hospital,TLD,hospital,2,0
host,TLD,"*.host",2,0
host,TLD,host,2,0
hosting,TLD,"*.hosting",2,0
hosting,TLD,hosting,2,0
hot,TLD,"*.hot",2,0
hot,TLD,hot,2,0
hotel,TLD,"*.hotel",2,0
hotel,TLD,hotel,2,0
hotels,TLD,"*.hotels",2,0
hotels,TLD,hotels,2,0
hotmail,TLD,"*.hotmail",2,0
hotmail,TLD,hotmail,2,0
house,TLD,"*.house",2,0
house,TLD,house,2,0
how,TLD,"*.how",2,0
how,TLD,how,2,0
hsbc,TLD,"*.hsbc",2,0
hsbc,TLD,hsbc,2,0
hughes,TLD,"*.hughes",2,0
hughes,TLD,hughes,2,0
hyatt,TLD,"*.hyatt",2,0
hyatt,TLD,hyatt,2,0
hyundai,TLD,"*.hyundai",2,0
hyundai,TLD,hyundai,2,0
ibm,TLD,"*.ibm",2,0
ibm,TLD,ibm,2,0
icbc,TLD,"*.icbc",2,0
icbc,TLD,icbc,2,0
ice,TLD,"*.ice",2,0
ice,TLD,ice,2,0
icu,TLD,"*.icu",2,0
icu,TLD,icu,2,0
ieee,TLD,"*.ieee",2,0
ieee,TLD,ieee,2,0
ifm,TLD,"*.ifm",2,0
ifm,TLD,ifm,2,0
ikano,TLD,"*.ikano",2,0
ikano,TLD,ikano,2,0
imamat,TLD,"*.imamat",2,0
imamat,TLD,imamat,2,0
imdb,TLD,"*.imdb",2,0
imdb,TLD,imdb,2,0
immo,TLD,"*.immo",2,0
immo,TLD,immo,2,0
immobilien,TLD,"*.immobilien",2,0
immobilien,TLD,immobilien,2,0
inc,TLD,"*.inc",2,0
inc,TLD,inc,2,0
industries,TLD,"*.industries",2,0
industries,TLD,industries,2,0
infiniti,TLD,"*.infiniti",2,0
infiniti,TLD,infiniti,2,0
ing,TLD,"*.ing",2,0
ing,TLD,ing,2,0
ink,TLD,"*.ink",2,0
ink,TLD,ink,2,0
institute,TLD,"*.institute",2,0
institute,TLD,institute,2,0
insurance,TLD,"*.insurance",2,0
insurance,TLD,insurance,2,0
insure,TLD,"*.insure",2,0
insure,TLD,insure,2,0
international,TLD,"*.international",2,0
international,TLD,international,2,0
intuit,TLD,"*.intuit",2,0
intuit,TLD,intuit,2,0
investments,TLD,"*.investments",2,0
investments,TLD,investments,2,0
ipiranga,TLD,"*.ipiranga",2,0
ipiranga,TLD,ipiranga,2,0
irish,TLD,"*.irish",2,0
irish,TLD,irish,2,0
ismaili,TLD,"*.ismaili",2,0
ismaili,TLD,ismaili,2,0
ist,TLD,"*.ist",2,0
ist,TLD,ist,2,0
istanbul,TLD,"*.istanbul",2,0
istanbul,TLD,istanbul,2,0
itau,TLD,"*.itau",2,0
itau,TLD,itau,2,0
itv,TLD,"*.itv",2,0
itv,TLD,itv,2,0
jaguar,TLD,"*.jaguar",2,0
jaguar,TLD,jaguar,2,0
java,TLD,"*.java",2,0
java,TLD,java,2,0
jcb,TLD,"*.jcb",2,0
jcb,TLD,jcb,2,0
jeep,TLD,"*.jeep",2,0
jeep,TLD,jeep,2,0
jetzt,TLD,"*.jetzt",2,0
jetzt,TLD,jetzt,2,0
jewelry,TLD,"*.jewelry",2,0
jewelry,TLD,jewelry,2,0
jio,TLD,"*.jio",2,0
jio,TLD,jio,2,0
jll,TLD,"*.jll",2,0
jll,TLD,jll,2,0
jmp,TLD,"*.jmp",2,0
jmp,TLD,jmp,2,0
jnj,TLD,"*.jnj",2,0
jnj,TLD,jnj,2,0
joburg,TLD,"*.joburg",2,0
joburg,TLD,joburg,2,0
jot,TLD,"*.jot",2,0
jot,TLD,jot,2,0
joy,TLD,"*.joy",2,0
joy,TLD,joy,2,0
jpmorgan,TLD,"*.jpmorgan",2,0
jpmorgan,TLD,jpmorgan,2,0
jprs,TLD,"*.jprs",2,0
jprs,TLD,jprs,2,0
juegos,TLD,"*.juegos",2,0
juegos,TLD,juegos,2,0
juniper,TLD,"*.juniper",2,0
juniper,TLD,juniper,2,0
kaufen,TLD,"*.kaufen",2,0
kaufen,TLD,kaufen,2,0
kddi,TLD,"*.kddi",2,0
kddi,TLD,kddi,2,0
kerryhotels,TLD,"*.kerryhotels",2,0
kerryhotels,TLD,kerryhotels,2,0
kerryproperties,TLD,"*.kerryproperties",2,0
kerryproperties,TLD,kerryproperties,2,0
kfh,TLD,"*.kfh",2,0
kfh,TLD,kfh,2,0
kia,TLD,"*.kia",2,0
kia,TLD,kia,2,0
kids,TLD,"*.kids",2,0
kids,TLD,kids,2,0
kim,TLD,"*.kim",2,0
kim,TLD,kim,2,0
kindle,TLD,"*.kindle",2,0
kindle,TLD,kindle,2,0
kitchen,TLD,"*.kitchen",2,0
kitchen,TLD,kitchen,2,0
kiwi,TLD,"*.kiwi",2,0
kiwi,TLD,kiwi,2,0
koeln,TLD,"*.koeln",2,0
koeln,TLD,koeln,2,0
komatsu,TLD,"*.komatsu",2,0
komatsu,TLD,komatsu,2,0
kosher,TLD,"*.kosher",2,0
kosher,TLD,kosher,2,0
kpmg,TLD,"*.kpmg",2,0
kpmg,TLD,kpmg,2,0
kpn,TLD,"*.kpn",2,0
kpn,TLD,kpn,2,0
krd,TLD,"*.krd",2,0
krd,TLD,krd,2,0
kred,TLD,"*.kred",2,0
kred,TLD,kred,2,0
kuokgroup,TLD,"*.kuokgroup",2,0
kuokgroup,TLD,kuokgroup,2,0
kyoto,TLD,"*.kyoto",2,0
kyoto,TLD,kyoto,2,0
lacaixa,TLD,"*.lacaixa",2,0
lacaixa,TLD,lacaixa,2,0
lamborghini,TLD,"*.lamborghini",2,0
lamborghini,TLD,lamborghini,2,0
lamer,TLD,"*.lamer",2,0
lamer,TLD,lamer,2,0
land,TLD,"*.land",2,0
land,TLD,land,2,0
landrover,TLD,"*.landrover",2,0
landrover,TLD,landrover,2,0
lanxess,TLD,"*.lanxess",2,0
lanxess,TLD,lanxess,2,0
lasalle,TLD,"*.lasalle",2,0
lasalle,TLD,lasalle,2,0
lat,TLD,"*.lat",2,0
lat,TLD,lat,2,0
latino,TLD,"*.latino",2,0
latino,TLD,latino,2,0
latrobe,TLD,"*.latrobe",2,0
latrobe,TLD,latrobe,2,0
law,TLD,"*.law",2,0
law,TLD,law,2,0
lawyer,TLD,"*.lawyer",2,0
lawyer,TLD,lawyer,2,0
lds,TLD,"*.lds",2,0
lds,TLD,lds,2,0
lease,TLD,"*.lease",2,0
lease,TLD,lease,2,0
leclerc,TLD,"*.leclerc",2,0
leclerc,TLD,leclerc,2,0
lefrak,TLD,"*.lefrak",2,0
lefrak,TLD,lefrak,2,0
legal,TLD,"*.legal",2,0
legal,TLD,legal,2,0
lego,TLD,"*.lego",2,0
lego,TLD,lego,2,0
lexus,TLD,"*.lexus",2,0
lexus,TLD,lexus,2,0
lgbt,TLD,"*.lgbt",2,0
lgbt,TLD,lgbt,2,0
lidl,TLD,"*.lidl",2,0
lidl,TLD,lidl,2,0
life,TLD,"*.life",2,0
life,TLD,life,2,0
lifeinsurance,TLD,"*.lifeinsurance",2,0
lifeinsurance,TLD,lifeinsurance,2,0
lifestyle,TLD,"*.lifestyle",2,0
lifestyle,TLD,lifestyle,2,0
lighting,TLD,"*.lighting",2,0
lighting,TLD,lighting,2,0
like,TLD,"*.like",2,0
like,TLD,like,2,0
lilly,TLD,"*.lilly",2,0
lilly,TLD,lilly,2,0
limited,TLD,"*.limited",2,0
limited,TLD,limited,2,0
limo,TLD,"*.limo",2,0
limo,TLD,limo,2,0
lincoln,TLD,"*.lincoln",2,0
lincoln,TLD,lincoln,2,0
link,TLD,"*.link",2,0
link,TLD,link,2,0
live,TLD,"*.live",2,0
live,TLD,live,2,0
living,TLD,"*.living",2,0
living,TLD,living,2,0
llc,TLD,"*.llc",2,0
llc,TLD,llc,2,0
llp,TLD,"*.llp",2,0
llp,TLD,llp,2,0
loan,TLD,"*.loan",2,0
loan,TLD,loan,2,0
loans,TLD,"*.loans",2,0
loans,TLD,loans,2,0
locker,TLD,"*.locker",2,0
locker,TLD,locker,2,0
locus,TLD,"*.locus",2,0
locus,TLD,locus,2,0
lol,TLD,"*.lol",2,0
lol,TLD,lol,2,0
london,TLD,"*.london",2,0
london,TLD,london,2,0
lotte,TLD,"*.lotte",2,0
lotte,TLD,lotte,2,0
lotto,TLD,"*.lotto",2,0
lotto,TLD,lotto,2,0
love,TLD,"*.love",2,0
love,TLD,love,2,0
lpl,TLD,"*.lpl",2,0
lpl,TLD,lpl,2,0
lplfinancial,TLD,"*.lplfinancial",2,0
lplfinancial,TLD,lplfinancial,2,0
ltd,TLD,"*.ltd",2,0
ltd,TLD,ltd,2,0
ltda,TLD,"*.ltda",2,0
ltda,TLD,ltda,2,0
lundbeck,TLD,"*.lundbeck",2,0
lundbeck,TLD,lundbeck,2,0
luxe,TLD,"*.luxe",2,0
luxe,TLD,luxe,2,0
luxury,TLD,"*.luxury",2,0
luxury,TLD,luxury,2,0
madrid,TLD,"*.madrid",2,0
madrid,TLD,madrid,2,0
maif,TLD,"*.maif",2,0
maif,TLD,maif,2,0
maison,TLD,"*.maison",2,0
maison,TLD,maison,2,0
makeup,TLD,"*.makeup",2,0
makeup,TLD,makeup,2,0
man,TLD,"*.man",2,0
man,TLD,man,2,0
management,TLD,"*.management",2,0
management,TLD,management,2,0
mango,TLD,"*.mango",2,0
mango,TLD,mango,2,0
map,TLD,"*.map",2,0
map,TLD,map,2,0
market,TLD,"*.market",2,0
market,TLD,market,2,0
marketing,TLD,"*.marketing",2,0
marketing,TLD,marketing,2,0
markets,TLD,"*.markets",2,0
markets,TLD,markets,2,0
marriott,TLD,"*.marriott",2,0
marriott,TLD,marriott,2,0
marshalls,TLD,"*.marshalls",2,0
marshalls,TLD,marshalls,2,0
mattel,TLD,"*.mattel",2,0
mattel,TLD,mattel,2,0
mba,TLD,"*.mba",2,0
mba,TLD,mba,2,0
mckinsey,TLD,"*.mckinsey",2,0
mckinsey,TLD,mckinsey,2,0
med,TLD,"*.med",2,0
med,TLD,med,2,0
media,TLD,"*.media",2,0
media,TLD,media,2,0
meet,TLD,"*.meet",2,0
meet,TLD,meet,2,0
melbourne,TLD,"*.melbourne",2,0
melbourne,TLD,melbourne,2,0
meme,TLD,"*.meme",2,0
meme,TLD,meme,2,0
memorial,TLD,"*.memorial",2,0
memorial,TLD,memorial,2,0
men,TLD,"*.men",2,0
men,TLD,men,2,0
menu,TLD,"*.menu",2,0
menu,TLD,menu,2,0
merck,TLD,"*.merck",2,0
merck,TLD,merck,2,0
merckmsd,TLD,"*.merckmsd",2,0
merckmsd,TLD,merckmsd,2,0
miami,TLD,"*.miami",2,0
miami,TLD,miami,2,0
microsoft,TLD,"*.microsoft",2,0
microsoft,TLD,microsoft,2,0
mini,TLD,"*.mini",2,0
mini,TLD,mini,2,0
mint,TLD,"*.mint",2,0
mint,TLD,mint,2,0
mit,TLD,"*.mit",2,0
mit,TLD,mit,2,0
mitsubishi,TLD,"*.mitsubishi",2,0
mitsubishi,TLD,mitsubishi,2,0
mlb,TLD,"*.mlb",2,0
mlb,TLD,mlb,2,0
mls,TLD,"*.mls",2,0
mls,TLD,mls,2,0
mma,TLD,"*.mma",2,0
mma,TLD,mma,2,0
mobile,TLD,"*.mobile",2,0
mobile,TLD,mobile,2,0
moda,TLD,"*.moda",2,0
moda,TLD,moda,2,0
moe,TLD,"*.moe",2,0
moe,TLD,moe,2,0
moi,TLD,"*.moi",2,0
moi,TLD,moi,2,0
mom,TLD,"*.mom",2,0
mom,TLD,mom,2,0
monash,TLD,"*.monash",2,0
monash,TLD,monash,2,0
money,TLD,"*.money",2,0
money,TLD,money,2,0
monster,TLD,"*.monster",2,0
monster,TLD,monster,2,0
mormon,TLD,"*.mormon",2,0
mormon,TLD,mormon,2,0
mortgage,TLD,"*.mortgage",2,0
mortgage,TLD,mortgage,2,0
moscow,TLD,"*.moscow",2,0
moscow,TLD,moscow,2,0
moto,TLD,"*.moto",2,0
moto,TLD,moto,2,0
motorcycles,TLD,"*.motorcycles",2,0
motorcycles,TLD,motorcycles,2,0
mov,TLD,"*.mov",2,0
mov,TLD,mov,2,0
movie,TLD,"*.movie",2,0
movie,TLD,movie,2,0
msd,TLD,"*.msd",2,0
msd,TLD,msd,2,0
mtn,TLD,"*.mtn",2,0
mtn,TLD,mtn,2,0
mtr,TLD,"*.mtr",2,0
mtr,TLD,mtr,2,0
music,TLD,"*.music",2,0
music,TLD,music,2,0
nab,TLD,"*.nab",2,0
nab,TLD,nab,2,0
nagoya,TLD,"*.nagoya",2,0
nagoya,TLD,nagoya,2,0
navy,TLD,"*.navy",2,0
navy,TLD,navy,2,0
nba,TLD,"*.nba",2,0
nba,TLD,nba,2,0
nec,TLD,"*.nec",2,0
nec,TLD,nec,2,0
netbank,TLD,"*.netbank",2,0
netbank,TLD,netbank,2,0
netflix,TLD,"*.netflix",2,0
netflix,TLD,netflix,2,0
network,TLD,"*.network",2,0
network,TLD,network,2,0
neustar,TLD,"*.neustar",2,0
neustar,TLD,neustar,2,0
new,TLD,"*.new",2,0
new,TLD,new,2,0
news,TLD,"*.news",2,0
news,TLD,news,2,0
next,TLD,"*.next",2,0
next,TLD,next,2,0
nextdirect,TLD,"*.nextdirect",2,0
nextdirect,TLD,nextdirect,2,0
nexus,TLD,"*.nexus",2,0
nexus,TLD,nexus,2,0
nfl,TLD,"*.nfl",2,0
nfl,TLD,nfl,2,0
ngo,TLD,"*.ngo",2,0
ngo,TLD,ngo,2,0
nhk,TLD,"*.nhk",2,0
nhk,TLD,nhk,2,0
nico,TLD,"*.nico",2,0
nico,TLD,nico,2,0
nike,TLD,"*.nike",2,0
nike,TLD,nike,2,0
nikon,TLD,"*.nikon",2,0
nikon,TLD,nikon,2,0
ninja,TLD,"*.ninja",2,0
ninja,TLD,ninja,2,0
nissan,TLD,"*.nissan",2,0
nissan,TLD,nissan,2,0
nissay,TLD,"*.nissay",2,0
nissay,TLD,nissay,2,0
nokia,TLD,"*.nokia",2,0
nokia,TLD,nokia,2,0
norton,TLD,"*.norton",2,0
norton,TLD,norton,2,0
now,TLD,"*.now",2,0
now,TLD,now,2,0
nowruz,TLD,"*.nowruz",2,0
nowruz,TLD,nowruz,2,0
nowtv,TLD,"*.nowtv",2,0
nowtv,TLD,nowtv,2,0
nra,TLD,"*.nra",2,0
nra,TLD,nra,2,0
nrw,TLD,"*.nrw",2,0
nrw,TLD,nrw,2,0
ntt,TLD,"*.ntt",2,0
ntt,TLD,ntt,2,0
nyc,TLD,"*.nyc",2,0
nyc,TLD,nyc,2,0
obi,TLD,"*.obi",2,0
obi,TLD,obi,2,0
observer,TLD,"*.observer",2,0
observer,TLD,observer,2,0
office,TLD,"*.office",2,0
office,TLD,office,2,0
okinawa,TLD,"*.okinawa",2,0
okinawa,TLD,okinawa,2,0
olayan,TLD,"*.olayan",2,0
olayan,TLD,olayan,2,0
olayangroup,TLD,"*.olayangroup",2,0
olayangroup,TLD,olayangroup,2,0
ollo,TLD,"*.ollo",2,0
ollo,TLD,ollo,2,0
omega,TLD,"*.omega",2,0
omega,TLD,omega,2,0
one,TLD,"*.one",2,0
one,TLD,one,2,0
ong,TLD,"*.ong",2,0
ong,TLD,ong,2,0
onl,TLD,"*.onl",2,0
onl,TLD,onl,2,0
online,TLD,"*.online",2,0
online,TLD,online,2,0
ooo,TLD,"*.ooo",2,0
ooo,TLD,ooo,2,0
open,TLD,"*.open",2,0
open,TLD,open,2,0
oracle,TLD,"*.oracle",2,0
oracle,TLD,oracle,2,0
orange,TLD,"*.orange",2,0
orange,TLD,orange,2,0
organic,TLD,"*.organic",2,0
organic,TLD,organic,2,0
origins,TLD,"*.origins",2,0
origins,TLD,origins,2,0
osaka,TLD,"*.osaka",2,0
osaka,TLD,osaka,2,0
otsuka,TLD,"*.otsuka",2,0
otsuka,TLD,otsuka,2,0
ott,TLD,"*.ott",2,0
ott,TLD,ott,2,0
ovh,TLD,"*.ovh",2,0
ovh,TLD,ovh,2,0
page,TLD,"*.page",2,0
page,TLD,page,2,0
panasonic,TLD,"*.panasonic",2,0
panasonic,TLD,panasonic,2,0
paris,TLD,"*.paris",2,0
paris,TLD,paris,2,0
pars,TLD,"*.pars",2,0
pars,TLD,pars,2,0
partners,TLD,"*.partners",2,0
partners,TLD,partners,2,0
parts,TLD,"*.parts",2,0
parts,TLD,parts,2,0
party,TLD,"*.party",2,0
party,TLD,party,2,0
pay,TLD,"*.pay",2,0
pay,TLD,pay,2,0
pccw,TLD,"*.pccw",2,0
pccw,TLD,pccw,2,0
pet,TLD,"*.pet",2,0
pet,TLD,pet,2,0
pfizer,TLD,"*.pfizer",2,0
pfizer,TLD,pfizer,2,0
pharmacy,TLD,"*.pharmacy",2,0
pharmacy,TLD,pharmacy,2,0
phd,TLD,"*.phd",2,0
phd,TLD,phd,2,0
philips,TLD,"*.philips",2,0
philips,TLD,philips,2,0
phone,TLD,"*.phone",2,0
phone,TLD,phone,2,0
photo,TLD,"*.photo",2,0
photo,TLD,photo,2,0
photography,TLD,"*.photography",2,0
photography,TLD,photography,2,0
photos,TLD,"*.photos",2,0
photos,TLD,photos,2,0
physio,TLD,"*.physio",2,0
physio,TLD,physio,2,0
pics,TLD,"*.pics",2,0
pics,TLD,pics,2,0
pictet,TLD,"*.pictet",2,0
pictet,TLD,pictet,2,0
pictures,TLD,"*.pictures",2,0
pictures,TLD,pictures,2,0
pid,TLD,"*.pid",2,0
pid,TLD,pid,2,0
pin,TLD,"*.pin",2,0
pin,TLD,pin,2,0
ping,TLD,"*.ping",2,0
ping,TLD,ping,2,0
pink,TLD,"*.pink",2,0
pink,TLD,pink,2,0
pioneer,TLD,"*.pioneer",2,0
pioneer,TLD,pioneer,2,0
pizza,TLD,"*.pizza",2,0
pizza,TLD,pizza,2,0
place,TLD,"*.place",2,0
place,TLD,place,2,0
play,TLD,"*.play",2,0
play,TLD,play,2,0
playstation,TLD,"*.playstation",2,0
playstation,TLD,playstation,2,0
plumbing,TLD,"*.plumbing",2,0
plumbing,TLD,plumbing,2,0
plus,TLD,"*.plus",2,0
plus,TLD,plus,2,0
pnc,TLD,"*.pnc",2,0
pnc,TLD,pnc,2,0
pohl,TLD,"*.pohl",2,0
pohl,TLD,pohl,2,0
poker,TLD,"*.poker",2,0
poker,TLD,poker,2,0
politie,TLD,"*.politie",2,0
politie,TLD,politie,2,0
porn,TLD,"*.porn",2,0
porn,TLD,porn,2,0
praxi,TLD,"*.praxi",2,0
praxi,TLD,praxi,2,0
press,TLD,"*.press",2,0
press,TLD,press,2,0
prime,TLD,"*.prime",2,0
prime,TLD,prime,2,0
prod,TLD,"*.prod",2,0
prod,TLD,prod,2,0
productions,TLD,"*.productions",2,0
productions,TLD,productions,2,0
prof,TLD,"*.prof",2,0
prof,TLD,prof,2,0
progressive,TLD,"*.progressive",2,0
progressive,TLD,progressive,2,0
promo,TLD,"*.promo",2,0
promo,TLD,promo,2,0
properties,TLD,"*.properties",2,0
properties,TLD,properties,2,0
property,TLD,"*.property",2,0
property,TLD,property,2,0
protection,TLD,"*.protection",2,0
protection,TLD,protection,2,0
pru,TLD,"*.pru",2,0
pru,TLD,pru,2,0
prudential,TLD,"*.prudential",2,0
prudential,TLD,prudential,2,0
pub,TLD,"*.pub",2,0
pub,TLD,pub,2,0
pwc,TLD,"*.pwc",2,0
pwc,TLD,pwc,2,0
qpon,TLD,"*.qpon",2,0
qpon,TLD,qpon,2,0
quebec,TLD,"*.quebec",2,0
quebec,TLD,quebec,2,0
quest,TLD,"*.quest",2,0
quest,TLD,quest,2,0
racing,TLD,"*.racing",2,0
racing,TLD,racing,2,0
radio,TLD,"*.radio",2,0
radio,TLD,radio,2,0
read,TLD,"*.read",2,0
read,TLD,read,2,0
realestate,TLD,"*.realestate",2,0
realestate,TLD,realestate,2,0
realtor,TLD,"*.realtor",2,0
realtor,TLD,realtor,2,0
realty,TLD,"*.realty",2,0
realty,TLD,realty,2,0
recipes,TLD,"*.recipes",2,0
recipes,TLD,recipes,2,0
red,TLD,"*.red",2,0
red,TLD,red,2,0
redumbrella,TLD,"*.redumbrella",2,0
redumbrella,TLD,redumbrella,2,0
rehab,TLD,"*.rehab",2,0
rehab,TLD,rehab,2,0
reise,TLD,"*.reise",2,0
reise,TLD,reise,2,0
reisen,TLD,"*.reisen",2,0
reisen,TLD,reisen,2,0
reit,TLD,"*.reit",2,0
reit,TLD,reit,2,0
reliance,TLD,"*.reliance",2,0
reliance,TLD,reliance,2,0
ren,TLD,"*.ren",2,0
ren,TLD,ren,2,0
rent,TLD,"*.rent",2,0
rent,TLD,rent,2,0
rentals,TLD,"*.rentals",2,0
rentals,TLD,rentals,2,0
repair,TLD,"*.repair",2,0
repair,TLD,repair,2,0
report,TLD,"*.report",2,0
report,TLD,report,2,0
republican,TLD,"*.republican",2,0
republican,TLD,republican,2,0
rest,TLD,"*.rest",2,0
rest,TLD,rest,2,0
restaurant,TLD,"*.restaurant",2,0
restaurant,TLD,restaurant,2,0
review,TLD,"*.review",2,0
review,TLD,review,2,0
reviews,TLD,"*.reviews",2,0
reviews,TLD,reviews,2,0
rexroth,TLD,"*.rexroth",2,0
rexroth,TLD,rexroth,2,0
rich,TLD,"*.rich",2,0
rich,TLD,rich,2,0
richardli,TLD,"*.richardli",2,0
richardli,TLD,richardli,2,0
ricoh,TLD,"*.ricoh",2,0
ricoh,TLD,ricoh,2,0
ril,TLD,"*.ril",2,0
ril,TLD,ril,2,0
rio,TLD,"*.rio",2,0
rio,TLD,rio,2,0
rip,TLD,"*.rip",2,0
rip,TLD,rip,2,0
rocks,TLD,"*.rocks",2,0
rocks,TLD,rocks,2,0
rodeo,TLD,"*.rodeo",2,0
rodeo,TLD,rodeo,2,0
rogers,TLD,"*.rogers",2,0
rogers,TLD,rogers,2,0
room,TLD,"*.room",2,0
room,TLD,room,2,0
rsvp,TLD,"*.rsvp",2,0
rsvp,TLD,rsvp,2,0
rugby,TLD,"*.rugby",2,0
rugby,TLD,rugby,2,0
ruhr,TLD,"*.ruhr",2,0
ruhr,TLD,ruhr,2,0
run,TLD,"*.run",2,0
run,TLD,run,2,0
rwe,TLD,"*.rwe",2,0
rwe,TLD,rwe,2,0
ryukyu,TLD,"*.ryukyu",2,0
ryukyu,TLD,ryukyu,2,0
saarland,TLD,"*.saarland",2,0
saarland,TLD,saarland,2,0
safe,TLD,"*.safe",2,0
safe,TLD,safe,2,0
safety,TLD,"*.safety",2,0
safety,TLD,safety,2,0
sakura,TLD,"*.sakura",2,0
sakura,TLD,sakura,2,0
sale,TLD,"*.sale",2,0
sale,TLD,sale,2,0
salon,TLD,"*.salon",2,0
salon,TLD,salon,2,0
samsclub,TLD,"*.samsclub",2,0
samsclub,TLD,samsclub,2,0
samsung,TLD,"*.samsung",2,0
samsung,TLD,samsung,2,0
sandvik,TLD,"*.sandvik",2,0
sandvik,TLD,sandvik,2,0
sandvikcoromant,TLD,"*.sandvikcoromant",2,0
sandvikcoromant,TLD,sandvikcoromant,2,0
sanofi,TLD,"*.sanofi",2,0
sanofi,TLD,sanofi,2,0
sap,TLD,"*.sap",2,0
sap,TLD,sap,2,0
sarl,TLD,"*.sarl",2,0
sarl,TLD,sarl,2,0
sas,TLD,"*.sas",2,0
sas,TLD,sas,2,0
save,TLD,"*.save",2,0
save,TLD,save,2,0
saxo,TLD,"*.saxo",2,0
saxo,TLD,saxo,2,0
sbi,TLD,"*.sbi",2,0
sbi,TLD,sbi,2,0
sbs,TLD,"*.sbs",2,0
sbs,TLD,sbs,2,0
scb,TLD,"*.scb",2,0
scb,TLD,scb,2,0
schaeffler,TLD,"*.schaeffler",2,0
schaeffler,TLD,schaeffler,2,0
schmidt,TLD,"*.schmidt",2,0
schmidt,TLD,schmidt,2,0
scholarships,TLD,"*.scholarships",2,0
scholarships,TLD,scholarships,2,0
school,TLD,"*.school",2,0
school,TLD,school,2,0
schule,TLD,"*.schule",2,0
schule,TLD,schule,2,0
schwarz,TLD,"*.schwarz",2,0
schwarz,TLD,schwarz,2,0
science,TLD,"*.science",2,0
science,TLD,science,2,0
scot,TLD,"*.scot",2,0
scot,TLD,scot,2,0
search,TLD,"*.search",2,0
search,TLD,search,2,0
seat,TLD,"*.seat",2,0
seat,TLD,seat,2,0
secure,TLD,"*.secure",2,0
secure,TLD,secure,2,0
security,TLD,"*.security",2,0
security,TLD,security,2,0
seek,TLD,"*.seek",2,0
seek,TLD,seek,2,0
select,TLD,"*.select",2,0
select,TLD,select,2,0
sener,TLD,"*.sener",2,0
sener,TLD,sener,2,0
services,TLD,"*.services",2,0
services,TLD,services,2,0
seven,TLD,"*.seven",2,0
seven,TLD,seven,2,0
sew,TLD,"*.sew",2,0
sew,TLD,sew,2,0
sex,TLD,"*.sex",2,0
sex,TLD,sex,2,0
sexy,TLD,"*.sexy",2,0
sexy,TLD,sexy,2,0
sfr,TLD,"*.sfr",2,0
sfr,TLD,sfr,2,0
shangrila,TLD,"*.shangrila",2,0
shangrila,TLD,shangrila,2,0
sharp,TLD,"*.sharp",2,0
sharp,TLD,sharp,2,0
shell,TLD,"*.shell",2,0
shell,TLD,shell,2,0
shia,TLD,"*.shia",2,0
shia,TLD,shia,2,0
shiksha,TLD,"*.shiksha",2,0
shiksha,TLD,shiksha,2,0
shoes,TLD,"*.shoes",2,0
shoes,TLD,shoes,2,0
shop,TLD,"*.shop",2,0
shop,TLD,shop,2,0
shopping,TLD,"*.shopping",2,0
shopping,TLD,shopping,2,0
shouji,TLD,"*.shouji",2,0
shouji,TLD,shouji,2,0
show,TLD,"*.show",2,0
show,TLD,show,2,0
silk,TLD,"*.silk",2,0
silk,TLD,silk,2,0
sina,TLD,"*.sina",2,0
sina,TLD,sina,2,0
singles,TLD,"*.singles",2,0
singles,TLD,singles,2,0
site,TLD,"*.site",2,0
site,TLD,site,2,0
ski,TLD,"*.ski",2,0
ski,TLD,ski,2,0
skin,TLD,"*.skin",2,0
skin,TLD,skin,2,0
sky,TLD,"*.sky",2,0
sky,TLD,sky,2,0
skype,TLD,"*.skype",2,0
skype,TLD,skype,2,0
sling,TLD,"*.sling",2,0
sling,TLD,sling,2,0
smart,TLD,"*.smart",2,0
smart,TLD,smart,2,0
smile,TLD,"*.smile",2,0
smile,TLD,smile,2,0
sncf,TLD,"*.sncf",2,0
sncf,TLD,sncf,2,0
soccer,TLD,"*.soccer",2,0
soccer,TLD,soccer,2,0
social,TLD,"*.social",2,0
social,TLD,social,2,0
softbank,TLD,"*.softbank",2,0
softbank,TLD,softbank,2,0
software,TLD,"*.software",2,0
software,TLD,software,2,0
sohu,TLD,"*.sohu",2,0
sohu,TLD,sohu,2,0
solar,TLD,"*.solar",2,0
solar,TLD,solar,2,0
solutions,TLD,"*.solutions",2,0
solutions,TLD,solutions,2,0
song,TLD,"*.song",2,0
song,TLD,song,2,0
sony,TLD,"*.sony",2,0
sony,TLD,sony,2,0
soy,TLD,"*.soy",2,0
soy,TLD,soy,2,0
spa,TLD,"*.spa",2,0
spa,TLD,spa,2,0
space,TLD,"*.space",2,0
space,TLD,space,2,0
sport,TLD,"*.sport",2,0
sport,TLD,sport,2,0
spot,TLD,"*.spot",2,0
spot,TLD,spot,2,0
srl,TLD,"*.srl",2,0
srl,TLD,srl,2,0
stada,TLD,"*.stada",2,0
stada,TLD,stada,2,0
staples,TLD,"*.staples",2,0
staples,TLD,staples,2,0
star,TLD,"*.star",2,0
star,TLD,star,2,0
statebank,TLD,"*.statebank",2,0
statebank,TLD,statebank,2,0
statefarm,TLD,"*.statefarm",2,0
statefarm,TLD,statefarm,2,0
stc,TLD,"*.stc",2,0
stc,TLD,stc,2,0
stcgroup,TLD,"*.stcgroup",2,0
stcgroup,TLD,stcgroup,2,0
stockholm,TLD,"*.stockholm",2,0
stockholm,TLD,stockholm,2,0
storage,TLD,"*.storage",2,0
storage,TLD,storage,2,0
store,TLD,"*.store",2,0
store,TLD,store,2,0
stream,TLD,"*.stream",2,0
stream,TLD,stream,2,0
studio,TLD,"*.studio",2,0
studio,TLD,studio,2,0
study,TLD,"*.study",2,0
study,TLD,study,2,0
style,TLD,"*.style",2,0
style,TLD,style,2,0
sucks,TLD,"*.sucks",2,0
sucks,TLD,sucks,2,0
supplies,TLD,"*.supplies",2,0
supplies,TLD,supplies,2,0
supply,TLD,"*.supply",2,0
supply,TLD,supply,2,0
support,TLD,"*.support",2,0
support,TLD,support,2,0
surf,TLD,"*.surf",2,0
surf,TLD,surf,2,0
surgery,TLD,"*.surgery",2,0
surgery,TLD,surgery,2,0
suzuki,TLD,"*.suzuki",2,0
suzuki,TLD,suzuki,2,0
swatch,TLD,"*.swatch",2,0
swatch,TLD,swatch,2,0
swiss,TLD,"*.swiss",2,0
swiss,TLD,swiss,2,0
sydney,TLD,"*.sydney",2,0
sydney,TLD,sydney,2,0
systems,TLD,"*.systems",2,0
systems,TLD,systems,2,0
tab,TLD,"*.tab",2,0
tab,TLD,tab,2,0
taipei,TLD,"*.taipei",2,0
taipei,TLD,taipei,2,0
talk,TLD,"*.talk",2,0
talk,TLD,talk,2,0
taobao,TLD,"*.taobao",2,0
taobao,TLD,taobao,2,0
target,TLD,"*.target",2,0
target,TLD,target,2,0
tatamotors,TLD,"*.tatamotors",2,0
tatamotors,TLD,tatamotors,2,0
tatar,TLD,"*.tatar",2,0
tatar,TLD,tatar,2,0
tattoo,TLD,"*.tattoo",2,0
tattoo,TLD,tattoo,2,0
tax,TLD,"*.tax",2,0
tax,TLD,tax,2,0
taxi,TLD,"*.taxi",2,0
taxi,TLD,taxi,2,0
tci,TLD,"*.tci",2,0
tci,TLD,tci,2,0
tdk,TLD,"*.tdk",2,0
tdk,TLD,tdk,2,0
team,TLD,"*.team",2,0
team,TLD,team,2,0
tech,TLD,"*.tech",2,0
tech,TLD,tech,2,0
technology,TLD,"*.technology",2,0
technology,TLD,technology,2,0
temasek,TLD,"*.temasek",2,0
temasek,TLD,temasek,2,0
tennis,TLD,"*.tennis",2,0
tennis,TLD,tennis,2,0
teva,TLD,"*.teva",2,0
teva,TLD,teva,2,0
thd,TLD,"*.thd",2,0
thd,TLD,thd,2,0
theater,TLD,"*.theater",2,0
theater,TLD,theater,2,0
theatre,TLD,"*.theatre",2,0
theatre,TLD,theatre,2,0
tiaa,TLD,"*.tiaa",2,0
tiaa,TLD,tiaa,2,0
tickets,TLD,"*.tickets",2,0
tickets,TLD,tickets,2,0
tienda,TLD,"*.tienda",2,0
tienda,TLD,tienda,2,0
tips,TLD,"*.tips",2,0
tips,TLD,tips,2,0
tires,TLD,"*.tires",2,0
tires,TLD,tires,2,0
tirol,TLD,"*.tirol",2,0
tirol,TLD,tirol,2,0
tjmaxx,TLD,"*.tjmaxx",2,0
tjmaxx,TLD,tjmaxx,2,0
tjx,TLD,"*.tjx",2,0
tjx,TLD,tjx,2,0
tkmaxx,TLD,"*.tkmaxx",2,0
tkmaxx,TLD,tkmaxx,2,0
tmall,TLD,"*.tmall",2,0
tmall,TLD,tmall,2,0
today,TLD,"*.today",2,0
today,TLD,today,2,0
tokyo,TLD,"*.tokyo",2,0
tokyo,TLD,tokyo,2,0
tools,TLD,"*.tools",2,0
tools,TLD,tools,2,0
top,TLD,"*.top",2,0
top,TLD,top,2,0
toray,TLD,"*.toray",2,0
toray,TLD,toray,2,0
toshiba,TLD,"*.toshiba",2,0
toshiba,TLD,toshiba,2,0
total,TLD,"*.total",2,0
total,TLD,total,2,0
tours,TLD,"*.tours",2,0
tours,TLD,tours,2,0
town,TLD,"*.town",2,0
town,TLD,town,2,0
toyota,TLD,"*.toyota",2,0
toyota,TLD,toyota,2,0
toys,TLD,"*.toys",2,0
toys,TLD,toys,2,0
trade,TLD,"*.trade",2,0
trade,TLD,trade,2,0
trading,TLD,"*.trading",2,0
trading,TLD,trading,2,0
training,TLD,"*.training",2,0
training,TLD,training,2,0
travel,TLD,"*.travel",2,0
travel,TLD,travel,2,0
travelers,TLD,"*.travelers",2,0
travelers,TLD,travelers,2,0
travelersinsurance,TLD,"*.travelersinsurance",2,0
travelersinsurance,TLD,travelersinsurance,2,0
trust,TLD,"*.trust",2,0
trust,TLD,trust,2,0
trv,TLD,"*.trv",2,0
trv,TLD,trv,2,0
tube,TLD,"*.tube",2,0
tube,TLD,tube,2,0
tui,TLD,"*.tui",2,0
tui,TLD,tui,2,0
tunes,TLD,"*.tunes",2,0
tunes,TLD,tunes,2,0
tushu,TLD,"*.tushu",2,0
tushu,TLD,tushu,2,0
tvs,TLD,"*.tvs",2,0
tvs,TLD,tvs,2,0
ubank,TLD,"*.ubank",2,0
ubank,TLD,ubank,2,0
ubs,TLD,"*.ubs",2,0
ubs,TLD,ubs,2,0
unicom,TLD,"*.unicom",2,0
unicom,TLD,unicom,2,0
university,TLD,"*.university",2,0
university,TLD,university,2,0
uno,TLD,"*.uno",2,0
uno,TLD,uno,2,0
uol,TLD,"*.uol",2,0
uol,TLD,uol,2,0
ups,TLD,"*.ups",2,0
ups,TLD,ups,2,0
vacations,TLD,"*.vacations",2,0
vacations,TLD,vacations,2,0
vana,TLD,"*.vana",2,0
vana,TLD,vana,2,0
vanguard,TLD,"*.vanguard",2,0
vanguard,TLD,vanguard,2,0
vegas,TLD,"*.vegas",2,0
vegas,TLD,vegas,2,0
ventures,TLD,"*.ventures",2,0
ventures,TLD,ventures,2,0
verisign,TLD,"*.verisign",2,0
verisign,TLD,verisign,2,0
versicherung,TLD,"*.versicherung",2,0
versicherung,TLD,versicherung,2,0
vet,TLD,"*.vet",2,0
vet,TLD,vet,2,0
viajes,TLD,"*.viajes",2,0
viajes,TLD,viajes,2,0
video,TLD,"*.video",2,0
video,TLD,video,2,0
vig,TLD,"*.vig",2,0
vig,TLD,vig,2,0
viking,TLD,"*.viking",2,0
viking,TLD,viking,2,0
villas,TLD,"*.villas",2,0
villas,TLD,villas,2,0
vin,TLD,"*.vin",2,0
vin,TLD,vin,2,0
vip,TLD,"*.vip",2,0
vip,TLD,vip,2,0
virgin,TLD,"*.virgin",2,0
virgin,TLD,virgin,2,0
visa,TLD,"*.visa",2,0
visa,TLD,visa,2,0
vision,TLD,"*.vision",2,0
vision,TLD,vision,2,0
viva,TLD,"*.viva",2,0
viva,TLD,viva,2,0
vivo,TLD,"*.vivo",2,0
vivo,TLD,vivo,2,0
vlaanderen,TLD,"*.vlaanderen",2,0
vlaanderen,TLD,vlaanderen,2,0
vodka,TLD,"*.vodka",2,0
vodka,TLD,vodka,2,0
volvo,TLD,"*.volvo",2,0
volvo,TLD,volvo,2,0
vote,TLD,"*.vote",2,0
vote,TLD,vote,2,0
voting,TLD,"*.voting",2,0
voting,TLD,voting,2,0
voto,TLD,"*.voto",2,0
voto,TLD,voto,2,0
voyage,TLD,"*.voyage",2,0
voyage,TLD,voyage,2,0
wales,TLD,"*.wales",2,0
wales,TLD,wales,2,0
walmart,TLD,"*.walmart",2,0
walmart,TLD,walmart,2,0
walter,TLD,"*.walter",2,0
walter,TLD,walter,2,0
wang,TLD,"*.wang",2,0
wang,TLD,wang,2,0
wanggou,TLD,"*.wanggou",2,0
wanggou,TLD,wanggou,2,0
watch,TLD,"*.watch",2,0
watch,TLD,watch,2,0
watches,TLD,"*.watches",2,0
watches,TLD,watches,2,0
weather,TLD,"*.weather",2,0
weather,TLD,weather,2,0
weatherchannel,TLD,"*.weatherchannel",2,0
weatherchannel,TLD,weatherchannel,2,0
webcam,TLD,"*.webcam",2,0
webcam,TLD,webcam,2,0
weber,TLD,"*.weber",2,0
weber,TLD,weber,2,0
website,TLD,"*.website",2,0
website,TLD,website,2,0
wed,TLD,"*.wed",2,0
wed,TLD,wed,2,0
wedding,TLD,"*.wedding",2,0
wedding,TLD,wedding,2,0
weibo,TLD,"*.weibo",2,0
weibo,TLD,weibo,2,0
weir,TLD,"*.weir",2,0
weir,TLD,weir,2,0
whoswho,TLD,"*.whoswho",2,0
whoswho,TLD,whoswho,2,0
wien,TLD,"*.wien",2,0
wien,TLD,wien,2,0
wiki,TLD,"*.wiki",2,0
wiki,TLD,wiki,2,0
williamhill,TLD,"*.williamhill",2,0
williamhill,TLD,williamhill,2,0
win,TLD,"*.win",2,0
win,TLD,win,2,0
windows,TLD,"*.windows",2,0
windows,TLD,windows,2,0
wine,TLD,"*.wine",2,0
wine,TLD,wine,2,0
winners,TLD,"*.winners",2,0
winners,TLD,winners,2,0
wme,TLD,"*.wme",2,0
wme,TLD,wme,2,0
wolterskluwer,TLD,"*.wolterskluwer",2,0
wolterskluwer,TLD,wolterskluwer,2,0
woodside,TLD,"*.woodside",2,0
woodside,TLD,woodside,2,0
work,TLD,"*.work",2,0
work,TLD,work,2,0
works,TLD,"*.works",2,0
works,TLD,works,2,0
world,TLD,"*.world",2,0
world,TLD,world,2,0
wow,TLD,"*.wow",2,0
wow,TLD,wow,2,0
wtc,TLD,"*.wtc",2,0
wtc,TLD,wtc,2,0
wtf,TLD,"*.wtf",2,0
wtf,TLD,wtf,2,0
xbox,TLD,"*.xbox",2,0
xbox,TLD,xbox,2,0
xerox,TLD,"*.xerox",2,0
xerox,TLD,xerox,2,0
xihuan,TLD,"*.xihuan",2,0
xihuan,TLD,xihuan,2,0
xin,TLD,"*.xin",2,0
xin,TLD,xin,2,0
"कॉम",TLD,"*.कॉम",2,0
"कॉम",TLD,"कॉम",2,0
"कॉम",TLD,"*.xn--11b4c3d",2,0
"कॉम",TLD,"xn--11b4c3d",2,0
"セール",TLD,"*.セール",2,0
"セール",TLD,"セール",2,0
"セール",TLD,"*.xn--1ck2e1b",2,0
"セール",TLD,"xn--1ck2e1b",2,0
"佛山",TLD,"*.佛山",2,0
"佛山",TLD,"佛山",2,0
"佛山",TLD,"*.xn--1qqw23a",2,0
"佛山",TLD,"xn--1qqw23a",2,0
"慈善",TLD,"*.慈善",2,0
"慈善",TLD,"慈善",2,0
"慈善",TLD,"*.xn--30rr7y",2,0
"慈善",TLD,"xn--30rr7y",2,0
"集团",TLD,"*.集团",2,0
"集团",TLD,"集团",2,0
"集团",TLD,"*.xn--3bst00m",2,0
"集团",TLD,"xn--3bst00m",2,0
"在线",TLD,"*.在线",2,0
"在线",TLD,"在线",2,0
"在线",TLD,"*.xn--3ds443g",2,0
"在线",TLD,"xn--3ds443g",2,0
"点看",TLD,"*.点看",2,0
"点看",TLD,"点看",2,0
"点看",TLD,"*.xn--3pxu8k",2,0
"点看",TLD,"xn--3pxu8k",2,0
"คอม",TLD,"*.คอม",2,0
"คอม",TLD,"คอม",2,0
"คอม",TLD,"*.xn--42c2d9a",2,0
"คอม",TLD,"xn--42c2d9a",2,0
"八卦",TLD,"*.八卦",2,0
"八卦",TLD,"八卦",2,0
"八卦",TLD,"*.xn--45q11c",2,0
"八卦",TLD,"xn--45q11c",2,0
"موقع",TLD,"*.موقع",2,0
"موقع",TLD,"موقع",2,0
"موقع",TLD,"*.xn--4gbrim",2,0
"موقع",TLD,"xn--4gbrim",2,0
"公益",TLD,"*.公益",2,0
"公益",TLD,"公益",2,0
"公益",TLD,"*.xn--55qw42g",2,0
"公益",TLD,"xn--55qw42g",2,0
"公司",TLD,"*.公司",2,0
"公司",TLD,"公司",2,0
"公司",TLD,"*.xn--55qx5d",2,0
"公司",TLD,"xn--55qx5d",2,0
"香格里拉",TLD,"*.香格里拉",2,0
"香格里拉",TLD,"香格里拉",2,0
"香格里拉",TLD,"*.xn--5su34j936bgsg",2,0
"香格里拉",TLD,"xn--5su34j936bgsg",2,0
"网站",TLD,"*.网站",2,0
"网站",TLD,"网站",2,0
"网站",TLD,"*.xn--5tzm5g",2,0
"网站",TLD,"xn--5tzm5g",2,0
"移动",TLD,"*.移动",2,0
"移动",TLD,"移动",2,0
"移动",TLD,"*.xn--6frz82g",2,0
"移动",TLD,"xn--6frz82g",2,0
"我爱你",TLD,"*.我爱你",2,0
"我爱你",TLD,"我爱你",2,0
"我爱你",TLD,"*.xn--6qq986b3xl",2,0
"我爱你",TLD,"xn--6qq986b3xl",2,0
"москва",TLD,"*.москва",2,0
"москва",TLD,"москва",2,0
"москва",TLD,"*.xn--80adxhks",2,0
"москва",TLD,"xn--80adxhks",2,0
"католик",TLD,"*.католик",2,0
"католик",TLD,"католик",2,0
"католик",TLD,"*.xn--80aqecdr1a",2,0
"католик",TLD,"xn--80aqecdr1a",2,0
"онлайн",TLD,"*.онлайн",2,0
"онлайн",TLD,"онлайн",2,0
"онлайн",TLD,"*.xn--80asehdb",2,0
"онлайн",TLD,"xn--80asehdb",2,0
"сайт",TLD,"*.сайт",2,0
"сайт",TLD,"сайт",2,0
"сайт",TLD,"*.xn--80aswg",2,0
"сайт",TLD,"xn--80aswg",2,0
"联通",TLD,"*.联通",2,0
"联通",TLD,"联通",2,0
"联通",TLD,"*.xn--8y0a063a",2,0
"联通",TLD,"xn--8y0a063a",2,0
"קום",TLD,"*.קום",2,0
"קום",TLD,"קום",2,0
"קום",TLD,"*.xn--9dbq2a",2,0
"קום",TLD,"xn--9dbq2a",2,0
"时尚",TLD,"*.时尚",2,0
"时尚",TLD,"时尚",2,0
"时尚",TLD,"*.xn--9et52u",2,0
"时尚",TLD,"xn--9et52u",2,0
"微博",TLD,"*.微博",2,0
"微博",TLD,"微博",2,0
"微博",TLD,"*.xn--9krt00a",2,0
"微博",TLD,"xn--9krt00a",2,0
"淡马锡",TLD,"*.淡马锡",2,0
"淡马锡",TLD,"淡马锡",2,0
"淡马锡",TLD,"*.xn--b4w605ferd",2,0
"淡马锡",TLD,"xn--b4w605ferd",2,0
"ファッション",TLD,"*.ファッション",2,0
"ファッション",TLD,"ファッション",2,0
"ファッション",TLD,"*.xn--bck1b9a5dre4c",2,0
"ファッション",TLD,"xn--bck1b9a5dre4c",2,0
"орг",TLD,"*.орг",2,0
"орг",TLD,"орг",2,0
"орг",TLD,"*.xn--c1avg",2,0
"орг",TLD,"xn--c1avg",2,0
"नेट",TLD,"*.नेट",2,0
"नेट",TLD,"नेट",2,0
"नेट",TLD,"*.xn--c2br7g",2,0
"नेट",TLD,"xn--c2br7g",2,0
"ストア",TLD,"*.ストア",2,0
"ストア",TLD,"ストア",2,0
"ストア",TLD,"*.xn--cck2b3b",2,0
"ストア",TLD,"xn--cck2b3b",2,0
"アマゾン",TLD,"*.アマゾン",2,0
"アマゾン",TLD,"アマゾン",2,0
"アマゾン",TLD,"*.xn--cckwcxetd",2,0
"アマゾン",TLD,"xn--cckwcxetd",2,0
"삼성",TLD,"*.삼성",2,0
"삼성",TLD,"삼성",2,0
"삼성",TLD,"*.xn--cg4bki",2,0
"삼성",TLD,"xn--cg4bki",2,0
"商标",TLD,"*.商标",2,0
"商标",TLD,"商标",2,0
"商标",TLD,"*.xn--czr694b",2,0
"商标",TLD,"xn--czr694b",2,0
"商店",TLD,"*.商店",2,0
"商店",TLD,"商店",2,0
"商店",TLD,"*.xn--czrs0t",2,0
"商店",TLD,"xn--czrs0t",2,0
"商城",TLD,"*.商城",2,0
"商城",TLD,"商城",2,0
"商城",TLD,"*.xn--czru2d",2,0
"商城",TLD,"xn--czru2d",2,0
"дети",TLD,"*.дети",2,0
"дети",TLD,"дети",2,0
"дети",TLD,"*.xn--d1acj3b",2,0
"дети",TLD,"xn--d1acj3b",2,0
"ポイント",TLD,"*.ポイント",2,0
"ポイント",TLD,"ポイント",2,0
"ポイント",TLD,"*.xn--eckvdtc9d",2,0
"ポイント",TLD,"xn--eckvdtc9d",2,0
"新闻",TLD,"*.新闻",2,0
"新闻",TLD,"新闻",2,0
"新闻",TLD,"*.xn--efvy88h",2,0
"新闻",TLD,"xn--efvy88h",2,0
"家電",TLD,"*.家電",2,0
"家電",TLD,"家電",2,0
"家電",TLD,"*.xn--fct429k",2,0
"家電",TLD,"xn--fct429k",2,0
"كوم",TLD,"*.كوم",2,0
"كوم",TLD,"كوم",2,0
"كوم",TLD,"*.xn--fhbei",2,0
"كوم",TLD,"xn--fhbei",2,0
"中文网",TLD,"*.中文网",2,0
"中文网",TLD,"中文网",2,0
"中文网",TLD,"*.xn--fiq228c5hs",2,0
"中文网",TLD,"xn--fiq228c5hs",2,0
"中信",TLD,"*.中信",2,0
"中信",TLD,"中信",2,0
"中信",TLD,"*.xn--fiq64b",2,0
"中信",TLD,"xn--fiq64b",2,0
"娱乐",TLD,"*.娱乐",2,0
"娱乐",TLD,"娱乐",2,0
"娱乐",TLD,"*.xn--fjq720a",2,0
"娱乐",TLD,"xn--fjq720a",2,0
"谷歌",TLD,"*.谷歌",2,0
"谷歌",TLD,"谷歌",2,0
"谷歌",TLD,"*.xn--flw351e",2,0
"谷歌",TLD,"xn--flw351e",2,0
"電訊盈科",TLD,"*.電訊盈科",2,0
"電訊盈科",TLD,"電訊盈科",2,0
"電訊盈科",TLD,"*.xn--fzys8d69uvgm",2,0
"電訊盈科",TLD,"xn--fzys8d69uvgm",2,0
"购物",TLD,"*.购物",2,0
"购物",TLD,"购物",2,0
"购物",TLD,"*.xn--g2xx48c",2,0
"购物",TLD,"xn--g2xx48c",2,0
"クラウド",TLD,"*.クラウド",2,0
"クラウド",TLD,"クラウド",2,0
"クラウド",TLD,"*.xn--gckr3f0f",2,0
"クラウド",TLD,"xn--gckr3f0f",2,0
"通販",TLD,"*.通販",2,0
"通販",TLD,"通販",2,0
"通販",TLD,"*.xn--gk3at1e",2,0
"通販",TLD,"xn--gk3at1e",2,0
"网店",TLD,"*.网店",2,0
"网店",TLD,"网店",2,0
"网店",TLD,"*.xn--hxt814e",2,0
"网店",TLD,"xn--hxt814e",2,0
"संगठन",TLD,"*.संगठन",2,0
"संगठन",TLD,"संगठन",2,0
"संगठन",TLD,"*.xn--i1b6b1a6a2e",2,0
"संगठन",TLD,"xn--i1b6b1a6a2e",2,0
"餐厅",TLD,"*.餐厅",2,0
"餐厅",TLD,"餐厅",2,0
"餐厅",TLD,"*.xn--imr513n",2,0
"餐厅",TLD,"xn--imr513n",2,0
"网络",TLD,"*.网络",2,0
"网络",TLD,"网络",2,0
"网络",TLD,"*.xn--io0a7i",2,0
"网络",TLD,"xn--io0a7i",2,0
"ком",TLD,"*.ком",2,0
"ком",TLD,"ком",2,0
"ком",TLD,"*.xn--j1aef",2,0
"ком",TLD,"xn--j1aef",2,0
"亚马逊",TLD,"*.亚马逊",2,0
"亚马逊",TLD,"亚马逊",2,0
"亚马逊",TLD,"*.xn--jlq480n2rg",2,0
"亚马逊",TLD,"xn--jlq480n2rg",2,0
"食品",TLD,"*.食品",2,0
"食品",TLD,"食品",2,0
"食品",TLD,"*.xn--jvr189m",2,0
"食品",TLD,"xn--jvr189m",2,0
"飞利浦",TLD,"*.飞利浦",2,0
"飞利浦",TLD,"飞利浦",2,0
"飞利浦",TLD,"*.xn--kcrx77d1x4a",2,0
"飞利浦",TLD,"xn--kcrx77d1x4a",2,0
"手机",TLD,"*.手机",2,0
"手机",TLD,"手机",2,0
"手机",TLD,"*.xn--kput3i",2,0
"手机",TLD,"xn--kput3i",2,0
"ارامكو",TLD,"*.ارامكو",2,0
"ارامكو",TLD,"ارامكو",2,0
"ارامكو",TLD,"*.xn--mgba3a3ejt",2,0
"ارامكو",TLD,"xn--mgba3a3ejt",2,0
"العليان",TLD,"*.العليان",2,0
"العليان",TLD,"العليان",2,0
"العليان",TLD,"*.xn--mgba7c0bbn0a",2,0
"العليان",TLD,"xn--mgba7c0bbn0a",2,0
"بازار",TLD,"*.بازار",2,0
"بازار",TLD,"بازار",2,0
"بازار",TLD,"*.xn--mgbab2bd",2,0
"بازار",TLD,"xn--mgbab2bd",2,0
"ابوظبي",TLD,"*.ابوظبي",2,0
"ابوظبي",TLD,"ابوظبي",2,0
"ابوظبي",TLD,"*.xn--mgbca7dzdo",2,0
"ابوظبي",TLD,"xn--mgbca7dzdo",2,0
"كاثوليك",TLD,"*.كاثوليك",2,0
"كاثوليك",TLD,"كاثوليك",2,0
"كاثوليك",TLD,"*.xn--mgbi4ecexp",2,0
"كاثوليك",TLD,"xn--mgbi4ecexp",2,0
"همراه",TLD,"*.همراه",2,0
"همراه",TLD,"همراه",2,0
"همراه",TLD,"*.xn--mgbt3dhd",2,0
"همراه",TLD,"xn--mgbt3dhd",2,0
"닷컴",TLD,"*.닷컴",2,0
"닷컴",TLD,"닷컴",2,0
"닷컴",TLD,"*.xn--mk1bu44c",2,0
"닷컴",TLD,"xn--mk1bu44c",2,0
"政府",TLD,"*.政府",2,0
"政府",TLD,"政府",2,0
"政府",TLD,"*.xn--mxtq1m",2,0
"政府",TLD,"xn--mxtq1m",2,0
"شبكة",TLD,"*.شبكة",2,0
"شبكة",TLD,"شبكة",2,0
"شبكة",TLD,"*.xn--ngbc5azd",2,0
"شبكة",TLD,"xn--ngbc5azd",2,0
"بيتك",TLD,"*.بيتك",2,0
"بيتك",TLD,"بيتك",2,0
"بيتك",TLD,"*.xn--ngbe9e0a",2,0
"بيتك",TLD,"xn--ngbe9e0a",2,0
"عرب",TLD,"*.عرب",2,0
"عرب",TLD,"عرب",2,0
"عرب",TLD,"*.xn--ngbrx",2,0
"عرب",TLD,"xn--ngbrx",2,0
"机构",TLD,"*.机构",2,0
"机构",TLD,"机构",2,0
"机构",TLD,"*.xn--nqv7f",2,0
"机构",TLD,"xn--nqv7f",2,0
"组织机构",TLD,"*.组织机构",2,0
"组织机构",TLD,"组织机构",2,0
"组织机构",TLD,"*.xn--nqv7fs00ema",2,0
"组织机构",TLD,"xn--nqv7fs00ema",2,0
"健康",TLD,"*.健康",2,0
"健康",TLD,"健康",2,0
"健康",TLD,"*.xn--nyqy26a",2,0
"健康",TLD,"xn--nyqy26a",2,0
"招聘",TLD,"*.招聘",2,0
"招聘",TLD,"招聘",2,0
"招聘",TLD,"*.xn--otu796d",2,0
"招聘",TLD,"xn--otu796d",2,0
"рус",TLD,"*.рус",2,0
"рус",TLD,"рус",2,0
"рус",TLD,"*.xn--p1acf",2,0
"рус",TLD,"xn--p1acf",2,0
"大拿",TLD,"*.大拿",2,0
"大拿",TLD,"大拿",2,0
"大拿",TLD,"*.xn--pssy2u",2,0
"大拿",TLD,"xn--pssy2u",2,0
"みんな",TLD,"*.みんな",2,0
"みんな",TLD,"みんな",2,0
"みんな",TLD,"*.xn--q9jyb4c",2,0
"みんな",TLD,"xn--q9jyb4c",2,0
"グーグル",TLD,"*.グーグル",2,0
"グーグル",TLD,"グーグル",2,0
"グーグル",TLD,"*.xn--qcka1pmc",2,0
"グーグル",TLD,"xn--qcka1pmc",2,0
"世界",TLD,"*.世界",2,0
"世界",TLD,"世界",2,0
"世界",TLD,"*.xn--rhqv96g",2,0
"世界",TLD,"xn--rhqv96g",2,0
"書籍",TLD,"*.書籍",2,0
"書籍",TLD,"書籍",2,0
"書籍",TLD,"*.xn--rovu88b",2,0
"書籍",TLD,"xn--rovu88b",2,0
"网址",TLD,"*.网址",2,0
"网址",TLD,"网址",2,0
"网址",TLD,"*.xn--ses554g",2,0
"网址",TLD,"xn--ses554g",2,0
"닷넷",TLD,"*.닷넷",2,0
"닷넷",TLD,"닷넷",2,0
"닷넷",TLD,"*.xn--t60b56a",2,0
"닷넷",TLD,"xn--t60b56a",2,0
"コム",TLD,"*.コム",2,0
"コム",TLD,"コム",2,0
"コム",TLD,"*.xn--tckwe",2,0
"コム",TLD,"xn--tckwe",2,0
"天主教",TLD,"*.天主教",2,0
"天主教",TLD,"天主教",2,0
"天主教",TLD,"*.xn--tiq49xqyj",2,0
"天主教",TLD,"xn--tiq49xqyj",2,0
"游戏",TLD,"*.游戏",2,0
"游戏",TLD,"游戏",2,0
"游戏",TLD,"*.xn--unup4y",2,0
"游戏",TLD,"xn--unup4y",2,0
"vermögensberater",TLD,"*.vermögensberater",2,0
"vermögensberater",TLD,"vermögensberater",2,0
"vermögensberater",TLD,"*.xn--vermgensberater-ctb",2,0
"vermögensberater",TLD,"xn--vermgensberater-ctb",2,0
"vermögensberatung",TLD,"*.vermögensberatung",2,0
"vermögensberatung",TLD,"vermögensberatung",2,0
"vermögensberatung",TLD,"*.xn--vermgensberatung-pwb",2,0
"vermögensberatung",TLD,"xn--vermgensberatung-pwb",2,0
"企业",TLD,"*.企业",2,0
"企业",TLD,"企业",2,0
"企业",TLD,"*.xn--vhquv",2,0
"企业",TLD,"xn--vhquv",2,0
"信息",TLD,"*.信息",2,0
"信息",TLD,"信息",2,0
"信息",TLD,"*.xn--vuq861b",2,0
"信息",TLD,"xn--vuq861b",2,0
"嘉里大酒店",TLD,"*.嘉里大酒店",2,0
"嘉里大酒店",TLD,"嘉里大酒店",2,0
"嘉里大酒店",TLD,"*.xn--w4r85el8fhu5dnra",2,0
"嘉里大酒店",TLD,"xn--w4r85el8fhu5dnra",2,0
"嘉里",TLD,"*.嘉里",2,0
"嘉里",TLD,"嘉里",2,0
"嘉里",TLD,"*.xn--w4rs40l",2,0
"嘉里",TLD,"xn--w4rs40l",2,0
"广东",TLD,"*.广东",2,0
"广东",TLD,"广东",2,0
"广东",TLD,"*.xn--xhq521b",2,0
"广东",TLD,"xn--xhq521b",2,0
"政务",TLD,"*.政务",2,0
"政务",TLD,"政务",2,0
"政务",TLD,"*.xn--zfr164b",2,0
"政务",TLD,"xn--zfr164b",2,0
xyz,TLD,"*.xyz",2,0
xyz,TLD,xyz,2,0
yachts,TLD,"*.yachts",2,0
yachts,TLD,yachts,2,0
yahoo,TLD,"*.yahoo",2,0
yahoo,TLD,yahoo,2,0
yamaxun,TLD,"*.yamaxun",2,0
yamaxun,TLD,yamaxun,2,0
yandex,TLD,"*.yandex",2,0
yandex,TLD,yandex,2,0
yodobashi,TLD,"*.yodobashi",2,0
yodobashi,TLD,yodobashi,2,0
yoga,TLD,"*.yoga",2,0
yoga,TLD,yoga,2,0
yokohama,TLD,"*.yokohama",2,0
yokohama,TLD,yokohama,2,0
you,TLD,"*.you",2,0
you,TLD,you,2,0
youtube,TLD,"*.youtube",2,0
youtube,TLD,youtube,2,0
yun,TLD,"*.yun",2,0
yun,TLD,yun,2,0
zappos,TLD,"*.zappos",2,0
zappos,TLD,zappos,2,0
zara,TLD,"*.zara",2,0
zara,TLD,zara,2,0
zero,TLD,"*.zero",2,0
zero,TLD,zero,2,0
zip,TLD,"*.zip",2,0
zip,TLD,zip,2,0
zone,TLD,"*.zone",2,0
zone,TLD,zone,2,0
zuerich,TLD,"*.zuerich",2,0
zuerich,TLD,zuerich,2,0
"*.*",UNKNOWN,"*.*",2,"-1"
